PSD_0.0Hz,PSD_25.0Hz,PSD_50.0Hz,Emotion
226.935,1557.766667,1329.081667,Happy
77.76,691.1233333,612.06,Happy
70.72666667,627.5333333,556.8066667,Happy
37.00166667,441.0141667,403.44,Happy
11.48166667,230.3541667,218.4066667,Happy
3.84,92.61666667,88.16666667,Happy
1.926666667,61.35,58.90666667,Happy
1.306666667,51.43083333,49.88166667,Happy
1.706666667,49.5375,47.60166667,Happy
0.96,36.20416667,35.04166667,Happy
0.24,19.68,19.44,Happy
2.666666667,6.050833333,3.375,Happy
4.335,16.37666667,12.04166667,Happy
6.406666667,32.24333333,25.62666667,Happy
4.681666667,17.6475,12.90666667,Happy
2.801666667,10.55416667,7.706666667,Happy
1.706666667,6.424166667,4.681666667,Happy
1.041666667,3.9,2.801666667,Happy
0.601666667,2.246666667,1.601666667,Happy
0.326666667,1.224166667,0.881666667,Happy
0.001666667,0.1875,0.166666667,Happy
0.06,1.186666667,1.126666667,Happy
14.10666667,146.0166667,132.54,Happy
70.72666667,627.5333333,556.8066667,Happy
37.00166667,441.0141667,403.44,Happy
11.48166667,230.3541667,218.4066667,Happy
3.84,92.61666667,88.16666667,Happy
1.926666667,61.35,58.90666667,Happy
1.306666667,51.43083333,49.88166667,Happy
1.706666667,49.5375,47.60166667,Happy
0.96,36.20416667,35.04166667,Happy
0.24,19.68,19.44,Happy
2.666666667,6.050833333,3.375,Happy
4.335,16.37666667,12.04166667,Happy
6.406666667,32.24333333,25.62666667,Happy
4.681666667,17.6475,12.90666667,Happy
2.801666667,10.55416667,7.706666667,Happy
1.706666667,6.424166667,4.681666667,Happy
1.041666667,3.9,2.801666667,Happy
0.601666667,2.246666667,1.601666667,Happy
0.326666667,1.224166667,0.881666667,Happy
0.001666667,0.1875,0.166666667,Happy
0.06,1.186666667,1.126666667,Happy
14.10666667,146.0166667,132.54,Happy
70.72666667,627.5333333,556.8066667,Happy
37.00166667,441.0141667,403.44,Happy
11.48166667,230.3541667,218.4066667,Happy
3.84,92.61666667,88.16666667,Happy
1.926666667,61.35,58.90666667,Happy
1.306666667,51.43083333,49.88166667,Happy
1.706666667,49.5375,47.60166667,Happy
0.96,36.20416667,35.04166667,Happy
0.24,19.68,19.44,Happy
2.666666667,6.050833333,3.375,Happy
4.335,16.37666667,12.04166667,Happy
6.406666667,32.24333333,25.62666667,Happy
4.681666667,17.6475,12.90666667,Happy
2.801666667,10.55416667,7.706666667,Happy
1.706666667,6.424166667,4.681666667,Happy
1.041666667,3.9,2.801666667,Happy
0.601666667,2.246666667,1.601666667,Happy
0.326666667,1.224166667,0.881666667,Happy
0.001666667,0.1875,0.166666667,Happy
0.06,1.186666667,1.126666667,Happy
14.10666667,146.0166667,132.54,Happy
199.5266667,1289.176667,1088.106667,Happy
217.2016667,1686.736667,1469.535,Happy
171.735,1518.736667,1347.001667,Happy
117.9266667,1154.576667,1034.906667,Happy
204.1666667,1134.844167,930.015,Happy
151.0016667,1061.203333,910.2016667,Happy
136.3266667,1117.610833,980.4816667,Happy
135.375,1275.256667,1139.881667,Happy
117.9266667,1280.9175,1162.041667,Happy
85.12666667,1104.333333,1019.206667,Happy
0.96,36.20416667,35.04166667,Happy
0.24,19.68,19.44,Happy
2.666666667,6.050833333,3.375,Happy
4.335,16.37666667,12.04166667,Happy
6.406666667,32.24333333,25.62666667,Happy
4.681666667,17.6475,12.90666667,Happy
2.801666667,10.55416667,7.706666667,Happy
1.706666667,6.424166667,4.681666667,Happy
1.041666667,3.9,2.801666667,Happy
0.601666667,2.246666667,1.601666667,Happy
0.326666667,1.224166667,0.881666667,Happy
0.001666667,0.1875,0.166666667,Happy
0.06,1.186666667,1.126666667,Happy
14.10666667,146.0166667,132.54,Happy
0.96,36.20416667,35.04166667,Happy
0.24,19.68,19.44,Happy
3.375,44.12083333,40.56,Happy
266.6666667,2078.6775,1813.081667,Happy
558.735,595.7366667,37.00166667,Happy
1019.206667,2848.83,1830.506667,Happy
318.2816667,753.3608333,433.5,Happy
576.24,592.4308333,17.00166667,Happy
145.0416667,146.3533333,0.281666667,Happy
235.6266667,393.51,160.1666667,Happy
30.375,435.4566667,405.0816667,Happy
0.006666667,1261.506667,1261.5,Happy
264.0066667,297.7233333,34.56,Happy
384.0,462.0441667,78.48166667,Happy
254.8016667,433.0166667,178.215,Happy
741.4816667,3720.763333,2979.281667,Happy
1058.681667,1756.363333,697.6816667,Happy
91.26,1117.384167,1027.041667,Happy
420.0066667,453.4908333,34.08166667,Happy
198.375,2594.376667,2396.001667,Happy
390.4266667,458.9041667,67.335,Happy
9.375,101.4166667,92.04166667,Happy
152.0066667,885.63,734.8266667,Happy
8.401666667,241.7666667,234.375,Happy
995.8816667,1294.096667,298.215,Happy
343.5266667,1817.816667,1472.666667,Happy
661.5,3722.750833,3060.041667,Happy
272.0266667,282.1633333,11.20666667,Happy
172.8066667,2071.363333,1901.04,Happy
1029.66,2245.186667,1215.526667,Happy
8.64,1715.546667,1706.906667,Happy
0.666666667,933.1733333,932.5066667,Happy
250.9066667,1753.203333,1504.166667,Happy
115.2816667,245.0733333,129.735,Happy
710.6816667,1112.483333,401.8016667,Happy
365.04,377.6108333,13.20166667,Happy
22.815,993.0966667,970.2816667,Happy
763.8816667,2166.166667,1401.481667,Happy
100.0416667,119.1233333,19.08166667,Happy
71.415,212.2733333,139.2016667,Happy
450.6666667,547.0041667,96.80166667,Happy
642.735,647.7766667,5.041666667,Happy
318.2816667,319.7808333,0.806666667,Happy
311.04,731.1641667,421.6816667,Happy
406.7266667,424.71,16.66666667,Happy
403.44,4080.456667,3680.326667,Happy
184.815,1543.83,1359.015,Happy
667.815,1203.63,535.815,Happy
745.935,809.1741667,64.02666667,Happy
342.015,1095.020833,752.64,Happy
549.1266667,628.3333333,79.20666667,Happy
30.82666667,1449.3975,1419.881667,Happy
172.8066667,1395.9975,1224.081667,Happy
1347.001667,2611.5,1264.401667,Happy
146.0266667,1209.043333,1061.34,Happy
54.60166667,1709.320833,1653.36,Happy
12.04166667,273.6866667,260.0416667,Happy
22.815,413.8541667,390.4266667,Happy
12.04166667,1236.123333,1224.081667,Happy
0.015,17.01666667,17.00166667,Happy
198.375,2345.416667,2147.041667,Happy
160.1666667,1000.333333,840.1666667,Happy
1617.041667,3194.966667,1577.881667,Happy
10.40166667,208.7766667,198.375,Happy
1466.406667,3541.576667,2075.76,Happy
7.935,84.03333333,75.615,Happy
36.015,42.35333333,7.041666667,Happy
428.415,1002.433333,574.2816667,Happy
0.54,2.670833333,2.041666667,Happy
1.706666667,44.37333333,42.66666667,Happy
252.2016667,1075.883333,823.6816667,Happy
39.015,75.03,36.015,Happy
113.535,360.5766667,247.0416667,Happy
3.375,1032.886667,1032.281667,Happy
217.2016667,2254.6875,2038.726667,Happy
52.80666667,294.15,240.6666667,Happy
495.0416667,3097.393333,2600.001667,Happy
440.3266667,439.7308333,0.281666667,Happy
319.74,1117.003333,798.1066667,Happy
58.28166667,461.1,405.0816667,Happy
303.8816667,439.2566667,135.375,Happy
393.66,2427.670833,2035.041667,Happy
715.0416667,831.8541667,116.16,Happy
413.34,2452.066667,2038.726667,Happy
438.615,827.3808333,390.4266667,Happy
8.881666667,816.4866667,805.0416667,Happy
75.615,102.7808333,27.30666667,Happy
957.6066667,3645.773333,2688.166667,Happy
977.9266667,1329.576667,352.6666667,Happy
285.66,325.7908333,41.08166667,Happy
4.166666667,931.6933333,927.5266667,Happy
1264.401667,3373.776667,2109.375,Happy
420.0066667,963.5241667,543.4016667,Happy
384.0,1498.083333,1115.206667,Happy
43.20166667,358.5766667,315.375,Happy
604.0066667,2423.310833,1820.041667,Happy
358.8266667,3892.053333,3533.226667,Happy
646.8816667,2444.7,1799.201667,Happy
830.7266667,2180.083333,1350.0,Happy
3.375,92.00083333,88.16666667,Happy
1027.041667,2663.843333,1636.801667,Happy
10.40166667,1089.234167,1077.36,Happy
545.3066667,560.4033333,17.34,Happy
447.2066667,3551.170833,3105.375,Happy
47.04,243.6833333,194.94,Happy
539.6016667,3789.0075,3248.026667,Happy
29.04,309.6708333,281.535,Happy
108.375,1063.456667,955.0816667,Happy
360.375,361.7208333,0.54,Happy
554.8816667,961.7475,406.7266667,Happy
354.2016667,378.6033333,24.40166667,Happy
517.0816667,1895.393333,1377.135,Happy
204.1666667,429.8166667,225.7066667,Happy
17.68166667,484.0833333,466.4016667,Happy
210.0416667,261.9608333,52.80666667,Happy
0.481666667,336.4833333,336.0016667,Happy
745.935,1855.940833,1109.76,Happy
844.9066667,1199.816667,355.74,Happy
62.08166667,260.4566667,198.375,Happy
244.4816667,589.5233333,345.0416667,Happy
305.3066667,502.5333333,197.2266667,Happy
244.4816667,914.8275,669.9266667,Happy
40.04166667,41.65416667,1.926666667,Happy
289.815,688.1133333,395.2816667,Happy
708.5066667,1900.723333,1192.86,Happy
871.215,3060.780833,2188.86,Happy
18.72666667,33.45333333,14.72666667,Happy
294.0,697.44,403.44,Happy
1215.526667,2707.053333,1491.526667,Happy
691.2266667,974.1333333,282.9066667,Happy
12.32666667,1120.870833,1107.041667,Happy
478.8266667,3030.2775,2550.281667,Happy
348.0816667,350.0541667,2.666666667,Happy
57.66,413.4,355.74,Happy
315.375,3686.966667,3374.881667,Happy
257.415,2799.456667,2542.041667,Happy
4.335,138.3741667,134.4266667,Happy
280.1666667,315.6508333,35.04166667,Happy
489.6066667,1543.404167,1053.375,Happy
330.0416667,3402.166667,3069.081667,Happy
1383.201667,3603.134167,2219.526667,Happy
464.64,3032.630833,2566.801667,Happy
319.74,1497.870833,1178.801667,Happy
61.44,64.36333333,2.406666667,Happy
158.1066667,225.9375,68.68166667,Happy
1148.166667,1720.493333,572.3266667,Happy
471.7066667,1018.990833,547.215,Happy
11.20666667,623.2666667,612.06,Happy
1463.281667,2870.883333,1407.601667,Happy
1620.326667,2888.016667,1267.306667,Happy
871.215,947.1266667,74.20166667,Happy
24.80666667,64.33333333,39.52666667,Happy
296.8066667,2219.266667,1922.46,Happy
185.9266667,797.9866667,612.06,Happy
70.72666667,856.6566667,788.9066667,Happy
520.8016667,529.8808333,10.14,Happy
4.681666667,20.94083333,16.00666667,Happy
81.40166667,101.9366667,20.535,Happy
180.4016667,711.66,532.0416667,Happy
132.54,1796.816667,1666.666667,Happy
482.4066667,2565.613333,2083.206667,Happy
689.0816667,2246.486667,1558.481667,Happy
169.6016667,185.9366667,16.335,Happy
248.3266667,457.1866667,208.86,Happy
303.8816667,407.5141667,102.5066667,Happy
9.126666667,766.2533333,757.1266667,Happy
102.5066667,273.4166667,172.8066667,Happy
262.6816667,479.7666667,219.615,Happy
812.0066667,1560.173333,748.1666667,Happy
108.375,833.5266667,728.2016667,Happy
702.0016667,1163.334167,461.1266667,Happy
1.215,1089.233333,1090.801667,Happy
413.34,2069.190833,1656.681667,Happy
363.4816667,413.2066667,47.60166667,Happy
236.8816667,1967.483333,1730.601667,Happy
393.66,2045.323333,1653.36,Happy
148.0066667,163.4166667,14.10666667,Happy
4.86,643.2833333,640.6666667,Happy
844.9066667,950.8241667,106.6816667,Happy
1603.935,3675.976667,2072.041667,Happy
35.52666667,88.98416667,53.40166667,Happy
443.76,3022.986667,2579.226667,Happy
382.4016667,910.9666667,528.2816667,Happy
363.4816667,580.6833333,217.2016667,Happy
1.401666667,1.5,0.001666667,Happy
0.601666667,1563.954167,1561.706667,Happy
16.66666667,614.3366667,596.0066667,Happy
576.24,1411.68,835.44,Happy
231.8816667,926.1666667,693.375,Happy
183.7066667,209.4041667,26.04166667,Happy
76.32666667,691.1233333,616.1066667,Happy
5.041666667,281.8941667,277.44,Happy
17.34,339.4441667,321.2016667,Happy
48.16666667,673.7108333,626.2816667,Happy
382.4016667,677.9008333,294.0,Happy
0.0,1422.96,1422.96,Happy
743.7066667,2825.416667,2083.206667,Happy
480.615,2396.814167,1915.306667,Happy
52.215,412.59,360.375,Happy
655.215,1862.966667,1207.001667,Happy
231.8816667,1812.0075,1581.126667,Happy
1426.041667,2725.523333,1299.481667,Happy
265.335,888.2466667,626.2816667,Happy
52.80666667,161.9041667,108.375,Happy
515.2266667,1880.850833,1365.041667,Happy
363.4816667,428.1633333,64.68166667,Happy
450.6666667,451.8841667,0.375,Happy
970.2816667,1602.954167,632.4266667,Happy
64.02666667,87.49666667,23.20666667,Happy
513.375,765.8541667,250.9066667,Happy
17.68166667,858.1933333,837.8016667,Happy
1042.801667,1149.483333,106.6816667,Happy
116.16,2602.490833,2484.735,Happy
788.9066667,1023.804167,234.375,Happy
74.90666667,115.6566667,39.52666667,Happy
94.40666667,188.8133333,94.40666667,Happy
196.0816667,201.0741667,4.506666667,Happy
339.0016667,1995.683333,1656.681667,Happy
6.826666667,77.79083333,71.415,Happy
793.5,846.5708333,52.215,Happy
9.626666667,17.80416667,7.935,Happy
537.7066667,1474.603333,937.5,Happy
551.0416667,881.0833333,330.0416667,Happy
570.375,724.4866667,155.0416667,Happy
280.1666667,1944.87,1666.666667,Happy
665.7066667,2667.733333,2002.026667,Happy
303.8816667,346.9133333,41.08166667,Happy
1101.615,2110.480833,1008.806667,Happy
330.0416667,337.5233333,7.481666667,Happy
170.6666667,2901.333333,2730.666667,Happy
766.14,1115.746667,349.6066667,Happy
864.0,896.6666667,32.66666667,Happy
1096.201667,2334.694167,1238.406667,Happy
75.615,966.2166667,890.6016667,Happy
1085.415,1468.913333,382.4016667,Happy
1085.415,2624.616667,1539.201667,Happy
1181.606667,3147.266667,1965.66,Happy
457.6266667,884.4166667,426.7266667,Happy
53.40166667,733.9366667,680.535,Happy
1513.681667,2789.723333,1276.041667,Happy
357.2816667,2300.254167,1944.0,Happy
69.36,282.0308333,212.415,Happy
3.375,44.12083333,40.56,Happy
40.04166667,471.8433333,431.8016667,Happy
590.0416667,1638.123333,1048.081667,Happy
198.375,780.9208333,584.1066667,Happy
604.0066667,1310.424167,706.335,Happy
331.5266667,1656.15,1326.106667,Happy
504.1666667,706.6833333,201.84,Happy
0.006666667,1717.056667,1720.426667,Happy
895.4816667,1840.433333,945.015,Happy
37.5,214.6266667,177.1266667,Happy
524.535,1742.91,1218.375,Happy
128.8066667,893.6166667,761.6266667,Happy
4.166666667,32.33333333,28.16666667,Happy
376.0416667,428.46,54.60166667,Happy
30.82666667,31.06666667,0.24,Happy
1167.615,2473.153333,1305.375,Happy
212.415,3272.456667,3060.041667,Happy
632.4266667,1181.696667,549.1266667,Happy
14.415,164.7266667,151.0016667,Happy
166.4266667,176.9641667,9.881666667,Happy
120.6016667,126.4033333,5.801666667,Happy
23.60166667,675.4875,653.1266667,Happy
318.2816667,911.7666667,594.015,Happy
14.72666667,1173.986667,1159.26,Happy
25.62666667,1231.004167,1207.001667,Happy
513.375,2901.39,2388.015,Happy
92.04166667,170.5541667,77.76,Happy
16.00666667,1784.173333,1768.166667,Happy
572.3266667,1911.39,1338.026667,Happy
114.4066667,1787.746667,1673.34,Happy
16.00666667,1043.376667,1024.426667,Happy
112.6666667,124.4166667,12.32666667,Happy
1244.16,2970.856667,1727.206667,Happy
58.90666667,1076.4975,1016.601667,Happy
1485.226667,2283.333333,798.1066667,Happy
158.1066667,2731.630833,2575.081667,Happy
524.535,3314.040833,2790.726667,Happy
0.806666667,332.3333333,331.5266667,Happy
6.0,203.2266667,197.2266667,Happy
193.8016667,225.6675,32.66666667,Happy
1139.881667,3379.793333,2238.801667,Happy
515.2266667,521.2266667,6.0,Happy
167.4816667,2720.354167,2554.406667,Happy
1.401666667,299.6166667,298.215,Happy
6.826666667,18.58666667,11.76,Happy
321.2016667,478.7266667,157.0816667,Happy
238.14,1902.510833,1663.335,Happy
98.415,134.1133333,37.00166667,Happy
43.74,1225.346667,1181.606667,Happy
0.001666667,956.3475,957.6066667,Happy
9.126666667,13.98666667,4.86,Happy
1656.681667,3930.674167,2273.706667,Happy
489.6066667,593.7733333,104.1666667,Happy
30.82666667,367.2833333,337.5,Happy
459.375,932.8333333,473.4816667,Happy
21.28166667,1135.314167,1115.206667,Happy
610.0416667,689.82,77.04166667,Happy
1.926666667,10.69666667,8.64,Happy
264.0066667,569.2641667,303.8816667,Happy
235.6266667,532.3575,295.4016667,Happy
752.64,1395.290833,642.735,Happy
398.535,1473.216667,1074.681667,Happy
428.415,1530.03,1101.615,Happy
107.5266667,366.2533333,258.7266667,Happy
118.815,1063.83,945.015,Happy
126.96,2056.586667,1929.626667,Happy
0.026666667,217.2166667,218.4066667,Happy
21.66,615.2966667,592.0266667,Happy
1064.001667,1646.833333,582.135,Happy
455.8816667,1413.880833,957.6066667,Happy
151.0016667,606.5141667,454.14,Happy
340.5066667,645.8133333,305.3066667,Happy
462.8816667,465.8608333,2.16,Happy
0.24,1165.066667,1164.826667,Happy
47.04,591.0033333,541.5,Happy
1.306666667,771.9733333,770.6666667,Happy
187.0416667,834.8866667,651.0416667,Happy
204.1666667,824.3333333,620.1666667,Happy
757.1266667,2825.453333,2068.326667,Happy
452.4016667,468.2466667,13.80166667,Happy
201.84,378.8966667,177.1266667,Happy
1027.041667,1226.886667,198.375,Happy
136.3266667,579.7041667,442.0416667,Happy
354.2016667,3052.194167,2696.64,Happy
75.615,136.4166667,60.80166667,Happy
426.7266667,2231.176667,1802.666667,Happy
469.935,3443.420833,2974.826667,Happy
717.2266667,4380.523333,3660.54,Happy
48.16666667,47.68333333,0.106666667,Happy
1069.335,1161.713333,90.48166667,Happy
210.0416667,347.1,137.2816667,Happy
0.201666667,37.74,38.00166667,Happy
23.20666667,1264.096667,1244.16,Happy
92.82666667,1018.656667,927.5266667,Happy
289.815,569.9941667,280.1666667,Happy
111.8016667,411.1541667,299.6266667,Happy
1112.481667,2121.354167,1008.806667,Happy
48.16666667,68.33333333,20.16666667,Happy
193.8016667,1969.98,1778.481667,Happy
578.2016667,1918.193333,1341.015,Happy
466.4016667,3407.040833,2939.306667,Happy
770.6666667,840.0266667,69.36,Happy
187.0416667,217.4166667,30.375,Happy
0.281666667,449.2166667,448.935,Happy
61.44,2820.230833,2760.615,Happy
475.26,648.7766667,170.6666667,Happy
1137.126667,2161.696667,1024.426667,Happy
428.415,850.1133333,421.6816667,Happy
14.415,737.2741667,721.6066667,Happy
7.706666667,1152.883333,1148.166667,Happy
29.92666667,987.5333333,957.6066667,Happy
2.535,1503.536667,1501.001667,Happy
4.86,24.12333333,19.44,Happy
1.601666667,537.4166667,535.815,Happy
528.2816667,1217.1,689.0816667,Happy
821.34,848.3441667,26.04166667,Happy
1.601666667,457.4833333,455.8816667,Happy
83.62666667,1772.963333,1686.726667,Happy
704.1666667,3581.826667,2877.66,Happy
31.74,1235.906667,1204.166667,Happy
91.26,235.32,144.06,Happy
861.6016667,1102.14,239.4016667,Happy
741.4816667,822.8833333,81.40166667,Happy
522.6666667,523.6266667,0.96,Happy
430.1066667,448.1366667,16.00666667,Happy
620.1666667,934.0933333,313.9266667,Happy
0.735,336.7366667,336.0016667,Happy
197.2266667,741.7766667,541.5,Happy
57.04166667,257.7233333,200.6816667,Happy
1.306666667,165.0641667,163.2816667,Happy
333.015,887.8966667,554.8816667,Happy
398.535,404.3366667,5.801666667,Happy
669.9266667,671.8533333,1.926666667,Happy
366.6016667,1316.643333,950.0416667,Happy
413.34,977.88,564.54,Happy
10.40166667,1058.483333,1048.081667,Happy
517.0816667,518.8875,2.666666667,Happy
819.0016667,1405.446667,586.0816667,Happy
230.64,296.5633333,65.34,Happy
96.0,2127.36,2031.36,Happy
1156.481667,1906.883333,750.4016667,Happy
372.8816667,419.4733333,47.60166667,Happy
220.8266667,869.7866667,648.96,Happy
164.3266667,387.5866667,223.26,Happy
930.015,1026.913333,95.20166667,Happy
50.46,1533.123333,1485.226667,Happy
468.1666667,961.35,493.2266667,Happy
276.0816667,1768.966667,1494.681667,Happy
200.6816667,976.4475,775.2066667,Happy
5.226666667,1770.15,1768.166667,Happy
62.72666667,1255.586667,1192.86,Happy
52.80666667,1361.133333,1308.326667,Happy
319.74,1519.616667,1198.506667,Happy
2.16,336.6666667,334.5066667,Happy
171.735,964.6208333,793.5,Happy
79.20666667,491.6166667,410.0266667,Happy
4.166666667,657.2933333,653.1266667,Happy
445.4816667,1740.3,1293.601667,Happy
418.335,1921.754167,1504.166667,Happy
161.2016667,161.9366667,0.735,Happy
835.44,4076.456667,3238.726667,Happy
743.7066667,2078.370833,1335.041667,Happy
471.7066667,638.1333333,166.4266667,Happy
405.0816667,409.4166667,4.335,Happy
295.4016667,655.9266667,360.375,Happy
777.4816667,1719.874167,942.5066667,Happy
133.4816667,1880.166667,1744.215,Happy
346.56,587.2266667,240.6666667,Happy
380.8066667,515.8833333,134.4266667,Happy
306.735,3182.920833,2877.66,Happy
628.3266667,4197.024167,3567.281667,Happy
58.28166667,570.4208333,511.5266667,Happy
130.6666667,1013.973333,883.3066667,Happy
15.68166667,1291.723333,1276.041667,Happy
562.6016667,678.2341667,116.16,Happy
276.0816667,867.7941667,592.0266667,Happy
1.706666667,1.704166667,0.041666667,Happy
13.80166667,2023.446667,2013.001667,Happy
387.2066667,388.6441667,0.601666667,Happy
153.015,710.8333333,554.8816667,Happy
181.5,1073.203333,893.04,Happy
1131.626667,2689.870833,1558.481667,Happy
406.7266667,2300.653333,1893.926667,Happy
1587.626667,3885.416667,2297.126667,Happy
198.375,2416.753333,2215.681667,Happy
87.40166667,137.1,51.04166667,Happy
41.60666667,1338.146667,1296.54,Happy
1435.306667,2467.824167,1032.281667,Happy
174.96,198.5108333,22.815,Happy
151.0016667,178.1741667,26.46,Happy
58.28166667,454.5666667,395.2816667,Happy
403.44,1628.130833,1224.081667,Happy
351.135,351.9341667,0.026666667,Happy
57.04166667,91.95333333,35.04166667,Happy
10.66666667,563.6266667,552.96,Happy
1098.906667,2752.266667,1653.36,Happy
447.2066667,1335.373333,888.1666667,Happy
859.2066667,2043.830833,1184.415,Happy
214.8016667,307.26,90.48166667,Happy
244.4816667,466.4941667,223.26,Happy
253.5,729.2433333,478.8266667,Happy
244.4816667,1724.354167,1478.94,Happy
3.081666667,166.3633333,163.2816667,Happy
261.36,2054.963333,1795.74,Happy
82.14,2608.483333,2529.706667,Happy
26.88166667,463.3666667,435.2016667,Happy
515.2266667,698.9333333,183.7066667,Happy
69.36,337.6908333,268.0016667,Happy
484.2016667,2036.243333,1552.041667,Happy
1302.426667,3472.6575,2169.801667,Happy
0.326666667,1159.586667,1159.26,Happy
229.4016667,2072.673333,1841.001667,Happy
562.6016667,1003.040833,440.3266667,Happy
475.26,628.0433333,150.0,Happy
14.10666667,101.8166667,88.16666667,Happy
204.1666667,2649.536667,2448.24,Happy
41.60666667,188.0966667,146.0266667,Happy
385.6016667,940.1666667,554.8816667,Happy
112.6666667,986.2933333,873.6266667,Happy
1241.281667,1564.654167,322.6666667,Happy
52.215,2980.760833,2930.46,Happy
915.135,2835.126667,1918.881667,Happy
101.6816667,435.3666667,333.015,Happy
403.44,747.0966667,343.5266667,Happy
322.6666667,374.2933333,51.62666667,Happy
1.126666667,216.4841667,214.8016667,Happy
11.76,723.3908333,710.6816667,Happy
812.0066667,827.5366667,12.90666667,Happy
340.5066667,648.75,308.1666667,Happy
34.56,132.3308333,98.415,Happy
133.4816667,1178.074167,1045.44,Happy
704.1666667,4564.973333,3860.806667,Happy
105.84,879.4908333,772.935,Happy
139.2016667,253.6541667,114.4066667,Happy
1.041666667,860.1666667,856.815,Happy
38.50666667,1669.216667,1633.5,Happy
1.815,28.16666667,26.04166667,Happy
482.4066667,1826.413333,1344.006667,Happy
420.0066667,460.6966667,38.50666667,Happy
868.8066667,1132.813333,264.0066667,Happy
17.00166667,51.9,35.04166667,Happy
282.9066667,1810.230833,1526.415,Happy
676.2816667,1451.414167,775.2066667,Happy
612.06,1236.323333,624.24,Happy
343.5266667,1409.043333,1066.666667,Happy
90.48166667,861.9266667,772.935,Happy
64.02666667,540.4166667,475.26,Happy
398.535,509.3933333,110.0816667,Happy
532.0416667,3241.416667,2709.375,Happy
366.6016667,517.6033333,151.0016667,Happy
403.44,1313.230833,910.2016667,Happy
612.06,777.5233333,166.4266667,Happy
352.6666667,354.6833333,0.54,Happy
506.0016667,2430.3,1926.041667,Happy
10.66666667,192.8508333,182.6016667,Happy
137.2816667,2638.323333,2501.041667,Happy
156.06,909.3108333,754.8816667,Happy
454.14,2820.016667,2368.106667,Happy
734.8266667,3516.933333,2782.106667,Happy
1278.96,1566.163333,285.66,Happy
91.26,142.2041667,51.04166667,Happy
793.5,1021.666667,228.1666667,Happy
897.9266667,922.7333333,24.80666667,Happy
96.80166667,121.8075,24.80666667,Happy
715.0416667,1201.234167,486.0,Happy
737.0416667,747.9,8.881666667,Happy
890.6016667,1331.926667,442.0416667,Happy
1356.006667,2065.35,708.5066667,Happy
507.84,2056.666667,1548.826667,Happy
1290.666667,4159.573333,2868.906667,Happy
60.80166667,320.1666667,260.0416667,Happy
233.1266667,340.0108333,106.6816667,Happy
42.135,42.87,0.735,Happy
14.10666667,2282.130833,2269.815,Happy
655.215,769.2866667,115.2816667,Happy
28.16666667,507.6708333,480.615,Happy
382.4016667,2065.776667,1683.375,Happy
653.1266667,760.8841667,108.375,Happy
15.36,1225.2,1209.84,Happy
71.415,661.4566667,590.0416667,Happy
25.62666667,272.2566667,248.3266667,Happy
380.8066667,3346.733333,2965.926667,Happy
564.54,650.8566667,83.62666667,Happy
576.24,779.6166667,204.1666667,Happy
57.04166667,531.6866667,473.4816667,Happy
171.735,2384.960833,2211.84,Happy
120.6016667,129.9766667,9.375,Happy
210.0416667,1118.966667,910.2016667,Happy
6.0,501.2433333,496.86,Happy
730.4066667,987.4166667,256.1066667,Happy
648.96,1512.96,864.0,Happy
165.375,1822.056667,1656.681667,Happy
382.4016667,785.8208333,403.44,Happy
0.375,235.9533333,234.375,Happy
238.14,968.5466667,730.4066667,Happy
81.40166667,584.8333333,502.335,Happy
264.0066667,713.1441667,448.935,Happy
506.0016667,963.6741667,457.6266667,Happy
343.5266667,1404.866667,1061.34,Happy
646.8816667,1219.1475,572.3266667,Happy
506.0016667,2660.616667,2154.615,Happy
7.041666667,858.0008333,849.66,Happy
234.375,983.7933333,750.4016667,Happy
278.8016667,426.1933333,147.015,Happy
0.06,1332.12,1332.06,Happy
920.0816667,4816.483333,3896.401667,Happy
126.96,343.2433333,218.4066667,Happy
416.6666667,476.6166667,57.66,Happy
704.1666667,2060.173333,1356.006667,Happy
87.40166667,168.8033333,81.40166667,Happy
1232.666667,4694.4375,3460.801667,Happy
791.2016667,1124.216667,333.015,Happy
8.166666667,583.3108333,574.2816667,Happy
211.2266667,602.0833333,393.66,Happy
162.24,181.7041667,19.80166667,Happy
2.801666667,798.6033333,795.8016667,Happy
32.20166667,106.9875,74.90666667,Happy
15.36,132.7233333,117.9266667,Happy
268.0016667,268.5933333,2.041666667,Happy
311.04,2308.310833,1998.375,Happy
31.28166667,560.2741667,530.16,Happy
706.335,979.71,273.375,Happy
8.881666667,305.4466667,295.4016667,Happy
325.6066667,480.0966667,154.0266667,Happy
308.1666667,1087.083333,779.76,Happy
45.375,54.90083333,9.126666667,Happy
0.281666667,98.31416667,97.60666667,Happy
772.935,1536.806667,763.8816667,Happy
2.406666667,1085.133333,1082.726667,Happy
461.1266667,1126.483333,665.7066667,Happy
1398.426667,3285.253333,1886.826667,Happy
143.0816667,777.5633333,634.4816667,Happy
159.135,325.5741667,166.4266667,Happy
191.535,859.35,667.815,Happy
9.375,1191.233333,1184.415,Happy
634.4816667,2071.846667,1438.401667,Happy
8.166666667,33.61666667,25.62666667,Happy
4.335,1786.433333,1785.375,Happy
775.2066667,1747.763333,972.8266667,Happy
160.1666667,350.5733333,190.4066667,Happy
68.68166667,484.6733333,415.0016667,Happy
223.26,585.1866667,361.9266667,Happy
1085.415,1580.456667,495.0416667,Happy
216.0,575.1766667,361.9266667,Happy
620.1666667,2411.7375,1792.281667,Happy
507.84,896.7708333,388.815,Happy
25.215,277.8608333,253.5,Happy
315.375,415.4166667,100.0416667,Happy
234.375,664.2608333,430.1066667,Happy
169.6016667,170.2408333,1.126666667,Happy
19.08166667,1666.166667,1650.041667,Happy
1276.041667,4761.854167,3484.86,Happy
466.4016667,1078.334167,612.06,Happy
682.6666667,1216.35,533.9266667,Happy
9.626666667,391.3575,382.4016667,Happy
34.56,88.44333333,52.80666667,Happy
183.7066667,641.3333333,457.6266667,Happy
256.1066667,2238.744167,1983.801667,Happy
63.375,1428.416667,1365.041667,Happy
0.375,365.3666667,366.6016667,Happy
420.0066667,524.1733333,104.1666667,Happy
1167.615,2053.713333,885.735,Happy
199.5266667,678.99,478.8266667,Happy
231.8816667,1074.416667,842.535,Happy
282.9066667,298.1641667,14.415,Happy
292.6016667,360.3008333,66.66666667,Happy
180.4016667,352.1366667,171.735,Happy
14.72666667,485.3908333,469.935,Happy
748.1666667,1798.893333,1050.726667,Happy
23.20666667,578.4833333,552.96,Happy
2.535,613.5208333,612.06,Happy
11.48166667,917.8541667,907.74,Happy
55.815,546.0208333,489.6066667,Happy
56.42666667,415.2533333,358.8266667,Happy
190.4066667,232.0133333,41.60666667,Happy
0.026666667,357.2966667,355.74,Happy
191.535,1782.416667,1590.881667,Happy
610.0416667,614.6541667,3.526666667,Happy
41.08166667,544.5941667,504.1666667,Happy
265.335,337.3933333,71.415,Happy
1056.026667,3150.970833,2094.401667,Happy
24.0,1133.76,1109.76,Happy
504.1666667,617.8033333,112.6666667,Happy
1101.615,1101.656667,0.041666667,Happy
352.6666667,1426.7775,1074.681667,Happy
2.801666667,416.0066667,415.0016667,Happy
387.2066667,1406.413333,1019.206667,Happy
466.4016667,2473.98,2005.681667,Happy
541.5,571.2708333,28.60166667,Happy
5.226666667,124.23,117.9266667,Happy
0.081666667,1024.486667,1021.815,Happy
287.0416667,320.1941667,33.60666667,Happy
212.415,594.8166667,382.4016667,Happy
114.4066667,394.5733333,280.1666667,Happy
298.215,564.9208333,266.6666667,Happy
172.8066667,1485.163333,1314.24,Happy
368.1666667,1727.904167,1359.015,Happy
114.4066667,608.9775,495.0416667,Happy
25.62666667,455.7333333,430.1066667,Happy
201.84,1337.010833,1134.375,Happy
562.6016667,563.0833333,0.481666667,Happy
0.24,1614.0,1613.76,Happy
194.94,293.1908333,98.415,Happy
52.215,585.5533333,535.815,Happy
826.0266667,2895.723333,2068.326667,Happy
85.12666667,155.2041667,70.04166667,Happy
4.506666667,2769.413333,2764.906667,Happy
998.46,3454.786667,2456.326667,Happy
78.48166667,252.3633333,173.8816667,Happy
219.615,824.8333333,606.015,Happy
504.1666667,504.9733333,0.806666667,Happy
871.215,2061.256667,1190.041667,Happy
1299.481667,1845.3075,545.3066667,Happy
54.60166667,466.2833333,411.6816667,Happy
24.80666667,1107.533333,1082.726667,Happy
452.4016667,489.0408333,35.52666667,Happy
0.041666667,482.4333333,480.615,Happy
217.2016667,244.0833333,26.88166667,Happy
247.0416667,1762.954167,1516.86,Happy
82.88166667,157.0833333,74.20166667,Happy
10.40166667,361.5366667,351.135,Happy
0.135,26.17666667,26.04166667,Happy
466.4016667,522.1666667,53.40166667,Happy
0.041666667,1599.0675,1600.666667,Happy
1156.481667,1217.720833,60.16666667,Happy
117.0416667,151.6866667,36.015,Happy
182.6016667,2575.713333,2396.001667,Happy
214.8016667,388.6833333,173.8816667,Happy
16.335,668.2541667,653.1266667,Happy
86.64,95.25666667,9.126666667,Happy
644.8066667,2331.533333,1686.726667,Happy
23.60166667,54.85416667,30.82666667,Happy
112.6666667,266.6933333,154.0266667,Happy
837.8016667,841.4541667,2.406666667,Happy
9.126666667,61.93333333,52.80666667,Happy
955.0816667,1119.846667,163.2816667,Happy
4.681666667,343.6833333,339.0016667,Happy
704.1666667,1391.106667,686.94,Happy
530.16,1130.16,600.0,Happy
1359.015,4207.446667,2847.081667,Happy
206.5066667,1135.35,927.5266667,Happy
0.806666667,515.0708333,513.375,Happy
543.4016667,545.0541667,0.666666667,Happy
274.7266667,345.1041667,70.04166667,Happy
530.16,2196.826667,1666.666667,Happy
937.5,1835.426667,897.9266667,Happy
1112.481667,2526.566667,1413.735,Happy
22.815,1700.974167,1680.026667,Happy
6.615,260.6608333,253.5,Happy
1215.526667,1223.884167,7.041666667,Happy
5.226666667,460.9233333,454.14,Happy
23.60166667,31.26,7.041666667,Happy
211.2266667,1402.456667,1192.86,Happy
210.0416667,2090.966667,1883.281667,Happy
68.00666667,71.53333333,3.526666667,Happy
17.34,283.0166667,266.6666667,Happy
7.041666667,1782.3,1778.481667,Happy
305.3066667,1103.413333,798.1066667,Happy
1.926666667,24.63,22.42666667,Happy
43.20166667,337.6341667,294.0,Happy
180.4016667,306.5341667,125.1266667,Happy
500.5066667,2176.430833,1676.681667,Happy
835.44,4221.010833,3384.375,Happy
604.0066667,606.2966667,0.24,Happy
12.32666667,2372.493333,2360.166667,Happy
71.415,1148.086667,1074.681667,Happy
24.40166667,402.6208333,377.6266667,Happy
1308.326667,3444.856667,2135.706667,Happy
244.4816667,243.2333333,0.015,Happy
49.30666667,240.27,190.4066667,Happy
315.375,316.8333333,0.015,Happy
355.74,385.6666667,29.92666667,Happy
3.526666667,895.4241667,890.6016667,Happy
48.735,1186.433333,1139.881667,Happy
1350.0,5080.026667,3730.026667,Happy
154.0266667,495.03,343.5266667,Happy
145.0416667,1272.166667,1128.881667,Happy
77.76,375.6308333,298.215,Happy
157.0816667,179.9741667,23.20666667,Happy
230.64,1380.810833,1150.935,Happy
53.40166667,81.05416667,28.16666667,Happy
298.215,313.1808333,14.10666667,Happy
0.735,41.81666667,41.08166667,Happy
626.2816667,1367.763333,741.4816667,Happy
950.0416667,4128.643333,3178.601667,Happy
84.375,1166.353333,1085.415,Happy
39.52666667,521.9333333,482.4066667,Happy
844.9066667,1498.323333,653.1266667,Happy
1173.201667,1582.726667,408.375,Happy
382.4016667,1771.683333,1389.281667,Happy
18.375,24.72666667,5.801666667,Happy
316.8266667,370.6575,53.40166667,Happy
602.0016667,636.6733333,32.20166667,Happy
618.135,1186.520833,568.4266667,Happy
31.28166667,425.9808333,393.66,Happy
147.015,175.8941667,28.16666667,Happy
230.64,1183.2,952.56,Happy
1192.86,4865.416667,3670.426667,Happy
0.375,598.3766667,598.0016667,Happy
980.4816667,3552.214167,2570.94,Happy
154.0266667,402.2175,247.0416667,Happy
55.815,1648.020833,1594.14,Happy
632.4266667,904.4533333,272.0266667,Happy
5.801666667,134.8066667,127.8816667,Happy
940.0016667,2187.043333,1247.041667,Happy
788.9066667,2522.906667,1734.0,Happy
138.24,389.1466667,250.9066667,Happy
116.16,352.1633333,238.14,Happy
947.5266667,1076.204167,127.8816667,Happy
496.86,1596.656667,1098.906667,Happy
96.0,341.2833333,243.2066667,Happy
33.135,199.8541667,166.4266667,Happy
602.0016667,1044.043333,442.0416667,Happy
4.506666667,4.744166667,0.135,Happy
1034.906667,3647.413333,2612.506667,Happy
75.615,82.23,6.615,Happy
348.0816667,1231.840833,883.3066667,Happy
2.406666667,176.1633333,174.96,Happy
84.375,119.1533333,35.04166667,Happy
854.4266667,2860.744167,2005.681667,Happy
632.4266667,1240.453333,608.0266667,Happy
12.32666667,2164.904167,2154.615,Happy
22.815,357.8741667,334.5066667,Happy
1516.86,1698.256667,179.3066667,Happy
19.80166667,850.1666667,828.375,Happy
160.1666667,355.2166667,197.2266667,Happy
12.04166667,2115.654167,2105.626667,Happy
41.60666667,44.4975,3.081666667,Happy
18.375,360.39,342.015,Happy
92.04166667,379.0833333,287.0416667,Happy
183.7066667,360.8241667,178.215,Happy
1368.06,4762.810833,3393.881667,Happy
1320.166667,1355.693333,35.52666667,Happy
0.24,207.8833333,208.86,Happy
689.0816667,716.8166667,27.735,Happy
258.7266667,2209.933333,1951.206667,Happy
46.48166667,50.43333333,4.335,Happy
721.6066667,1272.510833,551.0416667,Happy
365.04,781.7066667,416.6666667,Happy
667.815,1418.216667,750.4016667,Happy
33.135,166.3808333,132.54,Happy
85.12666667,142.2375,57.04166667,Happy
680.535,1593.034167,912.6666667,Happy
930.015,3636.020833,2705.126667,Happy
493.2266667,1884.323333,1392.326667,Happy
61.44,505.2,443.76,Happy
12.90666667,35.77083333,22.815,Happy
37.5,46.88333333,8.64,Happy
812.0066667,2844.723333,2031.36,Happy
301.0416667,396.2433333,95.20166667,Happy
269.34,939.2666667,669.9266667,Happy
1432.215,1750.496667,318.2816667,Happy
1305.375,5002.593333,3695.201667,Happy
28.60166667,451.5266667,425.0416667,Happy
125.1266667,804.75,682.6666667,Happy
26.04166667,48.88666667,22.815,Happy
5.041666667,37.52666667,33.135,Happy
498.6816667,855.6866667,357.2816667,Happy
4.001666667,2539.954167,2537.926667,Happy
77.76,96.16333333,17.34,Happy
0.281666667,1815.080833,1816.56,Happy
167.4816667,619.2066667,452.4016667,Happy
130.6666667,265.0933333,134.4266667,Happy
5.226666667,415.2533333,410.0266667,Happy
92.04166667,2166.334167,2075.76,Happy
13.20166667,231.3133333,219.615,Happy
124.215,425.2566667,301.0416667,Happy
26.46,1192.890833,1167.615,Happy
61.44,70.08,8.64,Happy
86.64,330.1041667,244.4816667,Happy
486.0,492.1366667,4.166666667,Happy
261.36,366.6041667,105.0016667,Happy
127.8816667,212.2566667,84.375,Happy
299.6266667,1202.453333,902.8266667,Happy
582.135,1860.620833,1278.96,Happy
302.46,2084.386667,1781.926667,Happy
489.6066667,3027.533333,2537.926667,Happy
336.0016667,1357.816667,1021.815,Happy
72.80166667,408.0066667,333.015,Happy
5.801666667,508.1366667,502.335,Happy
1024.426667,1465.656667,440.3266667,Happy
201.84,234.2833333,31.74,Happy
574.2816667,736.9808333,162.24,Happy
336.0016667,2393.203333,2057.201667,Happy
343.5266667,2171.530833,1827.015,Happy
72.80166667,613.6066667,539.6016667,Happy
82.88166667,90.1875,6.826666667,Happy
133.4816667,1563.680833,1429.126667,Happy
308.1666667,497.6041667,189.2816667,Happy
960.135,2304.374167,1344.006667,Happy
35.52666667,385.1333333,349.6066667,Happy
199.5266667,201.3641667,1.215,Happy
14.415,17.49666667,3.081666667,Happy
743.7066667,1347.936667,604.0066667,Happy
19.80166667,448.2166667,428.415,Happy
1066.666667,4227.844167,3160.215,Happy
70.04166667,425.1,357.2816667,Happy
732.615,752.9808333,19.44,Happy
40.56,749.0666667,708.5066667,Happy
199.5266667,543.0533333,343.5266667,Happy
47.60166667,120.54,74.20166667,Happy
876.0416667,1084.966667,207.6816667,Happy
38.50666667,196.6133333,158.1066667,Happy
127.8816667,1213.296667,1085.415,Happy
809.6816667,1183.313333,372.8816667,Happy
1238.406667,1273.483333,32.66666667,Happy
303.8816667,588.1633333,284.2816667,Happy
52.215,1117.254167,1066.666667,Happy
533.9266667,974.2533333,440.3266667,Happy
945.015,2065.794167,1120.666667,Happy
602.0016667,1341.154167,739.26,Happy
51.04166667,1041.776667,990.735,Happy
438.615,2110.246667,1670.001667,Happy
86.64,150.6666667,64.02666667,Happy
912.6666667,3682.784167,2769.201667,Happy
123.3066667,148.4433333,26.46,Happy
576.24,1267.466667,691.2266667,Happy
372.8816667,444.5475,72.10666667,Happy
819.0016667,1010.536667,191.535,Happy
4.506666667,42.34416667,38.00166667,Happy
42.66666667,138.6666667,96.0,Happy
518.94,2758.744167,2238.801667,Happy
3.226666667,280.6666667,277.44,Happy
8.881666667,27.9075,18.72666667,Happy
428.415,1508.456667,1080.041667,Happy
745.935,1100.833333,354.2016667,Happy
152.0066667,400.3333333,248.3266667,Happy
261.36,415.3866667,154.0266667,Happy
315.375,1520.234167,1204.166667,Happy
665.7066667,1656.210833,990.735,Happy
1034.906667,2596.613333,1561.706667,Happy
200.6816667,1870.683333,1670.001667,Happy
138.24,1699.946667,1561.706667,Happy
6.826666667,49.49333333,42.66666667,Happy
748.1666667,1809.506667,1061.34,Happy
873.6266667,2811.616667,1936.806667,Happy
1126.14,4966.68,3840.54,Happy
1317.201667,4252.083333,2934.881667,Happy
134.4266667,168.9866667,34.56,Happy
819.0016667,1804.833333,985.6016667,Happy
15.68166667,298.9133333,284.2816667,Happy
7.26,791.5866667,784.3266667,Happy
228.1666667,1478.093333,1249.926667,Happy
99.22666667,147.5175,47.60166667,Happy
39.015,1940.566667,1904.601667,Happy
528.2816667,558.4808333,29.04,Happy
46.48166667,708.54,663.6016667,Happy
993.3066667,3386.736667,2392.006667,Happy
38.50666667,51.41333333,12.90666667,Happy
9.126666667,475.7766667,464.64,Happy
128.8066667,153.6133333,24.80666667,Happy
1.215,1124.616667,1123.401667,Happy
659.4016667,677.6208333,17.34,Happy
11.20666667,11.37333333,0.166666667,Happy
18.72666667,665.9633333,648.96,Happy
123.3066667,125.4833333,2.94,Happy
172.8066667,622.0708333,448.935,Happy
82.88166667,266.4075,183.7066667,Happy
59.535,2135.926667,2079.481667,Happy
89.70666667,1028.844167,940.0016667,Happy
905.2816667,954.78,47.60166667,Happy
124.215,2016.820833,1893.926667,Happy
272.0266667,273.6566667,0.326666667,Happy
114.4066667,235.9066667,121.5,Happy
62.08166667,695.2141667,632.4266667,Happy
26.04166667,151.8341667,125.1266667,Happy
316.8266667,368.4533333,51.62666667,Happy
0.281666667,59.81666667,59.535,Happy
452.4016667,844.3266667,392.0416667,Happy
562.6016667,1566.554167,1003.626667,Happy
0.24,1077.6,1077.36,Happy
35.04166667,294.6675,258.7266667,Happy
477.0416667,570.0866667,92.04166667,Happy
50.46,219.0,168.54,Happy
22.42666667,859.8433333,840.1666667,Happy
163.2816667,173.4466667,10.935,Happy
171.735,227.55,55.815,Happy
216.0,219.8433333,4.86,Happy
19.44,679.2033333,661.5,Happy
139.2016667,144.6208333,6.0,Happy
256.1066667,294.5108333,38.00166667,Happy
459.375,1049.416667,590.0416667,Happy
249.615,1792.980833,1542.406667,Happy
33.60666667,143.0241667,110.0816667,Happy
39.015,81.16083333,42.66666667,Happy
82.88166667,86.56666667,2.801666667,Happy
0.166666667,1412.384167,1413.735,Happy
568.4266667,871.4166667,302.46,Happy
598.0016667,1050.403333,452.4016667,Happy
38.50666667,44.27083333,5.415,Happy
100.86,105.7708333,5.415,Happy
447.2066667,1559.190833,1112.481667,Happy
0.0,17.51083333,17.68166667,Happy
298.215,324.4333333,24.40166667,Happy
244.4816667,1686.894167,1441.5,Happy
92.82666667,115.2533333,22.42666667,Happy
161.2016667,298.4066667,139.2016667,Happy
1597.401667,1791.134167,192.6666667,Happy
40.56,904.56,864.0,Happy
260.0416667,391.6433333,131.6016667,Happy
278.8016667,415.3341667,136.3266667,Happy
1341.015,5439.840833,4097.706667,Happy
13.5,50.10416667,37.00166667,Happy
352.6666667,995.6708333,642.735,Happy
1238.406667,4275.906667,3037.5,Happy
558.735,1085.114167,526.4066667,Happy
194.94,994.7708333,800.415,Happy
137.2816667,1282.683333,1145.401667,Happy
47.60166667,88.72666667,41.08166667,Happy
592.0266667,994.0041667,401.8016667,Happy
18.72666667,557.5575,539.6016667,Happy
201.84,271.2,69.36,Happy
4.681666667,2183.914167,2181.226667,Happy
62.08166667,543.8466667,484.2016667,Happy
380.8066667,1435.776667,1056.026667,Happy
443.76,590.4108333,147.015,Happy
201.84,930.5641667,728.2016667,Happy
376.0416667,811.3666667,435.2016667,Happy
106.6816667,478.3541667,371.3066667,Happy
835.44,3408.163333,2570.94,Happy
15.36,146.0266667,130.6666667,Happy
301.0416667,1553.856667,1252.815,Happy
2.041666667,87.28666667,85.88166667,Happy
393.66,1545.170833,1150.935,Happy
469.935,2614.200833,2143.26,Happy
840.1666667,1284.576667,443.76,Happy
2.041666667,1169.656667,1167.615,Happy
897.9266667,1328.79,430.1066667,Happy
311.04,333.4666667,22.42666667,Happy
0.041666667,55.85666667,55.815,Happy
719.415,750.2141667,29.92666667,Happy
506.0016667,512.0541667,5.226666667,Happy
31.74,137.2033333,105.84,Happy
51.04166667,229.7666667,180.4016667,Happy
247.0416667,545.2566667,298.215,Happy
239.4016667,1242.3675,1003.626667,Happy
876.0416667,3864.243333,2988.201667,Happy
198.375,910.0866667,710.6816667,Happy
199.5266667,667.6933333,468.1666667,Happy
726.0,842.16,116.16,Happy
30.82666667,2121.493333,2090.666667,Happy
366.6016667,1423.174167,1056.026667,Happy
91.26,625.1866667,533.9266667,Happy
250.9066667,1769.656667,1516.86,Happy
6.0,328.6666667,322.6666667,Happy
128.8066667,211.5975,82.88166667,Happy
139.2016667,387.3675,248.3266667,Happy
253.5,433.0166667,179.3066667,Happy
35.52666667,230.4666667,194.94,Happy
48.735,1562.416667,1513.681667,Happy
272.0266667,301.0566667,29.92666667,Happy
97.60666667,222.7333333,125.1266667,Happy
58.90666667,197.1466667,138.24,Happy
0.106666667,279.6041667,278.8016667,Happy
533.9266667,2274.733333,1740.806667,Happy
4.506666667,125.6441667,120.6016667,Happy
897.9266667,1057.456667,158.1066667,Happy
706.335,717.27,10.935,Happy
457.6266667,1237.386667,779.76,Happy
185.9266667,976.5375,791.2016667,Happy
337.5,346.2508333,9.375,Happy
315.375,692.9341667,377.6266667,Happy
147.015,248.6141667,102.5066667,Happy
0.326666667,421.9633333,423.36,Happy
520.8016667,821.8433333,301.0416667,Happy
17.00166667,50.00666667,32.20166667,Happy
496.86,1294.483333,798.1066667,Happy
413.34,1244.066667,830.7266667,Happy
16.335,75.87,59.535,Happy
188.16,495.0508333,306.735,Happy
3.375,163.1008333,160.1666667,Happy
165.375,965.79,800.415,Happy
428.415,459.6966667,31.28166667,Happy
2.801666667,1056.176667,1053.375,Happy
473.4816667,1881.083333,1407.601667,Happy
204.1666667,243.6933333,39.52666667,Happy
1.706666667,1597.424167,1597.401667,Happy
1.401666667,1181.654167,1181.606667,Happy
218.4066667,236.6166667,16.66666667,Happy
151.0016667,527.0433333,376.0416667,Happy
680.535,910.8333333,229.4016667,Happy
160.1666667,326.5766667,166.4266667,Happy
58.90666667,822.1633333,766.14,Happy
238.14,1518.763333,1278.96,Happy
34.56,168.9866667,134.4266667,Happy
0.375,309.9766667,309.6016667,Happy
204.1666667,205.3841667,0.601666667,Happy
187.0416667,699.6866667,513.375,Happy
47.60166667,1934.993333,1890.375,Happy
0.201666667,440.5666667,442.0416667,Happy
18.02666667,17.92416667,0.081666667,Happy
180.4016667,1398.776667,1218.375,Happy
7.935,430.3408333,423.36,Happy
100.0416667,1087.334167,988.1666667,Happy
380.8066667,1082.524167,702.0016667,Happy
207.6816667,248.1133333,42.135,Happy
51.04166667,681.4166667,630.375,Happy
133.4816667,940.1541667,807.36,Happy
2.281666667,402.3266667,398.535,Happy
330.0416667,1277.054167,947.5266667,Happy
23.60166667,965.7133333,945.015,Happy
3.081666667,10.48666667,7.481666667,Happy
900.375,3033.633333,2131.935,Happy
730.4066667,1129.230833,398.535,Happy
1212.681667,4752.78,3538.081667,Happy
78.48166667,1131.856667,1053.375,Happy
97.60666667,1085.773333,988.1666667,Happy
710.6816667,3246.433333,2533.815,Happy
2.041666667,35.17666667,33.135,Happy
46.48166667,1032.083333,985.6016667,Happy
28.16666667,158.5841667,129.735,Happy
185.9266667,193.6566667,6.826666667,Happy
15.36,174.1766667,160.1666667,Happy
138.24,633.7108333,495.0416667,Happy
296.8066667,1504.524167,1207.001667,Happy
116.16,295.2566667,177.1266667,Happy
342.015,993.6333333,651.0416667,Happy
35.04166667,1063.634167,1029.66,Happy
433.5,439.4841667,5.041666667,Happy
192.6666667,661.47,468.1666667,Happy
85.88166667,91.01416667,5.606666667,Happy
156.06,362.7233333,206.5066667,Happy
3.84,9.464166667,5.801666667,Happy
101.6816667,149.7208333,48.16666667,Happy
18.375,57.23333333,38.00166667,Happy
5.226666667,705.0666667,699.84,Happy
349.6066667,1406.763333,1056.026667,Happy
1224.081667,1385.046667,159.135,Happy
0.081666667,34.16333333,34.08166667,Happy
240.6666667,990.5841667,750.4016667,Happy
143.0816667,966.7633333,823.6816667,Happy
82.14,388.5308333,306.735,Happy
143.0816667,256.7266667,113.535,Happy
995.8816667,1097.563333,101.6816667,Happy
333.015,685.6608333,352.6666667,Happy
0.166666667,692.4841667,693.375,Happy
2.281666667,1233.454167,1232.666667,Happy
10.66666667,159.0375,149.0016667,Happy
90.48166667,187.2833333,96.80166667,Happy
78.48166667,215.7633333,137.2816667,Happy
0.026666667,1811.3775,1813.081667,Happy
0.081666667,386.4741667,387.2066667,Happy
161.2016667,916.0833333,754.8816667,Happy
723.8016667,2812.273333,2086.935,Happy
507.84,2370.764167,1862.081667,Happy
343.5266667,1687.533333,1344.006667,Happy
60.16666667,460.3333333,400.1666667,Happy
40.56,227.0833333,185.9266667,Happy
10.14,162.1466667,152.0066667,Happy
81.40166667,855.8408333,775.2066667,Happy
143.0816667,555.4466667,411.6816667,Happy
12.615,612.3266667,602.0016667,Happy
0.601666667,34.27333333,34.08166667,Happy
277.44,1312.346667,1034.906667,Happy
124.215,265.35,141.135,Happy
222.0416667,228.6566667,6.615,Happy
340.5066667,1084.213333,743.7066667,Happy
699.84,1094.043333,393.66,Happy
207.6816667,232.8741667,24.80666667,Happy
640.6666667,2443.333333,1802.666667,Happy
384.0,395.0708333,10.40166667,Happy
365.04,1438.163333,1072.006667,Happy
82.14,417.7641667,336.0016667,Happy
189.2816667,332.22,143.0816667,Happy
69.36,180.1233333,110.94,Happy
387.2066667,1149.483333,761.6266667,Happy
328.56,437.7866667,109.2266667,Happy
24.40166667,161.9608333,138.24,Happy
67.335,81.26083333,14.10666667,Happy
19.44,313.44,294.0,Happy
69.36,175.3633333,107.5266667,Happy
0.881666667,22.92333333,22.04166667,Happy
98.415,231.7666667,131.6016667,Happy
1001.041667,3729.126667,2726.401667,Happy
101.6816667,238.9633333,137.2816667,Happy
14.10666667,41.41333333,27.30666667,Happy
425.0416667,1348.000833,922.56,Happy
210.0416667,362.8866667,153.015,Happy
535.815,1904.440833,1368.06,Happy
192.6666667,482.6108333,289.815,Happy
0.881666667,121.4833333,120.6016667,Happy
455.8816667,802.5541667,346.56,Happy
22.815,247.7141667,225.7066667,Happy
147.015,173.8966667,26.88166667,Happy
144.06,152.9633333,9.626666667,Happy
788.9066667,894.7466667,105.84,Happy
280.1666667,348.8433333,69.36,Happy
348.0816667,350.3633333,2.281666667,Happy
511.5266667,2162.304167,1650.041667,Happy
36.015,137.3666667,101.6816667,Happy
628.3266667,1749.683333,1120.666667,Happy
622.2016667,670.1666667,46.48166667,Happy
236.8816667,237.5208333,0.006666667,Happy
97.60666667,233.9333333,136.3266667,Happy
107.5266667,383.8641667,276.0816667,Happy
18.375,311.5008333,294.0,Happy
154.0266667,684.1866667,530.16,Happy
269.34,278.1633333,7.706666667,Happy
60.16666667,122.8933333,62.72666667,Happy
87.40166667,153.4541667,65.34,Happy
96.0,123.6833333,26.46,Happy
19.80166667,650.1766667,630.375,Happy
1.215,188.2566667,187.0416667,Happy
18.02666667,1049.170833,1032.281667,Happy
28.60166667,182.1933333,153.015,Happy
249.615,314.6408333,65.34,Happy
363.4816667,1606.086667,1241.281667,Happy
123.3066667,165.6308333,42.135,Happy
5.606666667,25.32416667,19.80166667,Happy
82.14,215.7241667,133.4816667,Happy
46.48166667,304.2741667,258.7266667,Happy
256.1066667,941.3241667,684.8016667,Happy
11.48166667,74.48666667,63.375,Happy
5.226666667,1067.804167,1064.001667,Happy
130.6666667,131.9766667,0.326666667,Happy
7.706666667,8.330833333,0.481666667,Happy
234.375,781.59,547.215,Happy
144.06,192.2266667,48.16666667,Happy
150.0,150.6666667,0.666666667,Happy
111.8016667,181.7541667,70.72666667,Happy
96.0,144.8508333,48.735,Happy
28.60166667,126.6466667,98.415,Happy
9.126666667,92.50416667,82.88166667,Happy
28.16666667,71.90666667,43.74,Happy
51.62666667,323.6533333,272.0266667,Happy
21.66,1107.456667,1088.106667,Happy
1.601666667,143.6066667,143.0816667,Happy
18.02666667,997.4041667,980.4816667,Happy
5.226666667,10.8375,5.801666667,Happy
6.0,13.27083333,7.481666667,Happy
604.0066667,688.8966667,83.62666667,Happy
13.5,1202.284167,1190.041667,Happy
10.935,142.5366667,131.6016667,Happy
156.06,290.4166667,134.4266667,Happy
178.215,1254.486667,1074.681667,Happy
60.16666667,561.9041667,502.335,Happy
79.20666667,81.44416667,2.535,Happy
191.535,1293.15,1101.615,Happy
249.615,948.1666667,697.6816667,Happy
8.881666667,1020.283333,1011.401667,Happy
324.135,342.2733333,17.00166667,Happy
211.2266667,226.5866667,15.36,Happy
21.66,160.5708333,139.2016667,Happy
100.86,141.2708333,41.08166667,Happy
46.48166667,240.5741667,194.94,Happy
8.881666667,271.5633333,262.6816667,Happy
15.04166667,54.05666667,39.015,Happy
379.215,534.8333333,155.0416667,Happy
36.015,726.4141667,691.2266667,Happy
336.0016667,339.2066667,1.601666667,Happy
23.20666667,24.40416667,1.041666667,Happy
188.16,436.6566667,248.3266667,Happy
706.335,787.7208333,80.66666667,Happy
395.2816667,571.3233333,176.0416667,Happy
0.026666667,35.80416667,36.015,Happy
560.6666667,646.9766667,85.12666667,Happy
82.88166667,88.3875,5.226666667,Happy
158.1066667,782.3466667,624.24,Happy
655.215,2428.166667,1771.601667,Happy
61.44,213.8166667,152.0066667,Happy
217.2016667,701.4033333,484.2016667,Happy
665.7066667,2240.346667,1574.64,Happy
101.6816667,116.7233333,15.04166667,Happy
16.00666667,713.3633333,699.84,Happy
118.815,123.15,4.335,Happy
15.68166667,175.5266667,159.135,Happy
54.60166667,610.8066667,554.8816667,Happy
4.166666667,108.3333333,104.1666667,Happy
469.935,539.8408333,69.36,Happy
96.0,100.1766667,3.526666667,Happy
328.56,600.5866667,272.0266667,Happy
3.526666667,665.0266667,661.5,Happy
3.526666667,478.7866667,475.26,Happy
18.72666667,200.9766667,183.7066667,Happy
114.4066667,501.6133333,387.2066667,Happy
136.3266667,272.6533333,136.3266667,Happy
363.4816667,838.8541667,475.26,Happy
12.32666667,480.4933333,468.1666667,Happy
80.66666667,118.0508333,38.00166667,Happy
102.5066667,288.15,185.9266667,Happy
165.375,324.51,159.135,Happy
110.0816667,300.3541667,190.4066667,Happy
7.26,21.10416667,13.80166667,Happy
86.64,451.68,365.04,Happy
0.135,700.0066667,702.0016667,Happy
278.8016667,738.5666667,459.375,Happy
167.4816667,792.2141667,624.24,Happy
151.0016667,166.0208333,15.36,Happy
145.0416667,520.4866667,376.0416667,Happy
12.90666667,85.01333333,72.10666667,Happy
26.88166667,87.68333333,60.80166667,Happy
277.44,1115.744167,837.8016667,Happy
12.90666667,81.3975,68.68166667,Happy
477.0416667,504.7766667,27.735,Happy
6.826666667,27.73333333,20.90666667,Happy
131.6016667,405.3933333,273.375,Happy
131.6016667,358.2466667,226.935,Happy
49.30666667,177.7633333,128.8066667,Happy
272.0266667,1079.386667,807.36,Happy
254.8016667,321.4466667,66.00166667,Happy
16.335,16.83333333,0.201666667,Happy
182.6016667,955.5366667,772.935,Happy
41.60666667,42.41333333,0.806666667,Happy
111.8016667,148.1933333,36.015,Happy
1.401666667,11.1075,9.626666667,Happy
29.48166667,822.0541667,793.5,Happy
211.2266667,256.0533333,44.82666667,Happy
148.0066667,149.0833333,0.106666667,Happy
26.04166667,67.59416667,41.60666667,Happy
199.5266667,503.5441667,303.8816667,Happy
139.2016667,640.6733333,502.335,Happy
236.8816667,811.1633333,574.2816667,Happy
2.801666667,354.6341667,352.6666667,Happy
400.1666667,1367.906667,967.74,Happy
133.4816667,146.6466667,13.80166667,Happy
18.375,621.5541667,604.0066667,Happy
24.80666667,132.3333333,107.5266667,Happy
1.126666667,315.0533333,313.9266667,Happy
6.201666667,629.3208333,624.24,Happy
47.04,193.0666667,146.0266667,Happy
62.72666667,84.38666667,21.66,Happy
0.426666667,19.86666667,19.44,Happy
7.706666667,136.8641667,129.735,Happy
19.80166667,68.43416667,48.16666667,Happy
154.0266667,155.1233333,0.06,Happy
76.32666667,243.6375,167.4816667,Happy
38.00166667,322.2833333,284.2816667,Happy
88.935,560.1408333,471.7066667,Happy
14.72666667,545.9841667,532.0416667,Happy
160.1666667,659.2441667,498.6816667,Happy
9.375,41.57666667,32.20166667,Happy
13.5,142.3066667,128.8066667,Happy
161.2016667,173.2433333,12.04166667,Happy
4.001666667,300.1875,296.8066667,Happy
222.0416667,888.1941667,665.7066667,Happy
24.0,140.16,116.16,Happy
60.80166667,105.0833333,44.28166667,Happy
413.34,1542.764167,1128.881667,Happy
51.04166667,155.3341667,104.1666667,Happy
40.04166667,376.0433333,336.0016667,Happy
28.16666667,30.27,2.666666667,Happy
101.6816667,674.5741667,572.3266667,Happy
108.375,558.1933333,448.935,Happy
19.08166667,53.58083333,34.56,Happy
0.106666667,197.3333333,197.2266667,Happy
10.14,292.2308333,281.535,Happy
0.026666667,89.73333333,89.70666667,Happy
6.201666667,345.8541667,340.5066667,Happy
5.226666667,40.4175,35.04166667,Happy
67.335,354.3766667,287.0416667,Happy
184.815,390.15,205.335,Happy
159.135,214.1666667,54.60166667,Happy
24.80666667,249.6966667,225.7066667,Happy
80.66666667,508.35,426.7266667,Happy
8.64,10.34666667,1.706666667,Happy
1.601666667,200.5008333,199.5266667,Happy
80.66666667,121.6441667,41.08166667,Happy
35.52666667,45.8175,10.40166667,Happy
0.24,14.83083333,14.415,Happy
118.815,126.8541667,7.706666667,Happy
136.3266667,230.7333333,94.40666667,Happy
34.56,131.8433333,97.60666667,Happy
0.326666667,1.826666667,1.5,Happy
126.0416667,603.9533333,477.0416667,Happy
14.10666667,25.89666667,11.20666667,Happy
4.681666667,36.88333333,32.20166667,Happy
145.0416667,352.7233333,207.6816667,Happy
22.04166667,420.5766667,398.535,Happy
40.04166667,315.1875,274.7266667,Happy
4.001666667,62.51416667,58.90666667,Happy
54.0,243.8833333,190.4066667,Happy
1.926666667,288.8566667,288.4266667,Happy
35.04166667,197.5608333,162.24,Happy
0.041666667,439.5208333,440.3266667,Happy
100.0416667,134.1233333,34.08166667,Happy
60.80166667,75.3675,14.72666667,Happy
45.92666667,46.41666667,0.96,Happy
22.42666667,165.8966667,144.06,Happy
2.406666667,77.89666667,74.90666667,Happy
0.735,125.7933333,126.0416667,Happy
61.44,119.7308333,58.28166667,Happy
220.8266667,238.8533333,18.02666667,Happy
6.826666667,15.92333333,9.126666667,Happy
24.80666667,46.46666667,21.66,Happy
8.64,54.25666667,45.92666667,Happy
24.0,40.66666667,16.66666667,Happy
72.80166667,232.2733333,159.135,Happy
14.10666667,28.21666667,13.5,Happy
81.40166667,91.80333333,10.40166667,Happy
48.16666667,88.18416667,40.04166667,Happy
25.215,159.2333333,133.4816667,Happy
32.66666667,104.7733333,72.10666667,Happy
13.20166667,25.23333333,12.04166667,Happy
1.306666667,107.1466667,105.84,Happy
38.50666667,105.9241667,67.335,Happy
12.32666667,49.04333333,36.50666667,Happy
0.106666667,7.464166667,7.481666667,Happy
9.375,22.26083333,12.90666667,Happy
266.6666667,2078.6775,1813.081667,Happy
558.735,595.7366667,37.00166667,Happy
1019.206667,2848.83,1830.506667,Happy
318.2816667,753.3608333,433.5,Happy
576.24,592.4308333,17.00166667,Happy
145.0416667,146.3533333,0.281666667,Happy
235.6266667,393.51,160.1666667,Happy
30.375,435.4566667,405.0816667,Happy
0.006666667,1261.506667,1261.5,Happy
264.0066667,297.7233333,34.56,Happy
384.0,462.0441667,78.48166667,Happy
254.8016667,433.0166667,178.215,Happy
741.4816667,3720.763333,2979.281667,Happy
1058.681667,1756.363333,697.6816667,Happy
91.26,1117.384167,1027.041667,Happy
420.0066667,453.4908333,34.08166667,Happy
198.375,2594.376667,2396.001667,Happy
390.4266667,458.9041667,67.335,Happy
9.375,101.4166667,92.04166667,Happy
152.0066667,885.63,734.8266667,Happy
8.401666667,241.7666667,234.375,Happy
995.8816667,1294.096667,298.215,Happy
343.5266667,1817.816667,1472.666667,Happy
661.5,3722.750833,3060.041667,Happy
272.0266667,282.1633333,11.20666667,Happy
172.8066667,2071.363333,1901.04,Happy
1029.66,2245.186667,1215.526667,Happy
8.64,1715.546667,1706.906667,Happy
0.666666667,933.1733333,932.5066667,Happy
250.9066667,1753.203333,1504.166667,Happy
115.2816667,245.0733333,129.735,Happy
710.6816667,1112.483333,401.8016667,Happy
365.04,377.6108333,13.20166667,Happy
22.815,993.0966667,970.2816667,Happy
763.8816667,2166.166667,1401.481667,Happy
100.0416667,119.1233333,19.08166667,Happy
71.415,212.2733333,139.2016667,Happy
450.6666667,547.0041667,96.80166667,Happy
642.735,647.7766667,5.041666667,Happy
318.2816667,319.7808333,0.806666667,Happy
311.04,731.1641667,421.6816667,Happy
406.7266667,424.71,16.66666667,Happy
403.44,4080.456667,3680.326667,Happy
184.815,1543.83,1359.015,Happy
667.815,1203.63,535.815,Happy
745.935,809.1741667,64.02666667,Happy
342.015,1095.020833,752.64,Happy
549.1266667,628.3333333,79.20666667,Happy
30.82666667,1449.3975,1419.881667,Happy
172.8066667,1395.9975,1224.081667,Happy
1347.001667,2611.5,1264.401667,Happy
146.0266667,1209.043333,1061.34,Happy
54.60166667,1709.320833,1653.36,Happy
12.04166667,273.6866667,260.0416667,Happy
22.815,413.8541667,390.4266667,Happy
12.04166667,1236.123333,1224.081667,Happy
0.015,17.01666667,17.00166667,Happy
198.375,2345.416667,2147.041667,Happy
160.1666667,1000.333333,840.1666667,Happy
1617.041667,3194.966667,1577.881667,Happy
10.40166667,208.7766667,198.375,Happy
1466.406667,3541.576667,2075.76,Happy
7.935,84.03333333,75.615,Happy
36.015,42.35333333,7.041666667,Happy
428.415,1002.433333,574.2816667,Happy
0.54,2.670833333,2.041666667,Happy
1.706666667,44.37333333,42.66666667,Happy
252.2016667,1075.883333,823.6816667,Happy
39.015,75.03,36.015,Happy
113.535,360.5766667,247.0416667,Happy
3.375,1032.886667,1032.281667,Happy
217.2016667,2254.6875,2038.726667,Happy
52.80666667,294.15,240.6666667,Happy
495.0416667,3097.393333,2600.001667,Happy
440.3266667,439.7308333,0.281666667,Happy
319.74,1117.003333,798.1066667,Happy
58.28166667,461.1,405.0816667,Happy
303.8816667,439.2566667,135.375,Happy
393.66,2427.670833,2035.041667,Happy
715.0416667,831.8541667,116.16,Happy
413.34,2452.066667,2038.726667,Happy
438.615,827.3808333,390.4266667,Happy
8.881666667,816.4866667,805.0416667,Happy
75.615,102.7808333,27.30666667,Happy
957.6066667,3645.773333,2688.166667,Happy
977.9266667,1329.576667,352.6666667,Happy
285.66,325.7908333,41.08166667,Happy
4.166666667,931.6933333,927.5266667,Happy
1264.401667,3373.776667,2109.375,Happy
420.0066667,963.5241667,543.4016667,Happy
384.0,1498.083333,1115.206667,Happy
43.20166667,358.5766667,315.375,Happy
604.0066667,2423.310833,1820.041667,Happy
358.8266667,3892.053333,3533.226667,Happy
646.8816667,2444.7,1799.201667,Happy
830.7266667,2180.083333,1350.0,Happy
3.375,92.00083333,88.16666667,Happy
1027.041667,2663.843333,1636.801667,Happy
10.40166667,1089.234167,1077.36,Happy
545.3066667,560.4033333,17.34,Happy
447.2066667,3551.170833,3105.375,Happy
47.04,243.6833333,194.94,Happy
539.6016667,3789.0075,3248.026667,Happy
29.04,309.6708333,281.535,Happy
108.375,1063.456667,955.0816667,Happy
360.375,361.7208333,0.54,Happy
554.8816667,961.7475,406.7266667,Happy
354.2016667,378.6033333,24.40166667,Happy
517.0816667,1895.393333,1377.135,Happy
204.1666667,429.8166667,225.7066667,Happy
17.68166667,484.0833333,466.4016667,Happy
210.0416667,261.9608333,52.80666667,Happy
0.481666667,336.4833333,336.0016667,Happy
745.935,1855.940833,1109.76,Happy
844.9066667,1199.816667,355.74,Happy
62.08166667,260.4566667,198.375,Happy
17.00166667,528.1933333,513.375,Happy
244.4816667,589.5233333,345.0416667,Happy
305.3066667,502.5333333,197.2266667,Happy
244.4816667,914.8275,669.9266667,Happy
40.04166667,41.65416667,1.926666667,Happy
289.815,688.1133333,395.2816667,Happy
708.5066667,1900.723333,1192.86,Happy
871.215,3060.780833,2188.86,Happy
18.72666667,33.45333333,14.72666667,Happy
294.0,697.44,403.44,Happy
1215.526667,2707.053333,1491.526667,Happy
691.2266667,974.1333333,282.9066667,Happy
12.32666667,1120.870833,1107.041667,Happy
478.8266667,3030.2775,2550.281667,Happy
348.0816667,350.0541667,2.666666667,Happy
57.66,413.4,355.74,Happy
315.375,3686.966667,3374.881667,Happy
257.415,2799.456667,2542.041667,Happy
4.335,138.3741667,134.4266667,Happy
280.1666667,315.6508333,35.04166667,Happy
489.6066667,1543.404167,1053.375,Happy
330.0416667,3402.166667,3069.081667,Happy
1383.201667,3603.134167,2219.526667,Happy
464.64,3032.630833,2566.801667,Happy
319.74,1497.870833,1178.801667,Happy
61.44,64.36333333,2.406666667,Happy
158.1066667,225.9375,68.68166667,Happy
1148.166667,1720.493333,572.3266667,Happy
471.7066667,1018.990833,547.215,Happy
11.20666667,623.2666667,612.06,Happy
1463.281667,2870.883333,1407.601667,Happy
1620.326667,2888.016667,1267.306667,Happy
871.215,947.1266667,74.20166667,Happy
24.80666667,64.33333333,39.52666667,Happy
296.8066667,2219.266667,1922.46,Happy
185.9266667,797.9866667,612.06,Happy
70.72666667,856.6566667,788.9066667,Happy
520.8016667,529.8808333,10.14,Happy
4.681666667,20.94083333,16.00666667,Happy
81.40166667,101.9366667,20.535,Happy
180.4016667,711.66,532.0416667,Happy
132.54,1796.816667,1666.666667,Happy
482.4066667,2565.613333,2083.206667,Happy
689.0816667,2246.486667,1558.481667,Happy
169.6016667,185.9366667,16.335,Happy
248.3266667,457.1866667,208.86,Happy
303.8816667,407.5141667,102.5066667,Happy
9.126666667,766.2533333,757.1266667,Happy
102.5066667,273.4166667,172.8066667,Happy
262.6816667,479.7666667,219.615,Happy
812.0066667,1560.173333,748.1666667,Happy
108.375,833.5266667,728.2016667,Happy
702.0016667,1163.334167,461.1266667,Happy
1.215,1089.233333,1090.801667,Happy
413.34,2069.190833,1656.681667,Happy
363.4816667,413.2066667,47.60166667,Happy
236.8816667,1967.483333,1730.601667,Happy
393.66,2045.323333,1653.36,Happy
148.0066667,163.4166667,14.10666667,Happy
4.86,643.2833333,640.6666667,Happy
844.9066667,950.8241667,106.6816667,Happy
1603.935,3675.976667,2072.041667,Happy
35.52666667,88.98416667,53.40166667,Happy
443.76,3022.986667,2579.226667,Happy
382.4016667,910.9666667,528.2816667,Happy
363.4816667,580.6833333,217.2016667,Happy
1.401666667,1.5,0.001666667,Happy
0.601666667,1563.954167,1561.706667,Happy
16.66666667,614.3366667,596.0066667,Happy
576.24,1411.68,835.44,Happy
231.8816667,926.1666667,693.375,Happy
183.7066667,209.4041667,26.04166667,Happy
76.32666667,691.1233333,616.1066667,Happy
5.041666667,281.8941667,277.44,Happy
17.34,339.4441667,321.2016667,Happy
48.16666667,673.7108333,626.2816667,Happy
382.4016667,677.9008333,294.0,Happy
0.0,1422.96,1422.96,Happy
743.7066667,2825.416667,2083.206667,Happy
480.615,2396.814167,1915.306667,Happy
52.215,412.59,360.375,Happy
655.215,1862.966667,1207.001667,Happy
231.8816667,1812.0075,1581.126667,Happy
1426.041667,2725.523333,1299.481667,Happy
265.335,888.2466667,626.2816667,Happy
52.80666667,161.9041667,108.375,Happy
515.2266667,1880.850833,1365.041667,Happy
363.4816667,428.1633333,64.68166667,Happy
450.6666667,451.8841667,0.375,Happy
970.2816667,1602.954167,632.4266667,Happy
64.02666667,87.49666667,23.20666667,Happy
513.375,765.8541667,250.9066667,Happy
17.68166667,858.1933333,837.8016667,Happy
1042.801667,1149.483333,106.6816667,Happy
116.16,2602.490833,2484.735,Happy
788.9066667,1023.804167,234.375,Happy
74.90666667,115.6566667,39.52666667,Happy
94.40666667,188.8133333,94.40666667,Happy
196.0816667,201.0741667,4.506666667,Happy
339.0016667,1995.683333,1656.681667,Happy
6.826666667,77.79083333,71.415,Happy
793.5,846.5708333,52.215,Happy
9.626666667,17.80416667,7.935,Happy
537.7066667,1474.603333,937.5,Happy
551.0416667,881.0833333,330.0416667,Happy
570.375,724.4866667,155.0416667,Happy
280.1666667,1944.87,1666.666667,Happy
665.7066667,2667.733333,2002.026667,Happy
303.8816667,346.9133333,41.08166667,Happy
1101.615,2110.480833,1008.806667,Happy
330.0416667,337.5233333,7.481666667,Happy
170.6666667,2901.333333,2730.666667,Happy
766.14,1115.746667,349.6066667,Happy
864.0,896.6666667,32.66666667,Happy
1096.201667,2334.694167,1238.406667,Happy
75.615,966.2166667,890.6016667,Happy
1085.415,1468.913333,382.4016667,Happy
1085.415,2624.616667,1539.201667,Happy
1181.606667,3147.266667,1965.66,Happy
457.6266667,884.4166667,426.7266667,Happy
53.40166667,733.9366667,680.535,Happy
1513.681667,2789.723333,1276.041667,Happy
357.2816667,2300.254167,1944.0,Happy
69.36,282.0308333,212.415,Happy
3.375,44.12083333,40.56,Happy
40.04166667,471.8433333,431.8016667,Happy
590.0416667,1638.123333,1048.081667,Happy
198.375,780.9208333,584.1066667,Happy
604.0066667,1310.424167,706.335,Happy
331.5266667,1656.15,1326.106667,Happy
504.1666667,706.6833333,201.84,Happy
0.006666667,1717.056667,1720.426667,Happy
895.4816667,1840.433333,945.015,Happy
37.5,214.6266667,177.1266667,Happy
524.535,1742.91,1218.375,Happy
128.8066667,893.6166667,761.6266667,Happy
4.166666667,32.33333333,28.16666667,Happy
376.0416667,428.46,54.60166667,Happy
30.82666667,31.06666667,0.24,Happy
1167.615,2473.153333,1305.375,Happy
212.415,3272.456667,3060.041667,Happy
632.4266667,1181.696667,549.1266667,Happy
14.415,164.7266667,151.0016667,Happy
166.4266667,176.9641667,9.881666667,Happy
120.6016667,126.4033333,5.801666667,Happy
23.60166667,675.4875,653.1266667,Happy
318.2816667,911.7666667,594.015,Happy
14.72666667,1173.986667,1159.26,Happy
25.62666667,1231.004167,1207.001667,Happy
513.375,2901.39,2388.015,Happy
92.04166667,170.5541667,77.76,Happy
16.00666667,1784.173333,1768.166667,Happy
572.3266667,1911.39,1338.026667,Happy
114.4066667,1787.746667,1673.34,Happy
16.00666667,1043.376667,1024.426667,Happy
112.6666667,124.4166667,12.32666667,Happy
1244.16,2970.856667,1727.206667,Happy
58.90666667,1076.4975,1016.601667,Happy
1485.226667,2283.333333,798.1066667,Happy
158.1066667,2731.630833,2575.081667,Happy
524.535,3314.040833,2790.726667,Happy
0.806666667,332.3333333,331.5266667,Happy
6.0,203.2266667,197.2266667,Happy
193.8016667,225.6675,32.66666667,Happy
1139.881667,3379.793333,2238.801667,Happy
515.2266667,521.2266667,6.0,Happy
167.4816667,2720.354167,2554.406667,Happy
1.401666667,299.6166667,298.215,Happy
6.826666667,18.58666667,11.76,Happy
321.2016667,478.7266667,157.0816667,Happy
238.14,1902.510833,1663.335,Happy
98.415,134.1133333,37.00166667,Happy
43.74,1225.346667,1181.606667,Happy
0.001666667,956.3475,957.6066667,Happy
9.126666667,13.98666667,4.86,Happy
1656.681667,3930.674167,2273.706667,Happy
489.6066667,593.7733333,104.1666667,Happy
30.82666667,367.2833333,337.5,Happy
459.375,932.8333333,473.4816667,Happy
21.28166667,1135.314167,1115.206667,Happy
610.0416667,689.82,77.04166667,Happy
1.926666667,10.69666667,8.64,Happy
264.0066667,569.2641667,303.8816667,Happy
235.6266667,532.3575,295.4016667,Happy
752.64,1395.290833,642.735,Happy
398.535,1473.216667,1074.681667,Happy
428.415,1530.03,1101.615,Happy
107.5266667,366.2533333,258.7266667,Happy
118.815,1063.83,945.015,Happy
126.96,2056.586667,1929.626667,Happy
0.026666667,217.2166667,218.4066667,Happy
21.66,615.2966667,592.0266667,Happy
1064.001667,1646.833333,582.135,Happy
455.8816667,1413.880833,957.6066667,Happy
151.0016667,606.5141667,454.14,Happy
340.5066667,645.8133333,305.3066667,Happy
462.8816667,465.8608333,2.16,Happy
0.24,1165.066667,1164.826667,Happy
47.04,591.0033333,541.5,Happy
1.306666667,771.9733333,770.6666667,Happy
187.0416667,834.8866667,651.0416667,Happy
204.1666667,824.3333333,620.1666667,Happy
757.1266667,2825.453333,2068.326667,Happy
452.4016667,468.2466667,13.80166667,Happy
201.84,378.8966667,177.1266667,Happy
1027.041667,1226.886667,198.375,Happy
136.3266667,579.7041667,442.0416667,Happy
354.2016667,3052.194167,2696.64,Happy
75.615,136.4166667,60.80166667,Happy
426.7266667,2231.176667,1802.666667,Happy
469.935,3443.420833,2974.826667,Happy
717.2266667,4380.523333,3660.54,Happy
48.16666667,47.68333333,0.106666667,Happy
1069.335,1161.713333,90.48166667,Happy
210.0416667,347.1,137.2816667,Happy
0.201666667,37.74,38.00166667,Happy
23.20666667,1264.096667,1244.16,Happy
92.82666667,1018.656667,927.5266667,Happy
289.815,569.9941667,280.1666667,Happy
111.8016667,411.1541667,299.6266667,Happy
1112.481667,2121.354167,1008.806667,Happy
48.16666667,68.33333333,20.16666667,Happy
193.8016667,1969.98,1778.481667,Happy
578.2016667,1918.193333,1341.015,Happy
466.4016667,3407.040833,2939.306667,Happy
770.6666667,840.0266667,69.36,Happy
187.0416667,217.4166667,30.375,Happy
0.281666667,449.2166667,448.935,Happy
61.44,2820.230833,2760.615,Happy
475.26,648.7766667,170.6666667,Happy
1137.126667,2161.696667,1024.426667,Happy
428.415,850.1133333,421.6816667,Happy
14.415,737.2741667,721.6066667,Happy
7.706666667,1152.883333,1148.166667,Happy
29.92666667,987.5333333,957.6066667,Happy
2.535,1503.536667,1501.001667,Happy
4.86,24.12333333,19.44,Happy
1.601666667,537.4166667,535.815,Happy
528.2816667,1217.1,689.0816667,Happy
821.34,848.3441667,26.04166667,Happy
1.601666667,457.4833333,455.8816667,Happy
83.62666667,1772.963333,1686.726667,Happy
704.1666667,3581.826667,2877.66,Happy
31.74,1235.906667,1204.166667,Happy
91.26,235.32,144.06,Happy
861.6016667,1102.14,239.4016667,Happy
741.4816667,822.8833333,81.40166667,Happy
522.6666667,523.6266667,0.96,Happy
430.1066667,448.1366667,16.00666667,Happy
620.1666667,934.0933333,313.9266667,Happy
0.735,336.7366667,336.0016667,Happy
197.2266667,741.7766667,541.5,Happy
57.04166667,257.7233333,200.6816667,Happy
1.306666667,165.0641667,163.2816667,Happy
333.015,887.8966667,554.8816667,Happy
398.535,404.3366667,5.801666667,Happy
669.9266667,671.8533333,1.926666667,Happy
366.6016667,1316.643333,950.0416667,Happy
413.34,977.88,564.54,Happy
10.40166667,1058.483333,1048.081667,Happy
517.0816667,518.8875,2.666666667,Happy
819.0016667,1405.446667,586.0816667,Happy
230.64,296.5633333,65.34,Happy
96.0,2127.36,2031.36,Happy
1156.481667,1906.883333,750.4016667,Happy
372.8816667,419.4733333,47.60166667,Happy
220.8266667,869.7866667,648.96,Happy
164.3266667,387.5866667,223.26,Happy
930.015,1026.913333,95.20166667,Happy
50.46,1533.123333,1485.226667,Happy
468.1666667,961.35,493.2266667,Happy
276.0816667,1768.966667,1494.681667,Happy
200.6816667,976.4475,775.2066667,Happy
5.226666667,1770.15,1768.166667,Happy
62.72666667,1255.586667,1192.86,Happy
52.80666667,1361.133333,1308.326667,Happy
319.74,1519.616667,1198.506667,Happy
2.16,336.6666667,334.5066667,Happy
171.735,964.6208333,793.5,Happy
79.20666667,491.6166667,410.0266667,Happy
4.166666667,657.2933333,653.1266667,Happy
445.4816667,1740.3,1293.601667,Happy
418.335,1921.754167,1504.166667,Happy
161.2016667,161.9366667,0.735,Happy
835.44,4076.456667,3238.726667,Happy
743.7066667,2078.370833,1335.041667,Happy
471.7066667,638.1333333,166.4266667,Happy
405.0816667,409.4166667,4.335,Happy
295.4016667,655.9266667,360.375,Happy
777.4816667,1719.874167,942.5066667,Happy
133.4816667,1880.166667,1744.215,Happy
346.56,587.2266667,240.6666667,Happy
380.8066667,515.8833333,134.4266667,Happy
306.735,3182.920833,2877.66,Happy
628.3266667,4197.024167,3567.281667,Happy
58.28166667,570.4208333,511.5266667,Happy
130.6666667,1013.973333,883.3066667,Happy
15.68166667,1291.723333,1276.041667,Happy
562.6016667,678.2341667,116.16,Happy
276.0816667,867.7941667,592.0266667,Happy
1.706666667,1.704166667,0.041666667,Happy
13.80166667,2023.446667,2013.001667,Happy
387.2066667,388.6441667,0.601666667,Happy
153.015,710.8333333,554.8816667,Happy
181.5,1073.203333,893.04,Happy
1131.626667,2689.870833,1558.481667,Happy
406.7266667,2300.653333,1893.926667,Happy
1587.626667,3885.416667,2297.126667,Happy
198.375,2416.753333,2215.681667,Happy
87.40166667,137.1,51.04166667,Happy
41.60666667,1338.146667,1296.54,Happy
1435.306667,2467.824167,1032.281667,Happy
174.96,198.5108333,22.815,Happy
151.0016667,178.1741667,26.46,Happy
58.28166667,454.5666667,395.2816667,Happy
403.44,1628.130833,1224.081667,Happy
351.135,351.9341667,0.026666667,Happy
57.04166667,91.95333333,35.04166667,Happy
10.66666667,563.6266667,552.96,Happy
1098.906667,2752.266667,1653.36,Happy
447.2066667,1335.373333,888.1666667,Happy
859.2066667,2043.830833,1184.415,Happy
214.8016667,307.26,90.48166667,Happy
244.4816667,466.4941667,223.26,Happy
253.5,729.2433333,478.8266667,Happy
244.4816667,1724.354167,1478.94,Happy
3.081666667,166.3633333,163.2816667,Happy
261.36,2054.963333,1795.74,Happy
82.14,2608.483333,2529.706667,Happy
26.88166667,463.3666667,435.2016667,Happy
515.2266667,698.9333333,183.7066667,Happy
69.36,337.6908333,268.0016667,Happy
484.2016667,2036.243333,1552.041667,Happy
1302.426667,3472.6575,2169.801667,Happy
0.326666667,1159.586667,1159.26,Happy
229.4016667,2072.673333,1841.001667,Happy
562.6016667,1003.040833,440.3266667,Happy
475.26,628.0433333,150.0,Happy
14.10666667,101.8166667,88.16666667,Happy
204.1666667,2649.536667,2448.24,Happy
41.60666667,188.0966667,146.0266667,Happy
385.6016667,940.1666667,554.8816667,Happy
112.6666667,986.2933333,873.6266667,Happy
1241.281667,1564.654167,322.6666667,Happy
52.215,2980.760833,2930.46,Happy
915.135,2835.126667,1918.881667,Happy
101.6816667,435.3666667,333.015,Happy
403.44,747.0966667,343.5266667,Happy
322.6666667,374.2933333,51.62666667,Happy
1.126666667,216.4841667,214.8016667,Happy
11.76,723.3908333,710.6816667,Happy
812.0066667,827.5366667,12.90666667,Happy
340.5066667,648.75,308.1666667,Happy
34.56,132.3308333,98.415,Happy
133.4816667,1178.074167,1045.44,Happy
704.1666667,4564.973333,3860.806667,Happy
105.84,879.4908333,772.935,Happy
139.2016667,253.6541667,114.4066667,Happy
1.041666667,860.1666667,856.815,Happy
38.50666667,1669.216667,1633.5,Happy
1.815,28.16666667,26.04166667,Happy
482.4066667,1826.413333,1344.006667,Happy
420.0066667,460.6966667,38.50666667,Happy
868.8066667,1132.813333,264.0066667,Happy
17.00166667,51.9,35.04166667,Happy
282.9066667,1810.230833,1526.415,Happy
676.2816667,1451.414167,775.2066667,Happy
612.06,1236.323333,624.24,Happy
343.5266667,1409.043333,1066.666667,Happy
90.48166667,861.9266667,772.935,Happy
0.96,117.12,116.16,Happy
197.2266667,1448.896667,1249.926667,Happy
91.26,96.78416667,5.041666667,Happy
77.76,77.32333333,0.326666667,Happy
761.6266667,1280.176667,518.94,Happy
821.34,1955.510833,1134.375,Happy
38.50666667,1021.546667,983.04,Happy
64.02666667,540.4166667,475.26,Happy
398.535,509.3933333,110.0816667,Happy
532.0416667,3241.416667,2709.375,Happy
366.6016667,517.6033333,151.0016667,Happy
403.44,1313.230833,910.2016667,Happy
612.06,777.5233333,166.4266667,Happy
352.6666667,354.6833333,0.54,Happy
506.0016667,2430.3,1926.041667,Happy
10.66666667,192.8508333,182.6016667,Happy
137.2816667,2638.323333,2501.041667,Happy
156.06,909.3108333,754.8816667,Happy
454.14,2820.016667,2368.106667,Happy
734.8266667,3516.933333,2782.106667,Happy
1278.96,1566.163333,285.66,Happy
91.26,142.2041667,51.04166667,Happy
793.5,1021.666667,228.1666667,Happy
897.9266667,922.7333333,24.80666667,Happy
96.80166667,121.8075,24.80666667,Happy
715.0416667,1201.234167,486.0,Happy
737.0416667,747.9,8.881666667,Happy
890.6016667,1331.926667,442.0416667,Happy
1356.006667,2065.35,708.5066667,Happy
507.84,2056.666667,1548.826667,Happy
1290.666667,4159.573333,2868.906667,Happy
60.80166667,320.1666667,260.0416667,Happy
233.1266667,340.0108333,106.6816667,Happy
42.135,42.87,0.735,Happy
14.10666667,2282.130833,2269.815,Happy
655.215,769.2866667,115.2816667,Happy
28.16666667,507.6708333,480.615,Happy
382.4016667,2065.776667,1683.375,Happy
653.1266667,760.8841667,108.375,Happy
15.36,1225.2,1209.84,Happy
71.415,661.4566667,590.0416667,Happy
25.62666667,272.2566667,248.3266667,Happy
380.8066667,3346.733333,2965.926667,Happy
564.54,650.8566667,83.62666667,Happy
576.24,779.6166667,204.1666667,Happy
57.04166667,531.6866667,473.4816667,Happy
171.735,2384.960833,2211.84,Happy
120.6016667,129.9766667,9.375,Happy
210.0416667,1118.966667,910.2016667,Happy
6.0,501.2433333,496.86,Happy
730.4066667,987.4166667,256.1066667,Happy
648.96,1512.96,864.0,Happy
165.375,1822.056667,1656.681667,Happy
382.4016667,785.8208333,403.44,Happy
0.375,235.9533333,234.375,Happy
238.14,968.5466667,730.4066667,Happy
81.40166667,584.8333333,502.335,Happy
264.0066667,713.1441667,448.935,Happy
506.0016667,963.6741667,457.6266667,Happy
343.5266667,1404.866667,1061.34,Happy
646.8816667,1219.1475,572.3266667,Happy
506.0016667,2660.616667,2154.615,Happy
7.041666667,858.0008333,849.66,Happy
234.375,983.7933333,750.4016667,Happy
278.8016667,426.1933333,147.015,Happy
0.06,1332.12,1332.06,Happy
920.0816667,4816.483333,3896.401667,Happy
126.96,343.2433333,218.4066667,Happy
416.6666667,476.6166667,57.66,Happy
704.1666667,2060.173333,1356.006667,Happy
87.40166667,168.8033333,81.40166667,Happy
1232.666667,4694.4375,3460.801667,Happy
791.2016667,1124.216667,333.015,Happy
8.166666667,583.3108333,574.2816667,Happy
211.2266667,602.0833333,393.66,Happy
162.24,181.7041667,19.80166667,Happy
2.801666667,798.6033333,795.8016667,Happy
32.20166667,106.9875,74.90666667,Happy
15.36,132.7233333,117.9266667,Happy
268.0016667,268.5933333,2.041666667,Happy
311.04,2308.310833,1998.375,Happy
31.28166667,560.2741667,530.16,Happy
706.335,979.71,273.375,Happy
8.881666667,305.4466667,295.4016667,Happy
325.6066667,480.0966667,154.0266667,Happy
308.1666667,1087.083333,779.76,Happy
45.375,54.90083333,9.126666667,Happy
0.281666667,98.31416667,97.60666667,Happy
772.935,1536.806667,763.8816667,Happy
2.406666667,1085.133333,1082.726667,Happy
461.1266667,1126.483333,665.7066667,Happy
1398.426667,3285.253333,1886.826667,Happy
143.0816667,777.5633333,634.4816667,Happy
159.135,325.5741667,166.4266667,Happy
191.535,859.35,667.815,Happy
9.375,1191.233333,1184.415,Happy
634.4816667,2071.846667,1438.401667,Happy
8.166666667,33.61666667,25.62666667,Happy
4.335,1786.433333,1785.375,Happy
775.2066667,1747.763333,972.8266667,Happy
160.1666667,350.5733333,190.4066667,Happy
68.68166667,484.6733333,415.0016667,Happy
223.26,585.1866667,361.9266667,Happy
1085.415,1580.456667,495.0416667,Happy
216.0,575.1766667,361.9266667,Happy
620.1666667,2411.7375,1792.281667,Happy
507.84,896.7708333,388.815,Happy
25.215,277.8608333,253.5,Happy
315.375,415.4166667,100.0416667,Happy
234.375,664.2608333,430.1066667,Happy
169.6016667,170.2408333,1.126666667,Happy
19.08166667,1666.166667,1650.041667,Happy
1276.041667,4761.854167,3484.86,Happy
466.4016667,1078.334167,612.06,Happy
682.6666667,1216.35,533.9266667,Happy
9.626666667,391.3575,382.4016667,Happy
34.56,88.44333333,52.80666667,Happy
183.7066667,641.3333333,457.6266667,Happy
256.1066667,2238.744167,1983.801667,Happy
63.375,1428.416667,1365.041667,Happy
0.375,365.3666667,366.6016667,Happy
420.0066667,524.1733333,104.1666667,Happy
1167.615,2053.713333,885.735,Happy
199.5266667,678.99,478.8266667,Happy
231.8816667,1074.416667,842.535,Happy
282.9066667,298.1641667,14.415,Happy
292.6016667,360.3008333,66.66666667,Happy
180.4016667,352.1366667,171.735,Happy
14.72666667,485.3908333,469.935,Happy
748.1666667,1798.893333,1050.726667,Happy
23.20666667,578.4833333,552.96,Happy
2.535,613.5208333,612.06,Happy
11.48166667,917.8541667,907.74,Happy
55.815,546.0208333,489.6066667,Happy
56.42666667,415.2533333,358.8266667,Happy
190.4066667,232.0133333,41.60666667,Happy
0.026666667,357.2966667,355.74,Happy
191.535,1782.416667,1590.881667,Happy
610.0416667,614.6541667,3.526666667,Happy
41.08166667,544.5941667,504.1666667,Happy
265.335,337.3933333,71.415,Happy
1056.026667,3150.970833,2094.401667,Happy
24.0,1133.76,1109.76,Happy
504.1666667,617.8033333,112.6666667,Happy
1101.615,1101.656667,0.041666667,Happy
352.6666667,1426.7775,1074.681667,Happy
2.801666667,416.0066667,415.0016667,Happy
387.2066667,1406.413333,1019.206667,Happy
466.4016667,2473.98,2005.681667,Happy
541.5,571.2708333,28.60166667,Happy
5.226666667,124.23,117.9266667,Happy
0.081666667,1024.486667,1021.815,Happy
287.0416667,320.1941667,33.60666667,Happy
212.415,594.8166667,382.4016667,Happy
114.4066667,394.5733333,280.1666667,Happy
298.215,564.9208333,266.6666667,Happy
172.8066667,1485.163333,1314.24,Happy
368.1666667,1727.904167,1359.015,Happy
114.4066667,608.9775,495.0416667,Happy
25.62666667,455.7333333,430.1066667,Happy
201.84,1337.010833,1134.375,Happy
562.6016667,563.0833333,0.481666667,Happy
0.24,1614.0,1613.76,Happy
194.94,293.1908333,98.415,Happy
52.215,585.5533333,535.815,Happy
826.0266667,2895.723333,2068.326667,Happy
85.12666667,155.2041667,70.04166667,Happy
4.506666667,2769.413333,2764.906667,Happy
998.46,3454.786667,2456.326667,Happy
78.48166667,252.3633333,173.8816667,Happy
219.615,824.8333333,606.015,Happy
504.1666667,504.9733333,0.806666667,Happy
871.215,2061.256667,1190.041667,Happy
1299.481667,1845.3075,545.3066667,Happy
54.60166667,466.2833333,411.6816667,Happy
24.80666667,1107.533333,1082.726667,Happy
452.4016667,489.0408333,35.52666667,Happy
0.041666667,482.4333333,480.615,Happy
217.2016667,244.0833333,26.88166667,Happy
247.0416667,1762.954167,1516.86,Happy
82.88166667,157.0833333,74.20166667,Happy
10.40166667,361.5366667,351.135,Happy
0.135,26.17666667,26.04166667,Happy
466.4016667,522.1666667,53.40166667,Happy
0.041666667,1599.0675,1600.666667,Happy
1156.481667,1217.720833,60.16666667,Happy
117.0416667,151.6866667,36.015,Happy
182.6016667,2575.713333,2396.001667,Happy
214.8016667,388.6833333,173.8816667,Happy
16.335,668.2541667,653.1266667,Happy
86.64,95.25666667,9.126666667,Happy
644.8066667,2331.533333,1686.726667,Happy
23.60166667,54.85416667,30.82666667,Happy
112.6666667,266.6933333,154.0266667,Happy
837.8016667,841.4541667,2.406666667,Happy
9.126666667,61.93333333,52.80666667,Happy
955.0816667,1119.846667,163.2816667,Happy
4.681666667,343.6833333,339.0016667,Happy
704.1666667,1391.106667,686.94,Happy
530.16,1130.16,600.0,Happy
1359.015,4207.446667,2847.081667,Happy
206.5066667,1135.35,927.5266667,Happy
0.806666667,515.0708333,513.375,Happy
543.4016667,545.0541667,0.666666667,Happy
274.7266667,345.1041667,70.04166667,Happy
530.16,2196.826667,1666.666667,Happy
937.5,1835.426667,897.9266667,Happy
1112.481667,2526.566667,1413.735,Happy
22.815,1700.974167,1680.026667,Happy
6.615,260.6608333,253.5,Happy
1215.526667,1223.884167,7.041666667,Happy
5.226666667,460.9233333,454.14,Happy
23.60166667,31.26,7.041666667,Happy
211.2266667,1402.456667,1192.86,Happy
210.0416667,2090.966667,1883.281667,Happy
68.00666667,71.53333333,3.526666667,Happy
17.34,283.0166667,266.6666667,Happy
7.041666667,1782.3,1778.481667,Happy
305.3066667,1103.413333,798.1066667,Happy
1.926666667,24.63,22.42666667,Happy
43.20166667,337.6341667,294.0,Happy
180.4016667,306.5341667,125.1266667,Happy
500.5066667,2176.430833,1676.681667,Happy
835.44,4221.010833,3384.375,Happy
604.0066667,606.2966667,0.24,Happy
12.32666667,2372.493333,2360.166667,Happy
71.415,1148.086667,1074.681667,Happy
24.40166667,402.6208333,377.6266667,Happy
1308.326667,3444.856667,2135.706667,Happy
244.4816667,243.2333333,0.015,Happy
49.30666667,240.27,190.4066667,Happy
315.375,316.8333333,0.015,Happy
355.74,385.6666667,29.92666667,Happy
3.526666667,895.4241667,890.6016667,Happy
48.735,1186.433333,1139.881667,Happy
1350.0,5080.026667,3730.026667,Happy
154.0266667,495.03,343.5266667,Happy
145.0416667,1272.166667,1128.881667,Happy
77.76,375.6308333,298.215,Happy
157.0816667,179.9741667,23.20666667,Happy
230.64,1380.810833,1150.935,Happy
53.40166667,81.05416667,28.16666667,Happy
298.215,313.1808333,14.10666667,Happy
0.735,41.81666667,41.08166667,Happy
626.2816667,1367.763333,741.4816667,Happy
950.0416667,4128.643333,3178.601667,Happy
84.375,1166.353333,1085.415,Happy
39.52666667,521.9333333,482.4066667,Happy
844.9066667,1498.323333,653.1266667,Happy
1173.201667,1582.726667,408.375,Happy
382.4016667,1771.683333,1389.281667,Happy
18.375,24.72666667,5.801666667,Happy
316.8266667,370.6575,53.40166667,Happy
602.0016667,636.6733333,32.20166667,Happy
618.135,1186.520833,568.4266667,Happy
31.28166667,425.9808333,393.66,Happy
147.015,175.8941667,28.16666667,Happy
230.64,1183.2,952.56,Happy
1192.86,4865.416667,3670.426667,Happy
0.375,598.3766667,598.0016667,Happy
980.4816667,3552.214167,2570.94,Happy
154.0266667,402.2175,247.0416667,Happy
55.815,1648.020833,1594.14,Happy
632.4266667,904.4533333,272.0266667,Happy
5.801666667,134.8066667,127.8816667,Happy
940.0016667,2187.043333,1247.041667,Happy
788.9066667,2522.906667,1734.0,Happy
138.24,389.1466667,250.9066667,Happy
116.16,352.1633333,238.14,Happy
947.5266667,1076.204167,127.8816667,Happy
496.86,1596.656667,1098.906667,Happy
96.0,341.2833333,243.2066667,Happy
33.135,199.8541667,166.4266667,Happy
602.0016667,1044.043333,442.0416667,Happy
4.506666667,4.744166667,0.135,Happy
1034.906667,3647.413333,2612.506667,Happy
75.615,82.23,6.615,Happy
348.0816667,1231.840833,883.3066667,Happy
2.406666667,176.1633333,174.96,Happy
84.375,119.1533333,35.04166667,Happy
854.4266667,2860.744167,2005.681667,Happy
632.4266667,1240.453333,608.0266667,Happy
12.32666667,2164.904167,2154.615,Happy
22.815,357.8741667,334.5066667,Happy
1516.86,1698.256667,179.3066667,Happy
19.80166667,850.1666667,828.375,Happy
160.1666667,355.2166667,197.2266667,Happy
12.04166667,2115.654167,2105.626667,Happy
41.60666667,44.4975,3.081666667,Happy
18.375,360.39,342.015,Happy
92.04166667,379.0833333,287.0416667,Happy
910.2016667,2058.520833,1148.166667,Happy
380.8066667,701.9441667,321.2016667,Happy
1053.375,3409.576667,2356.201667,Happy
0.96,1944.96,1944.0,Happy
426.7266667,636.5175,210.0416667,Happy
107.5266667,2362.656667,2258.16,Happy
12.615,1191.416667,1178.801667,Happy
183.7066667,360.8241667,178.215,Happy
1368.06,4762.810833,3393.881667,Happy
1320.166667,1355.693333,35.52666667,Happy
0.24,207.8833333,208.86,Happy
689.0816667,716.8166667,27.735,Happy
258.7266667,2209.933333,1951.206667,Happy
46.48166667,50.43333333,4.335,Happy
721.6066667,1272.510833,551.0416667,Happy
365.04,781.7066667,416.6666667,Happy
667.815,1418.216667,750.4016667,Happy
33.135,166.3808333,132.54,Happy
85.12666667,142.2375,57.04166667,Happy
680.535,1593.034167,912.6666667,Happy
930.015,3636.020833,2705.126667,Happy
493.2266667,1884.323333,1392.326667,Happy
61.44,505.2,443.76,Happy
12.90666667,35.77083333,22.815,Happy
37.5,46.88333333,8.64,Happy
812.0066667,2844.723333,2031.36,Happy
301.0416667,396.2433333,95.20166667,Happy
269.34,939.2666667,669.9266667,Happy
1432.215,1750.496667,318.2816667,Happy
1305.375,5002.593333,3695.201667,Happy
28.60166667,451.5266667,425.0416667,Happy
125.1266667,804.75,682.6666667,Happy
26.04166667,48.88666667,22.815,Happy
5.041666667,37.52666667,33.135,Happy
498.6816667,855.6866667,357.2816667,Happy
4.001666667,2539.954167,2537.926667,Happy
77.76,96.16333333,17.34,Happy
0.281666667,1815.080833,1816.56,Happy
167.4816667,619.2066667,452.4016667,Happy
130.6666667,265.0933333,134.4266667,Happy
5.226666667,415.2533333,410.0266667,Happy
92.04166667,2166.334167,2075.76,Happy
13.20166667,231.3133333,219.615,Happy
124.215,425.2566667,301.0416667,Happy
26.46,1192.890833,1167.615,Happy
61.44,70.08,8.64,Happy
86.64,330.1041667,244.4816667,Happy
486.0,492.1366667,4.166666667,Happy
261.36,366.6041667,105.0016667,Happy
127.8816667,212.2566667,84.375,Happy
299.6266667,1202.453333,902.8266667,Happy
582.135,1860.620833,1278.96,Happy
302.46,2084.386667,1781.926667,Happy
489.6066667,3027.533333,2537.926667,Happy
336.0016667,1357.816667,1021.815,Happy
72.80166667,408.0066667,333.015,Happy
5.801666667,508.1366667,502.335,Happy
1024.426667,1465.656667,440.3266667,Happy
201.84,234.2833333,31.74,Happy
574.2816667,736.9808333,162.24,Happy
336.0016667,2393.203333,2057.201667,Happy
343.5266667,2171.530833,1827.015,Happy
72.80166667,613.6066667,539.6016667,Happy
82.88166667,90.1875,6.826666667,Happy
133.4816667,1563.680833,1429.126667,Happy
308.1666667,497.6041667,189.2816667,Happy
960.135,2304.374167,1344.006667,Happy
35.52666667,385.1333333,349.6066667,Happy
199.5266667,201.3641667,1.215,Happy
14.415,17.49666667,3.081666667,Happy
743.7066667,1347.936667,604.0066667,Happy
19.80166667,448.2166667,428.415,Happy
1066.666667,4227.844167,3160.215,Happy
70.04166667,425.1,357.2816667,Happy
732.615,752.9808333,19.44,Happy
40.56,749.0666667,708.5066667,Happy
199.5266667,543.0533333,343.5266667,Happy
47.60166667,120.54,74.20166667,Happy
876.0416667,1084.966667,207.6816667,Happy
38.50666667,196.6133333,158.1066667,Happy
127.8816667,1213.296667,1085.415,Happy
809.6816667,1183.313333,372.8816667,Happy
1238.406667,1273.483333,32.66666667,Happy
303.8816667,588.1633333,284.2816667,Happy
52.215,1117.254167,1066.666667,Happy
533.9266667,974.2533333,440.3266667,Happy
945.015,2065.794167,1120.666667,Happy
602.0016667,1341.154167,739.26,Happy
51.04166667,1041.776667,990.735,Happy
438.615,2110.246667,1670.001667,Happy
86.64,150.6666667,64.02666667,Happy
912.6666667,3682.784167,2769.201667,Happy
123.3066667,148.4433333,26.46,Happy
576.24,1267.466667,691.2266667,Happy
372.8816667,444.5475,72.10666667,Happy
819.0016667,1010.536667,191.535,Happy
4.506666667,42.34416667,38.00166667,Happy
42.66666667,138.6666667,96.0,Happy
518.94,2758.744167,2238.801667,Happy
3.226666667,280.6666667,277.44,Happy
8.881666667,27.9075,18.72666667,Happy
428.415,1508.456667,1080.041667,Happy
745.935,1100.833333,354.2016667,Happy
152.0066667,400.3333333,248.3266667,Happy
261.36,415.3866667,154.0266667,Happy
315.375,1520.234167,1204.166667,Happy
665.7066667,1656.210833,990.735,Happy
1034.906667,2596.613333,1561.706667,Happy
200.6816667,1870.683333,1670.001667,Happy
138.24,1699.946667,1561.706667,Happy
6.826666667,49.49333333,42.66666667,Happy
748.1666667,1809.506667,1061.34,Happy
873.6266667,2811.616667,1936.806667,Happy
1126.14,4966.68,3840.54,Happy
1317.201667,4252.083333,2934.881667,Happy
134.4266667,168.9866667,34.56,Happy
819.0016667,1804.833333,985.6016667,Happy
15.68166667,298.9133333,284.2816667,Happy
7.26,791.5866667,784.3266667,Happy
228.1666667,1478.093333,1249.926667,Happy
99.22666667,147.5175,47.60166667,Happy
39.015,1940.566667,1904.601667,Happy
528.2816667,558.4808333,29.04,Happy
46.48166667,708.54,663.6016667,Happy
993.3066667,3386.736667,2392.006667,Happy
38.50666667,51.41333333,12.90666667,Happy
9.126666667,475.7766667,464.64,Happy
128.8066667,153.6133333,24.80666667,Happy
1.215,1124.616667,1123.401667,Happy
659.4016667,677.6208333,17.34,Happy
11.20666667,11.37333333,0.166666667,Happy
18.72666667,665.9633333,648.96,Happy
123.3066667,125.4833333,2.94,Happy
172.8066667,622.0708333,448.935,Happy
82.88166667,266.4075,183.7066667,Happy
59.535,2135.926667,2079.481667,Happy
89.70666667,1028.844167,940.0016667,Happy
905.2816667,954.78,47.60166667,Happy
124.215,2016.820833,1893.926667,Happy
272.0266667,273.6566667,0.326666667,Happy
114.4066667,235.9066667,121.5,Happy
62.08166667,695.2141667,632.4266667,Happy
26.04166667,151.8341667,125.1266667,Happy
316.8266667,368.4533333,51.62666667,Happy
0.281666667,59.81666667,59.535,Happy
452.4016667,844.3266667,392.0416667,Happy
562.6016667,1566.554167,1003.626667,Happy
0.24,1077.6,1077.36,Happy
35.04166667,294.6675,258.7266667,Happy
477.0416667,570.0866667,92.04166667,Happy
50.46,219.0,168.54,Happy
22.42666667,859.8433333,840.1666667,Happy
163.2816667,173.4466667,10.935,Happy
171.735,227.55,55.815,Happy
216.0,219.8433333,4.86,Happy
19.44,679.2033333,661.5,Happy
139.2016667,144.6208333,6.0,Happy
256.1066667,294.5108333,38.00166667,Happy
459.375,1049.416667,590.0416667,Happy
249.615,1792.980833,1542.406667,Happy
33.60666667,143.0241667,110.0816667,Happy
39.015,81.16083333,42.66666667,Happy
82.88166667,86.56666667,2.801666667,Happy
0.166666667,1412.384167,1413.735,Happy
568.4266667,871.4166667,302.46,Happy
598.0016667,1050.403333,452.4016667,Happy
38.50666667,44.27083333,5.415,Happy
100.86,105.7708333,5.415,Happy
447.2066667,1559.190833,1112.481667,Happy
0.0,17.51083333,17.68166667,Happy
298.215,324.4333333,24.40166667,Happy
244.4816667,1686.894167,1441.5,Happy
92.82666667,115.2533333,22.42666667,Happy
161.2016667,298.4066667,139.2016667,Happy
1597.401667,1791.134167,192.6666667,Happy
40.56,904.56,864.0,Happy
260.0416667,391.6433333,131.6016667,Happy
278.8016667,415.3341667,136.3266667,Happy
1341.015,5439.840833,4097.706667,Happy
13.5,50.10416667,37.00166667,Happy
352.6666667,995.6708333,642.735,Happy
1238.406667,4275.906667,3037.5,Happy
558.735,1085.114167,526.4066667,Happy
194.94,994.7708333,800.415,Happy
137.2816667,1282.683333,1145.401667,Happy
47.60166667,88.72666667,41.08166667,Happy
592.0266667,994.0041667,401.8016667,Happy
18.72666667,557.5575,539.6016667,Happy
201.84,271.2,69.36,Happy
4.681666667,2183.914167,2181.226667,Happy
62.08166667,543.8466667,484.2016667,Happy
380.8066667,1435.776667,1056.026667,Happy
443.76,590.4108333,147.015,Happy
201.84,930.5641667,728.2016667,Happy
376.0416667,811.3666667,435.2016667,Happy
106.6816667,478.3541667,371.3066667,Happy
835.44,3408.163333,2570.94,Happy
15.36,146.0266667,130.6666667,Happy
301.0416667,1553.856667,1252.815,Happy
2.041666667,87.28666667,85.88166667,Happy
393.66,1545.170833,1150.935,Happy
469.935,2614.200833,2143.26,Happy
840.1666667,1284.576667,443.76,Happy
2.041666667,1169.656667,1167.615,Happy
897.9266667,1328.79,430.1066667,Happy
311.04,333.4666667,22.42666667,Happy
0.041666667,55.85666667,55.815,Happy
719.415,750.2141667,29.92666667,Happy
506.0016667,512.0541667,5.226666667,Happy
31.74,137.2033333,105.84,Happy
51.04166667,229.7666667,180.4016667,Happy
247.0416667,545.2566667,298.215,Happy
239.4016667,1242.3675,1003.626667,Happy
876.0416667,3864.243333,2988.201667,Happy
198.375,910.0866667,710.6816667,Happy
199.5266667,667.6933333,468.1666667,Happy
726.0,842.16,116.16,Happy
30.82666667,2121.493333,2090.666667,Happy
366.6016667,1423.174167,1056.026667,Happy
91.26,625.1866667,533.9266667,Happy
250.9066667,1769.656667,1516.86,Happy
6.0,328.6666667,322.6666667,Happy
128.8066667,211.5975,82.88166667,Happy
139.2016667,387.3675,248.3266667,Happy
253.5,433.0166667,179.3066667,Happy
35.52666667,230.4666667,194.94,Happy
48.735,1562.416667,1513.681667,Happy
272.0266667,301.0566667,29.92666667,Happy
97.60666667,222.7333333,125.1266667,Happy
58.90666667,197.1466667,138.24,Happy
0.106666667,279.6041667,278.8016667,Happy
533.9266667,2274.733333,1740.806667,Happy
4.506666667,125.6441667,120.6016667,Happy
897.9266667,1057.456667,158.1066667,Happy
706.335,717.27,10.935,Happy
457.6266667,1237.386667,779.76,Happy
185.9266667,976.5375,791.2016667,Happy
337.5,346.2508333,9.375,Happy
315.375,692.9341667,377.6266667,Happy
147.015,248.6141667,102.5066667,Happy
0.326666667,421.9633333,423.36,Happy
520.8016667,821.8433333,301.0416667,Happy
17.00166667,50.00666667,32.20166667,Happy
496.86,1294.483333,798.1066667,Happy
413.34,1244.066667,830.7266667,Happy
16.335,75.87,59.535,Happy
188.16,495.0508333,306.735,Happy
3.375,163.1008333,160.1666667,Happy
165.375,965.79,800.415,Happy
428.415,459.6966667,31.28166667,Happy
2.801666667,1056.176667,1053.375,Happy
473.4816667,1881.083333,1407.601667,Happy
204.1666667,243.6933333,39.52666667,Happy
1.706666667,1597.424167,1597.401667,Happy
1.401666667,1181.654167,1181.606667,Happy
218.4066667,236.6166667,16.66666667,Happy
151.0016667,527.0433333,376.0416667,Happy
680.535,910.8333333,229.4016667,Happy
160.1666667,326.5766667,166.4266667,Happy
58.90666667,822.1633333,766.14,Happy
238.14,1518.763333,1278.96,Happy
34.56,168.9866667,134.4266667,Happy
0.375,309.9766667,309.6016667,Happy
204.1666667,205.3841667,0.601666667,Happy
187.0416667,699.6866667,513.375,Happy
47.60166667,1934.993333,1890.375,Happy
0.201666667,440.5666667,442.0416667,Happy
18.02666667,17.92416667,0.081666667,Happy
180.4016667,1398.776667,1218.375,Happy
7.935,430.3408333,423.36,Happy
100.0416667,1087.334167,988.1666667,Happy
380.8066667,1082.524167,702.0016667,Happy
207.6816667,248.1133333,42.135,Happy
51.04166667,681.4166667,630.375,Happy
133.4816667,940.1541667,807.36,Happy
2.281666667,402.3266667,398.535,Happy
330.0416667,1277.054167,947.5266667,Happy
23.60166667,965.7133333,945.015,Happy
3.081666667,10.48666667,7.481666667,Happy
900.375,3033.633333,2131.935,Happy
730.4066667,1129.230833,398.535,Happy
1212.681667,4752.78,3538.081667,Happy
78.48166667,1131.856667,1053.375,Happy
97.60666667,1085.773333,988.1666667,Happy
710.6816667,3246.433333,2533.815,Happy
2.041666667,35.17666667,33.135,Happy
46.48166667,1032.083333,985.6016667,Happy
28.16666667,158.5841667,129.735,Happy
185.9266667,193.6566667,6.826666667,Happy
15.36,174.1766667,160.1666667,Happy
138.24,633.7108333,495.0416667,Happy
296.8066667,1504.524167,1207.001667,Happy
116.16,295.2566667,177.1266667,Happy
342.015,993.6333333,651.0416667,Happy
35.04166667,1063.634167,1029.66,Happy
433.5,439.4841667,5.041666667,Happy
192.6666667,661.47,468.1666667,Happy
85.88166667,91.01416667,5.606666667,Happy
156.06,362.7233333,206.5066667,Happy
3.84,9.464166667,5.801666667,Happy
101.6816667,149.7208333,48.16666667,Happy
18.375,57.23333333,38.00166667,Happy
5.226666667,705.0666667,699.84,Happy
349.6066667,1406.763333,1056.026667,Happy
1224.081667,1385.046667,159.135,Happy
0.081666667,34.16333333,34.08166667,Happy
240.6666667,990.5841667,750.4016667,Happy
143.0816667,966.7633333,823.6816667,Happy
82.14,388.5308333,306.735,Happy
143.0816667,256.7266667,113.535,Happy
995.8816667,1097.563333,101.6816667,Happy
333.015,685.6608333,352.6666667,Happy
0.166666667,692.4841667,693.375,Happy
2.281666667,1233.454167,1232.666667,Happy
10.66666667,159.0375,149.0016667,Happy
90.48166667,187.2833333,96.80166667,Happy
78.48166667,215.7633333,137.2816667,Happy
0.026666667,1811.3775,1813.081667,Happy
0.081666667,386.4741667,387.2066667,Happy
161.2016667,916.0833333,754.8816667,Happy
723.8016667,2812.273333,2086.935,Happy
507.84,2370.764167,1862.081667,Happy
343.5266667,1687.533333,1344.006667,Happy
60.16666667,460.3333333,400.1666667,Happy
40.56,227.0833333,185.9266667,Happy
10.14,162.1466667,152.0066667,Happy
81.40166667,855.8408333,775.2066667,Happy
143.0816667,555.4466667,411.6816667,Happy
12.615,612.3266667,602.0016667,Happy
0.601666667,34.27333333,34.08166667,Happy
277.44,1312.346667,1034.906667,Happy
124.215,265.35,141.135,Happy
222.0416667,228.6566667,6.615,Happy
340.5066667,1084.213333,743.7066667,Happy
699.84,1094.043333,393.66,Happy
207.6816667,232.8741667,24.80666667,Happy
640.6666667,2443.333333,1802.666667,Happy
384.0,395.0708333,10.40166667,Happy
365.04,1438.163333,1072.006667,Happy
82.14,417.7641667,336.0016667,Happy
189.2816667,332.22,143.0816667,Happy
69.36,180.1233333,110.94,Happy
387.2066667,1149.483333,761.6266667,Happy
328.56,437.7866667,109.2266667,Happy
24.40166667,161.9608333,138.24,Happy
67.335,81.26083333,14.10666667,Happy
19.44,313.44,294.0,Happy
69.36,175.3633333,107.5266667,Happy
0.881666667,22.92333333,22.04166667,Happy
98.415,231.7666667,131.6016667,Happy
1001.041667,3729.126667,2726.401667,Happy
101.6816667,238.9633333,137.2816667,Happy
14.10666667,41.41333333,27.30666667,Happy
425.0416667,1348.000833,922.56,Happy
210.0416667,362.8866667,153.015,Happy
535.815,1904.440833,1368.06,Happy
192.6666667,482.6108333,289.815,Happy
0.881666667,121.4833333,120.6016667,Happy
455.8816667,802.5541667,346.56,Happy
22.815,247.7141667,225.7066667,Happy
147.015,173.8966667,26.88166667,Happy
144.06,152.9633333,9.626666667,Happy
788.9066667,894.7466667,105.84,Happy
280.1666667,348.8433333,69.36,Happy
348.0816667,350.3633333,2.281666667,Happy
511.5266667,2162.304167,1650.041667,Happy
398.535,911.91,513.375,Happy
462.8816667,468.8941667,5.226666667,Happy
216.0,562.56,346.56,Happy
821.34,3127.883333,2304.96,Happy
745.935,2989.420833,2242.666667,Happy
173.8816667,175.4733333,2.801666667,Happy
614.0816667,1519.363333,905.2816667,Happy
36.015,137.3666667,101.6816667,Happy
628.3266667,1749.683333,1120.666667,Happy
622.2016667,670.1666667,46.48166667,Happy
236.8816667,237.5208333,0.006666667,Happy
97.60666667,233.9333333,136.3266667,Happy
107.5266667,383.8641667,276.0816667,Happy
18.375,311.5008333,294.0,Happy
154.0266667,684.1866667,530.16,Happy
269.34,278.1633333,7.706666667,Happy
60.16666667,122.8933333,62.72666667,Happy
87.40166667,153.4541667,65.34,Happy
96.0,123.6833333,26.46,Happy
19.80166667,650.1766667,630.375,Happy
1.215,188.2566667,187.0416667,Happy
18.02666667,1049.170833,1032.281667,Happy
28.60166667,182.1933333,153.015,Happy
249.615,314.6408333,65.34,Happy
363.4816667,1606.086667,1241.281667,Happy
123.3066667,165.6308333,42.135,Happy
5.606666667,25.32416667,19.80166667,Happy
82.14,215.7241667,133.4816667,Happy
46.48166667,304.2741667,258.7266667,Happy
256.1066667,941.3241667,684.8016667,Happy
11.48166667,74.48666667,63.375,Happy
5.226666667,1067.804167,1064.001667,Happy
130.6666667,131.9766667,0.326666667,Happy
7.706666667,8.330833333,0.481666667,Happy
234.375,781.59,547.215,Happy
144.06,192.2266667,48.16666667,Happy
150.0,150.6666667,0.666666667,Happy
111.8016667,181.7541667,70.72666667,Happy
96.0,144.8508333,48.735,Happy
28.60166667,126.6466667,98.415,Happy
9.126666667,92.50416667,82.88166667,Happy
28.16666667,71.90666667,43.74,Happy
51.62666667,323.6533333,272.0266667,Happy
21.66,1107.456667,1088.106667,Happy
1.601666667,143.6066667,143.0816667,Happy
18.02666667,997.4041667,980.4816667,Happy
5.226666667,10.8375,5.801666667,Happy
6.0,13.27083333,7.481666667,Happy
604.0066667,688.8966667,83.62666667,Happy
13.5,1202.284167,1190.041667,Happy
10.935,142.5366667,131.6016667,Happy
156.06,290.4166667,134.4266667,Happy
178.215,1254.486667,1074.681667,Happy
60.16666667,561.9041667,502.335,Happy
79.20666667,81.44416667,2.535,Happy
191.535,1293.15,1101.615,Happy
249.615,948.1666667,697.6816667,Happy
8.881666667,1020.283333,1011.401667,Happy
324.135,342.2733333,17.00166667,Happy
211.2266667,226.5866667,15.36,Happy
21.66,160.5708333,139.2016667,Happy
100.86,141.2708333,41.08166667,Happy
46.48166667,240.5741667,194.94,Happy
8.881666667,271.5633333,262.6816667,Happy
15.04166667,54.05666667,39.015,Happy
379.215,534.8333333,155.0416667,Happy
36.015,726.4141667,691.2266667,Happy
336.0016667,339.2066667,1.601666667,Happy
23.20666667,24.40416667,1.041666667,Happy
188.16,436.6566667,248.3266667,Happy
706.335,787.7208333,80.66666667,Happy
395.2816667,571.3233333,176.0416667,Happy
0.026666667,35.80416667,36.015,Happy
560.6666667,646.9766667,85.12666667,Happy
82.88166667,88.3875,5.226666667,Happy
158.1066667,782.3466667,624.24,Happy
655.215,2428.166667,1771.601667,Happy
61.44,213.8166667,152.0066667,Happy
217.2016667,701.4033333,484.2016667,Happy
665.7066667,2240.346667,1574.64,Happy
101.6816667,116.7233333,15.04166667,Happy
16.00666667,713.3633333,699.84,Happy
118.815,123.15,4.335,Happy
15.68166667,175.5266667,159.135,Happy
54.60166667,610.8066667,554.8816667,Happy
4.166666667,108.3333333,104.1666667,Happy
469.935,539.8408333,69.36,Happy
96.0,100.1766667,3.526666667,Happy
328.56,600.5866667,272.0266667,Happy
3.526666667,665.0266667,661.5,Happy
3.526666667,478.7866667,475.26,Happy
18.72666667,200.9766667,183.7066667,Happy
114.4066667,501.6133333,387.2066667,Happy
136.3266667,272.6533333,136.3266667,Happy
363.4816667,838.8541667,475.26,Happy
12.32666667,480.4933333,468.1666667,Happy
80.66666667,118.0508333,38.00166667,Happy
102.5066667,288.15,185.9266667,Happy
165.375,324.51,159.135,Happy
110.0816667,300.3541667,190.4066667,Happy
7.26,21.10416667,13.80166667,Happy
86.64,451.68,365.04,Happy
0.135,700.0066667,702.0016667,Happy
278.8016667,738.5666667,459.375,Happy
167.4816667,792.2141667,624.24,Happy
151.0016667,166.0208333,15.36,Happy
145.0416667,520.4866667,376.0416667,Happy
12.90666667,85.01333333,72.10666667,Happy
26.88166667,87.68333333,60.80166667,Happy
277.44,1115.744167,837.8016667,Happy
12.90666667,81.3975,68.68166667,Happy
477.0416667,504.7766667,27.735,Happy
6.826666667,27.73333333,20.90666667,Happy
131.6016667,405.3933333,273.375,Happy
131.6016667,358.2466667,226.935,Happy
49.30666667,177.7633333,128.8066667,Happy
272.0266667,1079.386667,807.36,Happy
254.8016667,321.4466667,66.00166667,Happy
16.335,16.83333333,0.201666667,Happy
182.6016667,955.5366667,772.935,Happy
41.60666667,42.41333333,0.806666667,Happy
111.8016667,148.1933333,36.015,Happy
1.401666667,11.1075,9.626666667,Happy
29.48166667,822.0541667,793.5,Happy
211.2266667,256.0533333,44.82666667,Happy
148.0066667,149.0833333,0.106666667,Happy
26.04166667,67.59416667,41.60666667,Happy
199.5266667,503.5441667,303.8816667,Happy
139.2016667,640.6733333,502.335,Happy
236.8816667,811.1633333,574.2816667,Happy
2.801666667,354.6341667,352.6666667,Happy
400.1666667,1367.906667,967.74,Happy
133.4816667,146.6466667,13.80166667,Happy
18.375,621.5541667,604.0066667,Happy
24.80666667,132.3333333,107.5266667,Happy
1.126666667,315.0533333,313.9266667,Happy
6.201666667,629.3208333,624.24,Happy
47.04,193.0666667,146.0266667,Happy
62.72666667,84.38666667,21.66,Happy
0.426666667,19.86666667,19.44,Happy
7.706666667,136.8641667,129.735,Happy
19.80166667,68.43416667,48.16666667,Happy
154.0266667,155.1233333,0.06,Happy
76.32666667,243.6375,167.4816667,Happy
38.00166667,322.2833333,284.2816667,Happy
88.935,560.1408333,471.7066667,Happy
14.72666667,545.9841667,532.0416667,Happy
160.1666667,659.2441667,498.6816667,Happy
9.375,41.57666667,32.20166667,Happy
13.5,142.3066667,128.8066667,Happy
161.2016667,173.2433333,12.04166667,Happy
4.001666667,300.1875,296.8066667,Happy
222.0416667,888.1941667,665.7066667,Happy
24.0,140.16,116.16,Happy
60.80166667,105.0833333,44.28166667,Happy
413.34,1542.764167,1128.881667,Happy
51.04166667,155.3341667,104.1666667,Happy
40.04166667,376.0433333,336.0016667,Happy
28.16666667,30.27,2.666666667,Happy
101.6816667,674.5741667,572.3266667,Happy
108.375,558.1933333,448.935,Happy
19.08166667,53.58083333,34.56,Happy
0.106666667,197.3333333,197.2266667,Happy
10.14,292.2308333,281.535,Happy
0.026666667,89.73333333,89.70666667,Happy
6.201666667,345.8541667,340.5066667,Happy
5.226666667,40.4175,35.04166667,Happy
67.335,354.3766667,287.0416667,Happy
184.815,390.15,205.335,Happy
159.135,214.1666667,54.60166667,Happy
24.80666667,249.6966667,225.7066667,Happy
80.66666667,508.35,426.7266667,Happy
8.64,10.34666667,1.706666667,Happy
1.601666667,200.5008333,199.5266667,Happy
80.66666667,121.6441667,41.08166667,Happy
35.52666667,45.8175,10.40166667,Happy
0.24,14.83083333,14.415,Happy
118.815,126.8541667,7.706666667,Happy
136.3266667,230.7333333,94.40666667,Happy
34.56,131.8433333,97.60666667,Happy
0.326666667,1.826666667,1.5,Happy
126.0416667,603.9533333,477.0416667,Happy
14.10666667,25.89666667,11.20666667,Happy
4.681666667,36.88333333,32.20166667,Happy
145.0416667,352.7233333,207.6816667,Happy
22.04166667,420.5766667,398.535,Happy
40.04166667,315.1875,274.7266667,Happy
4.001666667,62.51416667,58.90666667,Happy
54.0,243.8833333,190.4066667,Happy
1.926666667,288.8566667,288.4266667,Happy
35.04166667,197.5608333,162.24,Happy
0.041666667,439.5208333,440.3266667,Happy
100.0416667,134.1233333,34.08166667,Happy
60.80166667,75.3675,14.72666667,Happy
45.92666667,46.41666667,0.96,Happy
22.42666667,165.8966667,144.06,Happy
2.406666667,77.89666667,74.90666667,Happy
0.735,125.7933333,126.0416667,Happy
61.44,119.7308333,58.28166667,Happy
220.8266667,238.8533333,18.02666667,Happy
6.826666667,15.92333333,9.126666667,Happy
24.80666667,46.46666667,21.66,Happy
0.806666667,60.97333333,60.16666667,Happy
8.64,145.5641667,137.2816667,Happy
0.666666667,88.00333333,88.16666667,Happy
84.375,86.20083333,1.5,Happy
72.80166667,152.7366667,79.935,Happy
65.34,107.8833333,42.66666667,Happy
16.00666667,48.81666667,32.66666667,Happy
8.64,54.25666667,45.92666667,Happy
24.0,40.66666667,16.66666667,Happy
72.80166667,232.2733333,159.135,Happy
14.10666667,28.21666667,13.5,Happy
81.40166667,91.80333333,10.40166667,Happy
48.16666667,88.18416667,40.04166667,Happy
25.215,159.2333333,133.4816667,Happy
32.66666667,104.7733333,72.10666667,Happy
13.20166667,25.23333333,12.04166667,Happy
1.306666667,107.1466667,105.84,Happy
38.50666667,105.9241667,67.335,Happy
12.32666667,49.04333333,36.50666667,Happy
0.106666667,7.464166667,7.481666667,Happy
9.375,22.26083333,12.90666667,Happy
17.34,66.88333333,49.30666667,Happy
10.66666667,108.8108333,98.415,Neutral
6.615,78.48083333,72.10666667,Neutral
3.84,54.67083333,51.04166667,Neutral
3.081666667,46.96666667,44.28166667,Neutral
3.375,52.11,48.735,Neutral
3.84,61.04333333,57.66,Neutral
2.666666667,55.01666667,52.80666667,Neutral
3.375,64.96666667,62.08166667,Neutral
5.041666667,83.52333333,78.48166667,Neutral
7.706666667,113.5466667,105.84,Neutral
11.48166667,154.5633333,143.0816667,Neutral
11.76,176.7508333,165.375,Neutral
8.401666667,143.7766667,135.375,Neutral
4.506666667,98.29666667,94.40666667,Neutral
1.815,60.09666667,58.28166667,Neutral
0.806666667,40.92333333,40.56,Neutral
0.54,32.28,31.74,Neutral
0.735,31.63333333,31.28166667,Neutral
1.126666667,34.73333333,33.60666667,Neutral
1.215,34.35,33.135,Neutral
0.735,26.43333333,26.04166667,Neutral
0.001666667,9.376666667,9.375,Neutral
2.406666667,3.323333333,0.96,Neutral
15.04166667,60.41666667,45.375,Neutral
29.92666667,155.0533333,125.1266667,Neutral
21.66,126.8908333,105.0016667,Neutral
4.001666667,25.5,21.28166667,Neutral
0.326666667,1.564166667,1.215,Neutral
6.201666667,33.62083333,27.30666667,Neutral
70.04166667,437.5266667,366.6016667,Neutral
3.84,66.97083333,63.375,Neutral
3.081666667,61.7475,58.90666667,Neutral
1.5,43.73666667,42.66666667,Neutral
0.24,21.14666667,20.90666667,Neutral
0.041666667,7.083333333,7.041666667,Neutral
0.54,1.363333333,0.96,Neutral
1.215,1.256666667,0.041666667,Neutral
1.601666667,2.336666667,0.735,Neutral
0.666666667,0.684166667,0.041666667,Neutral
0.001666667,1.816666667,1.815,Neutral
0.375,8.920833333,8.64,Neutral
0.481666667,10.16666667,9.881666667,Neutral
0.081666667,4.966666667,5.041666667,Neutral
0.006666667,2.043333333,2.16,Neutral
0.006666667,1.603333333,1.706666667,Neutral
0.015,2.620833333,2.666666667,Neutral
0.135,4.673333333,4.681666667,Neutral
0.481666667,8.560833333,8.166666667,Neutral
0.881666667,12.92333333,12.04166667,Neutral
1.041666667,15.23333333,14.415,Neutral
0.735,12.95416667,12.32666667,Neutral
0.481666667,10.52083333,10.14,Neutral
0.281666667,8.683333333,8.401666667,Neutral
0.601666667,12.64333333,12.04166667,Neutral
34.08166667,374.1133333,339.0016667,Neutral
38.50666667,411.9241667,372.8816667,Neutral
28.16666667,338.2708333,309.6016667,Neutral
17.34,243.9366667,225.7066667,Neutral
17.00166667,239.9266667,222.0416667,Neutral
26.04166667,326.1675,299.6266667,Neutral
18.02666667,263.7866667,245.76,Neutral
10.66666667,191.4841667,180.4016667,Neutral
4.681666667,119.9633333,115.2816667,Neutral
2.801666667,87.79333333,84.375,Neutral
1.815,70.49666667,68.68166667,Neutral
0.806666667,48.33666667,47.04,Neutral
0.166666667,27.24416667,26.88166667,Neutral
0.06,18.41666667,18.02666667,Neutral
0.001666667,11.48333333,11.48166667,Neutral
0.006666667,7.266666667,7.26,Neutral
0.006666667,4.866666667,4.86,Neutral
0.006666667,4.016666667,3.84,Neutral
0.015,3.320833333,3.226666667,Neutral
0.006666667,2.816666667,2.666666667,Neutral
0.015,1.953333333,1.815,Neutral
0.06,1.123333333,0.96,Neutral
0.081666667,0.646666667,0.481666667,Neutral
0.106666667,0.424166667,0.281666667,Neutral
0.135,0.220833333,0.06,Neutral
0.166666667,0.184166667,0.001666667,Neutral
1.815,70.49666667,68.68166667,Neutral
0.806666667,48.33666667,47.04,Neutral
0.166666667,27.24416667,26.88166667,Neutral
0.06,18.41666667,18.02666667,Neutral
0.001666667,11.48333333,11.48166667,Neutral
0.006666667,7.266666667,7.26,Neutral
0.006666667,4.866666667,4.86,Neutral
0.006666667,4.016666667,3.84,Neutral
0.015,3.320833333,3.226666667,Neutral
0.006666667,2.816666667,2.666666667,Neutral
0.015,1.953333333,1.815,Neutral
0.06,1.123333333,0.96,Neutral
0.081666667,0.646666667,0.481666667,Neutral
0.106666667,0.424166667,0.281666667,Neutral
0.135,0.220833333,0.06,Neutral
0.166666667,0.184166667,0.001666667,Neutral
0.201666667,0.240833333,0.026666667,Neutral
0.166666667,0.226666667,0.06,Neutral
0.166666667,0.226666667,0.06,Neutral
0.081666667,0.113333333,0.015,Neutral
0.026666667,0.026666667,0.0,Neutral
0.015,0.033333333,0.001666667,Neutral
0.006666667,0.016666667,0.0,Neutral
0.026666667,0.053333333,0.026666667,Neutral
0.135,0.454166667,0.326666667,Neutral
0.166666667,0.706666667,0.54,Neutral
0.106666667,0.533333333,0.426666667,Neutral
0.06,0.330833333,0.281666667,Neutral
0.06,0.386666667,0.326666667,Neutral
0.015,0.114166667,0.106666667,Neutral
0.006666667,0.03,0.026666667,Neutral
0.006666667,0.016666667,0.0,Neutral
0.026666667,0.053333333,0.026666667,Neutral
0.135,0.454166667,0.326666667,Neutral
0.166666667,0.706666667,0.54,Neutral
0.106666667,0.533333333,0.426666667,Neutral
0.06,0.330833333,0.281666667,Neutral
0.06,0.386666667,0.326666667,Neutral
0.015,0.114166667,0.106666667,Neutral
0.006666667,0.03,0.026666667,Neutral
0.026666667,0.083333333,0.06,Neutral
0.06,0.226666667,0.166666667,Neutral
0.06,0.226666667,0.166666667,Neutral
0.081666667,0.433333333,0.375,Neutral
0.081666667,0.433333333,0.375,Neutral
0.041666667,0.3,0.281666667,Neutral
0.041666667,0.200833333,0.166666667,Neutral
0.026666667,0.104166667,0.081666667,Neutral
0.006666667,0.044166667,0.041666667,Neutral
0.006666667,0.013333333,0.006666667,Neutral
0.006666667,0.010833333,0.001666667,Neutral
0.015,0.040833333,0.026666667,Neutral
0.015,0.056666667,0.041666667,Neutral
0.026666667,0.133333333,0.106666667,Neutral
0.015,0.086666667,0.081666667,Neutral
0.006666667,0.03,0.026666667,Neutral
0.006666667,0.03,0.026666667,Neutral
0.015,0.056666667,0.041666667,Neutral
0.001666667,0.016666667,0.015,Neutral
0.015,0.056666667,0.041666667,Neutral
0.026666667,0.133333333,0.106666667,Neutral
0.015,0.086666667,0.081666667,Neutral
0.006666667,0.03,0.026666667,Neutral
0.006666667,0.03,0.026666667,Neutral
0.015,0.056666667,0.041666667,Neutral
0.001666667,0.016666667,0.015,Neutral
0.001666667,0.0075,0.006666667,Neutral
0.001666667,0.0075,0.006666667,Neutral
0.001666667,0.034166667,0.026666667,Neutral
0.015,0.15,0.135,Neutral
0.026666667,0.324166667,0.281666667,Neutral
0.06,0.684166667,0.601666667,Neutral
0.041666667,0.4875,0.426666667,Neutral
0.001666667,0.166666667,0.135,Neutral
0.0,0.083333333,0.06,Neutral
0.001666667,0.166666667,0.135,Neutral
0.006666667,0.136666667,0.106666667,Neutral
0.006666667,0.0975,0.081666667,Neutral
0.015,0.15,0.135,Neutral
0.015,0.246666667,0.201666667,Neutral
0.001666667,0.083333333,0.081666667,Neutral
0.001666667,0.033333333,0.015,Neutral
0.006666667,0.013333333,0.006666667,Neutral
0.026666667,0.053333333,0.026666667,Neutral
0.041666667,0.123333333,0.081666667,Neutral
0.041666667,0.123333333,0.081666667,Neutral
0.041666667,0.166666667,0.135,Neutral
0.015,0.056666667,0.041666667,Neutral
0.006666667,0.013333333,0.006666667,Neutral
0.006666667,0.013333333,0.006666667,Neutral
0.006666667,0.013333333,0.006666667,Neutral
0.001666667,0.006666667,0.001666667,Neutral
0.081666667,0.486666667,0.375,Neutral
0.106666667,0.604166667,0.481666667,Neutral
0.281666667,4.406666667,4.001666667,Neutral
0.666666667,9.976666667,9.126666667,Neutral
0.881666667,5.794166667,4.86,Neutral
1.306666667,6.030833333,4.681666667,Neutral
1.215,2.340833333,1.126666667,Neutral
2.801666667,3.734166667,0.96,Neutral
13.5,28.55083333,15.04166667,Neutral
7.935,25.61666667,17.68166667,Neutral
2.041666667,2.22,0.041666667,Neutral
1.815,50.78083333,49.30666667,Neutral
75.615,81.31333333,6.201666667,Neutral
6.406666667,60.01666667,54.0,Neutral
16.66666667,35.7375,19.08166667,Neutral
13.80166667,23.45416667,9.626666667,Neutral
19.08166667,43.06083333,24.0,Neutral
42.135,60.60083333,18.02666667,Neutral
51.04166667,65.12666667,13.20166667,Neutral
2.801666667,5.740833333,2.94,Neutral
1.215,30.69666667,29.48166667,Neutral
3.681666667,73.72333333,70.04166667,Neutral
2.535,64.61666667,62.08166667,Neutral
1.601666667,48.41416667,47.04,Neutral
1.041666667,37.05666667,36.015,Neutral
0.806666667,28.97333333,28.16666667,Neutral
0.666666667,24.10416667,23.60166667,Neutral
0.481666667,17.68083333,17.34,Neutral
0.326666667,12.99,12.90666667,Neutral
0.081666667,7.123333333,7.041666667,Neutral
0.001666667,2.536666667,2.535,Neutral
0.135,1.474166667,1.306666667,Neutral
0.041666667,0.154166667,0.106666667,Neutral
0.06,2.804166667,2.801666667,Neutral
0.006666667,0.896666667,0.96,Neutral
0.026666667,0.056666667,0.06,Neutral
0.006666667,0.813333333,0.806666667,Neutral
0.041666667,0.523333333,0.481666667,Neutral
0.106666667,0.133333333,0.026666667,Neutral
0.06,0.226666667,0.166666667,Neutral
0.041666667,0.6675,0.666666667,Neutral
0.041666667,0.353333333,0.375,Neutral
0.106666667,0.163333333,0.06,Neutral
0.106666667,0.864166667,0.735,Neutral
0.135,1.474166667,1.306666667,Neutral
0.135,2.033333333,1.815,Neutral
0.135,2.176666667,2.041666667,Neutral
0.135,2.033333333,1.815,Neutral
0.06,1.083333333,0.96,Neutral
0.006666667,0.404166667,0.375,Neutral
0.06,0.323333333,0.24,Neutral
0.006666667,0.024166667,0.015,Neutral
0.015,0.420833333,0.426666667,Neutral
0.081666667,1.896666667,1.815,Neutral
0.06,2.290833333,2.281666667,Neutral
0.015,1.83,1.815,Neutral
0.006666667,1.23,1.306666667,Neutral
0.0,0.844166667,0.881666667,Neutral
0.006666667,0.813333333,0.806666667,Neutral
0.006666667,0.39,0.426666667,Neutral
0.015,0.496666667,0.481666667,Neutral
0.06,0.6,0.54,Neutral
0.015,0.353333333,0.375,Neutral
0.015,0.353333333,0.375,Neutral
0.041666667,0.416666667,0.375,Neutral
0.06,0.683333333,0.666666667,Neutral
0.135,1.600833333,1.5,Neutral
0.166666667,3.283333333,3.226666667,Neutral
0.281666667,4.833333333,4.681666667,Neutral
0.326666667,4.270833333,4.001666667,Neutral
0.201666667,3.576666667,3.375,Neutral
0.001666667,1.313333333,1.401666667,Neutral
0.006666667,0.4575,0.481666667,Neutral
0.001666667,0.083333333,0.081666667,Neutral
0.106666667,0.213333333,0.106666667,Neutral
0.601666667,3.606666667,3.081666667,Neutral
0.375,4.376666667,4.001666667,Neutral
0.081666667,3.2475,3.226666667,Neutral
0.0,1.170833333,1.215,Neutral
0.135,0.214166667,0.106666667,Neutral
0.881666667,2.113333333,1.215,Neutral
1.815,5.060833333,3.226666667,Neutral
0.135,4.234166667,4.166666667,Neutral
0.166666667,5.026666667,4.86,Neutral
0.281666667,7.153333333,7.041666667,Neutral
0.426666667,10.36333333,10.14,Neutral
0.326666667,11.85666667,11.76,Neutral
0.375,15.60083333,15.36,Neutral
0.326666667,20.91,20.90666667,Neutral
0.375,32.16666667,32.20166667,Neutral
0.806666667,51.92333333,51.62666667,Neutral
1.126666667,76.43083333,75.615,Neutral
0.281666667,94.31416667,94.40666667,Neutral
0.081666667,69.11416667,69.36,Neutral
0.006666667,40.04333333,40.56,Neutral
0.081666667,24.06,24.40166667,Neutral
0.24,17.20333333,17.34,Neutral
0.166666667,15.17666667,15.36,Neutral
0.106666667,14.49666667,14.72666667,Neutral
0.041666667,16.03333333,16.335,Neutral
0.006666667,17.68333333,18.02666667,Neutral
0.026666667,14.43,14.72666667,Neutral
0.106666667,0.144166667,0.041666667,Neutral
0.135,0.216666667,0.081666667,Neutral
0.106666667,0.096666667,0.006666667,Neutral
0.135,0.166666667,0.041666667,Neutral
0.135,0.136666667,0.001666667,Neutral
0.166666667,0.216666667,0.106666667,Neutral
0.166666667,0.270833333,0.135,Neutral
0.106666667,0.816666667,0.806666667,Neutral
0.166666667,0.850833333,0.735,Neutral
0.24,0.683333333,0.54,Neutral
0.326666667,0.483333333,0.24,Neutral
0.375,0.433333333,0.135,Neutral
0.481666667,0.4875,0.026666667,Neutral
0.601666667,1.206666667,0.601666667,Neutral
0.281666667,0.78,0.481666667,Neutral
0.081666667,0.3,0.201666667,Neutral
0.006666667,0.013333333,0.006666667,Neutral
0.001666667,0.083333333,0.081666667,Neutral
0.041666667,0.560833333,0.54,Neutral
0.106666667,1.536666667,1.5,Neutral
0.281666667,4.166666667,4.001666667,Neutral
0.375,5.056666667,4.681666667,Neutral
0.375,6.576666667,6.201666667,Neutral
0.426666667,9.066666667,8.64,Neutral
0.326666667,10.77666667,10.66666667,Neutral
0.481666667,14.28333333,13.80166667,Neutral
0.375,12.75333333,12.615,Neutral
0.135,8.806666667,8.881666667,Neutral
0.026666667,5.253333333,5.226666667,Neutral
0.0,2.803333333,2.94,Neutral
0.041666667,1.083333333,1.041666667,Neutral
0.06,0.504166667,0.481666667,Neutral
0.106666667,0.216666667,0.166666667,Neutral
0.06,0.170833333,0.135,Neutral
0.001666667,0.774166667,0.806666667,Neutral
0.026666667,0.15,0.166666667,Neutral
0.201666667,0.406666667,0.201666667,Neutral
0.481666667,2.353333333,1.815,Neutral
0.54,3.664166667,3.081666667,Neutral
0.375,2.993333333,2.535,Neutral
0.281666667,2.646666667,2.281666667,Neutral
0.201666667,2.654166667,2.406666667,Neutral
0.326666667,4.064166667,3.681666667,Neutral
0.735,7.926666667,7.041666667,Neutral
1.601666667,13.64333333,12.04166667,Neutral
0.601666667,11.91416667,11.20666667,Neutral
12.615,13.65666667,1.041666667,Neutral
3.375,57.52666667,54.60166667,Neutral
2.406666667,57.61333333,55.20666667,Neutral
1.926666667,58.7175,57.04166667,Neutral
1.126666667,49.29333333,48.16666667,Neutral
0.666666667,37.73666667,37.5,Neutral
0.666666667,40.48416667,40.04166667,Neutral
0.375,35.95333333,36.015,Neutral
0.201666667,28.40666667,28.60166667,Neutral
0.026666667,15.38666667,15.36,Neutral
16.66666667,110.5108333,93.615,Neutral
9.375,76.71,67.335,Neutral
1.926666667,26.73333333,24.80666667,Neutral
2.281666667,3.713333333,1.401666667,Neutral
10.935,51.76666667,41.08166667,Neutral
5.606666667,11.02416667,5.415,Neutral
3.226666667,4.933333333,1.706666667,Neutral
12.04166667,17.55333333,5.415,Neutral
3.526666667,56.33333333,52.80666667,Neutral
2.16,40.66666667,38.50666667,Neutral
1.601666667,32.25416667,30.82666667,Neutral
1.401666667,27.12666667,26.04166667,Neutral
0.426666667,45.85666667,45.92666667,Neutral
0.001666667,28.82083333,29.04,Neutral
0.201666667,20.73666667,20.535,Neutral
0.426666667,17.91083333,17.68166667,Neutral
0.426666667,16.57083333,16.335,Neutral
0.326666667,15.32333333,15.36,Neutral
0.201666667,14.00333333,13.80166667,Neutral
0.166666667,12.05083333,12.04166667,Neutral
0.135,11.07,10.935,Neutral
0.201666667,8.806666667,8.881666667,Neutral
0.24,7.590833333,7.481666667,Neutral
0.24,7.066666667,6.826666667,Neutral
0.281666667,5.696666667,5.415,Neutral
0.375,4.166666667,4.001666667,Neutral
0.24,5.924166667,5.801666667,Neutral
0.201666667,6.993333333,7.041666667,Neutral
0.666666667,1.643333333,1.126666667,Neutral
0.375,42.51,42.135,Neutral
1.815,18.26083333,16.66666667,Neutral
98.415,627.7666667,528.2816667,Neutral
54.60166667,441.2066667,385.6016667,Neutral
48.735,390.75,342.015,Neutral
30.82666667,251.6533333,220.8266667,Neutral
17.00166667,145.4733333,127.8816667,Neutral
15.36,131.52,116.16,Neutral
10.935,102.9766667,92.04166667,Neutral
6.406666667,71.74666667,65.34,Neutral
3.375,44.83333333,41.08166667,Neutral
1.926666667,30.09333333,28.16666667,Neutral
1.126666667,19.85333333,18.72666667,Neutral
12.04166667,54.17666667,42.135,Neutral
11.20666667,51.37083333,40.04166667,Neutral
8.881666667,42.96333333,34.08166667,Neutral
6.826666667,34.13333333,27.30666667,Neutral
5.415,26.88666667,21.28166667,Neutral
4.335,20.01666667,15.68166667,Neutral
3.84,17.11083333,13.20166667,Neutral
3.526666667,15.41666667,11.76,Neutral
3.081666667,13.60666667,10.40166667,Neutral
2.801666667,12.4875,9.626666667,Neutral
3.375,16.72666667,13.20166667,Neutral
5.226666667,30.25666667,24.80666667,Neutral
7.706666667,52.53333333,44.82666667,Neutral
59.535,902.07,842.535,Neutral
38.00166667,686.46,646.8816667,Neutral
15.04166667,420.1233333,405.0816667,Neutral
2.406666667,205.2833333,201.84,Neutral
7.26,16.38666667,9.126666667,Neutral
10.66666667,11.62666667,0.96,Neutral
7.935,12.27,4.335,Neutral
5.801666667,14.16666667,8.401666667,Neutral
4.506666667,17.41333333,12.90666667,Neutral
3.226666667,18.58666667,15.36,Neutral
1.815,14.05416667,12.32666667,Neutral
0.806666667,8.664166667,7.935,Neutral
0.375,5.286666667,5.041666667,Neutral
0.135,2.67,2.535,Neutral
0.06,0.323333333,0.24,Neutral
0.006666667,0.024166667,0.015,Neutral
0.015,0.420833333,0.426666667,Neutral
0.081666667,1.896666667,1.815,Neutral
0.06,2.290833333,2.281666667,Neutral
0.015,1.83,1.815,Neutral
0.006666667,1.23,1.306666667,Neutral
0.0,0.844166667,0.881666667,Neutral
0.006666667,0.813333333,0.806666667,Neutral
0.006666667,0.39,0.426666667,Neutral
0.015,0.496666667,0.481666667,Neutral
0.06,0.6,0.54,Neutral
0.015,0.353333333,0.375,Neutral
0.015,0.353333333,0.375,Neutral
0.041666667,0.416666667,0.375,Neutral
0.06,0.683333333,0.666666667,Neutral
0.135,1.600833333,1.5,Neutral
0.166666667,3.283333333,3.226666667,Neutral
0.281666667,4.833333333,4.681666667,Neutral
0.326666667,4.270833333,4.001666667,Neutral
0.201666667,3.576666667,3.375,Neutral
0.001666667,1.313333333,1.401666667,Neutral
0.006666667,0.4575,0.481666667,Neutral
0.001666667,0.083333333,0.081666667,Neutral
0.106666667,0.213333333,0.106666667,Neutral
0.601666667,3.606666667,3.081666667,Neutral
0.375,4.376666667,4.001666667,Neutral
0.081666667,3.2475,3.226666667,Neutral
0.0,1.170833333,1.215,Neutral
0.135,0.214166667,0.106666667,Neutral
0.881666667,2.113333333,1.215,Neutral
1.815,5.060833333,3.226666667,Neutral
0.135,4.234166667,4.166666667,Neutral
0.166666667,5.026666667,4.86,Neutral
0.06,0.323333333,0.24,Neutral
0.006666667,0.024166667,0.015,Neutral
0.015,0.420833333,0.426666667,Neutral
0.081666667,1.896666667,1.815,Neutral
0.06,2.290833333,2.281666667,Neutral
0.015,1.83,1.815,Neutral
0.006666667,1.23,1.306666667,Neutral
0.0,0.844166667,0.881666667,Neutral
0.006666667,0.813333333,0.806666667,Neutral
0.006666667,0.39,0.426666667,Neutral
0.015,0.496666667,0.481666667,Neutral
0.06,0.6,0.54,Neutral
0.015,0.353333333,0.375,Neutral
0.015,0.353333333,0.375,Neutral
0.041666667,0.416666667,0.375,Neutral
0.06,0.683333333,0.666666667,Neutral
0.135,1.600833333,1.5,Neutral
0.166666667,3.283333333,3.226666667,Neutral
0.281666667,4.833333333,4.681666667,Neutral
0.326666667,4.270833333,4.001666667,Neutral
0.201666667,3.576666667,3.375,Neutral
0.001666667,1.313333333,1.401666667,Neutral
0.006666667,0.4575,0.481666667,Neutral
0.001666667,0.083333333,0.081666667,Neutral
0.106666667,0.213333333,0.106666667,Neutral
0.601666667,3.606666667,3.081666667,Neutral
0.375,4.376666667,4.001666667,Neutral
0.081666667,3.2475,3.226666667,Neutral
0.0,1.170833333,1.215,Neutral
0.135,0.214166667,0.106666667,Neutral
0.881666667,2.113333333,1.215,Neutral
1.815,5.060833333,3.226666667,Neutral
0.135,4.234166667,4.166666667,Neutral
0.166666667,5.026666667,4.86,Neutral
3.526666667,56.33333333,52.80666667,Neutral
2.16,40.66666667,38.50666667,Neutral
1.601666667,32.25416667,30.82666667,Neutral
1.401666667,27.12666667,26.04166667,Neutral
0.426666667,45.85666667,45.92666667,Neutral
0.001666667,28.82083333,29.04,Neutral
0.201666667,20.73666667,20.535,Neutral
0.426666667,17.91083333,17.68166667,Neutral
0.001666667,0.774166667,0.806666667,Neutral
0.026666667,0.15,0.166666667,Neutral
0.201666667,0.406666667,0.201666667,Neutral
0.481666667,2.353333333,1.815,Neutral
0.54,3.664166667,3.081666667,Neutral
0.375,2.993333333,2.535,Neutral
0.281666667,2.646666667,2.281666667,Neutral
0.201666667,2.654166667,2.406666667,Neutral
0.326666667,4.064166667,3.681666667,Neutral
0.735,7.926666667,7.041666667,Neutral
1.601666667,13.64333333,12.04166667,Neutral
0.601666667,11.91416667,11.20666667,Neutral
12.615,13.65666667,1.041666667,Neutral
0.426666667,45.85666667,45.92666667,Neutral
7.935,1292.513333,1281.881667,Neutral
844.9066667,3507.733333,2662.826667,Neutral
719.415,727.3666667,9.881666667,Neutral
942.5066667,2019.866667,1077.36,Neutral
626.2816667,625.8941667,0.666666667,Neutral
316.8266667,555.1633333,238.14,Neutral
798.1066667,828.4641667,31.28166667,Neutral
16.66666667,1219.250833,1201.335,Neutral
138.24,1849.483333,1713.66,Neutral
2.535,1606.47,1603.935,Neutral
316.8266667,555.1633333,238.14,Neutral
798.1066667,828.4641667,31.28166667,Neutral
16.335,214.71,198.375,Neutral
76.32666667,493.95,416.6666667,Neutral
252.2016667,301.3666667,49.88166667,Neutral
0.001666667,132.0741667,132.54,Neutral
0.326666667,53.13333333,52.80666667,Neutral
124.215,571.0141667,447.2066667,Neutral
16.335,214.71,198.375,Neutral
76.32666667,493.95,416.6666667,Neutral
252.2016667,301.3666667,49.88166667,Neutral
54.0,190.6833333,136.3266667,Neutral
16.335,214.71,198.375,Neutral
76.32666667,493.95,416.6666667,Neutral
252.2016667,301.3666667,49.88166667,Neutral
54.0,190.6833333,136.3266667,Neutral
170.6666667,277.9766667,107.5266667,Neutral
0.001666667,132.0741667,132.54,Neutral
0.326666667,53.13333333,52.80666667,Neutral
124.215,571.0141667,447.2066667,Neutral
16.335,214.71,198.375,Neutral
76.32666667,493.95,416.6666667,Neutral
252.2016667,301.3666667,49.88166667,Neutral
54.0,190.6833333,136.3266667,Neutral
170.6666667,277.9766667,107.5266667,Neutral
0.001666667,132.0741667,132.54,Neutral
0.326666667,53.13333333,52.80666667,Neutral
124.215,571.0141667,447.2066667,Neutral
2.94,512.4833333,507.84,Neutral
24.80666667,80.01333333,55.20666667,Neutral
153.015,969.0208333,816.6666667,Neutral
31.28166667,494.1633333,462.8816667,Neutral
16.66666667,217.6833333,199.5266667,Neutral
295.4016667,907.1541667,612.06,Neutral
95.20166667,132.0541667,37.5,Neutral
16.335,214.71,198.375,Neutral
76.32666667,493.95,416.6666667,Neutral
252.2016667,301.3666667,49.88166667,Neutral
54.0,190.6833333,136.3266667,Neutral
170.6666667,277.9766667,107.5266667,Neutral
0.001666667,132.0741667,132.54,Neutral
0.326666667,53.13333333,52.80666667,Neutral
124.215,571.0141667,447.2066667,Neutral
0.881666667,30.18083333,29.04,Neutral
7.26,343.4833333,334.5066667,Neutral
9.881666667,1081.633333,1069.335,Neutral
0.24,887.2108333,885.735,Neutral
72.80166667,97.75416667,24.80666667,Neutral
0.326666667,233.4533333,233.1266667,Neutral
189.2816667,274.5941667,85.12666667,Neutral
35.52666667,487.4433333,450.6666667,Neutral
28.60166667,339.1408333,311.04,Neutral
40.56,85.38666667,44.82666667,Neutral
256.1066667,460.4166667,204.1666667,Neutral
288.4266667,765.2708333,477.0416667,Neutral
19.44,53.46416667,34.08166667,Neutral
147.015,593.8541667,447.2066667,Neutral
520.8016667,701.2033333,180.4016667,Neutral
10.935,20.32083333,9.126666667,Neutral
0.96,420.1708333,418.335,Neutral
3.526666667,56.33333333,52.80666667,Neutral
278.8016667,556.2408333,277.44,Neutral
45.375,415.11,369.735,Neutral
0.166666667,0.403333333,0.24,Neutral
3.681666667,64.48333333,60.80166667,Neutral
130.6666667,842.2833333,712.86,Neutral
179.3066667,782.4033333,604.0066667,Neutral
396.9066667,1819.866667,1422.96,Neutral
213.6066667,781.2833333,568.4266667,Neutral
5.606666667,94.35,89.70666667,Neutral
82.14,250.68,168.54,Neutral
77.76,89.08333333,12.32666667,Neutral
25.62666667,138.2933333,112.6666667,Neutral
136.3266667,259.6833333,123.3066667,Neutral
721.6066667,2654.124167,1933.215,Neutral
234.375,368.9541667,134.4266667,Neutral
117.0416667,522.8866667,405.0816667,Neutral
16.00666667,156.1733333,140.1666667,Neutral
12.90666667,50.61666667,37.5,Neutral
1.401666667,1.536666667,0.135,Neutral
149.0016667,644.0433333,495.0416667,Neutral
29.92666667,652.5766667,624.24,Neutral
482.4066667,577.4166667,96.0,Neutral
126.96,232.8,105.84,Neutral
14.10666667,139.8441667,126.0416667,Neutral
4.001666667,4.043333333,0.041666667,Neutral
3.081666667,11.29416667,8.166666667,Neutral
64.68166667,73.98,8.881666667,Neutral
60.80166667,179.8733333,118.815,Neutral
10.40166667,1250.114167,1238.406667,Neutral
2.94,50.33083333,47.60166667,Neutral
0.326666667,1.050833333,0.735,Neutral
164.3266667,170.7333333,6.406666667,Neutral
44.28166667,128.5541667,83.62666667,Neutral
25.215,25.35,0.135,Neutral
0.201666667,305.4733333,303.8816667,Neutral
41.08166667,442.3275,400.1666667,Neutral
580.1666667,785.8833333,206.5066667,Neutral
129.735,945.4733333,814.335,Neutral
354.2016667,796.2433333,442.0416667,Neutral
207.6816667,677.6166667,469.935,Neutral
143.0816667,145.02,1.041666667,Neutral
207.6816667,596.4966667,388.815,Neutral
586.0816667,619.8941667,34.56,Neutral
530.16,538.8,8.64,Neutral
57.04166667,450.0866667,392.0416667,Neutral
241.935,740.6166667,498.6816667,Neutral
240.6666667,324.7841667,84.375,Neutral
2.94,727.9108333,723.8016667,Neutral
7.935,697.0166667,689.0816667,Neutral
34.56,202.5233333,168.54,Neutral
123.3066667,219.3066667,96.0,Neutral
355.74,627.5766667,272.0266667,Neutral
76.32666667,617.8266667,541.5,Neutral
12.32666667,297.9866667,285.66,Neutral
11.20666667,19.88333333,8.64,Neutral
0.015,12.05666667,12.04166667,Neutral
185.9266667,197.2841667,10.935,Neutral
228.1666667,1254.5175,1027.041667,Neutral
3.375,96.35333333,93.615,Neutral
10.14,1177.496667,1164.826667,Neutral
16.335,17.21666667,0.881666667,Neutral
0.666666667,1265.136667,1261.5,Neutral
6.615,292.8608333,285.66,Neutral
201.84,1300.746667,1098.906667,Neutral
77.04166667,93.90083333,16.66666667,Neutral
13.80166667,376.0333333,363.4816667,Neutral
515.2266667,632.19,117.9266667,Neutral
73.5,310.1041667,236.8816667,Neutral
29.04,468.7308333,438.615,Neutral
252.2016667,284.4033333,32.20166667,Neutral
17.00166667,914.5933333,895.4816667,Neutral
447.2066667,988.7066667,541.5,Neutral
110.94,815.1066667,704.1666667,Neutral
82.14,114.5366667,32.66666667,Neutral
14.415,288.6208333,274.7266667,Neutral
8.881666667,744.6941667,734.8266667,Neutral
8.166666667,939.5441667,930.015,Neutral
372.8816667,691.2866667,318.2816667,Neutral
520.8016667,1355.994167,835.44,Neutral
480.615,508.9808333,29.04,Neutral
475.26,725.6833333,250.9066667,Neutral
15.68166667,59.85416667,43.74,Neutral
421.6816667,435.3666667,15.04166667,Neutral
189.2816667,199.8541667,10.14,Neutral
206.5066667,514.4166667,308.1666667,Neutral
77.76,152.6666667,74.90666667,Neutral
120.6016667,256.0333333,135.375,Neutral
115.2816667,208.8966667,93.615,Neutral
5.226666667,1033.484167,1027.041667,Neutral
648.96,1799.550833,1150.935,Neutral
298.215,329.4808333,31.74,Neutral
2.281666667,1335.894167,1332.06,Neutral
29.48166667,1445.846667,1413.735,Neutral
139.2016667,144.6208333,6.0,Neutral
47.60166667,383.6033333,336.0016667,Neutral
473.4816667,945.1875,471.7066667,Neutral
180.4016667,860.9366667,680.535,Neutral
131.6016667,139.2208333,7.26,Neutral
172.8066667,462.4641667,289.815,Neutral
462.8816667,485.1266667,23.60166667,Neutral
8.401666667,913.6833333,905.2816667,Neutral
8.64,8.824166667,0.281666667,Neutral
163.2816667,237.4833333,74.20166667,Neutral
17.00166667,663.8833333,646.8816667,Neutral
6.615,9.99,3.375,Neutral
551.0416667,564.9675,14.72666667,Neutral
17.00166667,144.8833333,127.8816667,Neutral
70.72666667,313.9333333,243.2066667,Neutral
6.615,499.6333333,491.415,Neutral
249.615,266.3533333,18.375,Neutral
8.881666667,658.7608333,648.96,Neutral
0.426666667,913.0933333,912.6666667,Neutral
9.375,953.2608333,942.5066667,Neutral
24.80666667,24.62416667,0.015,Neutral
34.56,43.08416667,8.401666667,Neutral
468.1666667,974.2041667,506.0016667,Neutral
35.52666667,117.4166667,80.66666667,Neutral
74.90666667,680.2166667,604.0066667,Neutral
77.04166667,97.23333333,20.535,Neutral
482.4066667,532.8666667,50.46,Neutral
180.4016667,335.5266667,155.0416667,Neutral
197.2266667,1464.533333,1267.306667,Neutral
71.415,321.6333333,249.615,Neutral
361.9266667,851.5333333,489.6066667,Neutral
376.0416667,671.4433333,295.4016667,Neutral
11.48166667,29.16333333,17.68166667,Neutral
17.34,17.34666667,0.006666667,Neutral
156.06,156.12,0.06,Neutral
107.5266667,174.1041667,67.335,Neutral
30.82666667,59.00416667,27.735,Neutral
19.44,270.3466667,250.9066667,Neutral
10.40166667,685.7541667,674.16,Neutral
131.6016667,136.1541667,4.166666667,Neutral
8.64,146.88,138.24,Neutral
319.74,669.3466667,349.6066667,Neutral
22.42666667,255.9841667,234.375,Neutral
644.8066667,2548.664167,1904.601667,Neutral
319.74,780.8666667,461.1266667,Neutral
1074.681667,3925.280833,2851.44,Neutral
686.94,942.2166667,256.1066667,Neutral
222.0416667,1240.554167,1019.206667,Neutral
413.34,1241.370833,828.375,Neutral
37.5,477.8266667,440.3266667,Neutral
137.2816667,198.0833333,60.80166667,Neutral
19.80166667,258.7541667,238.14,Neutral
0.426666667,363.8566667,361.9266667,Neutral
343.5266667,435.63,92.82666667,Neutral
148.0066667,154.4166667,5.226666667,Neutral
430.1066667,486.5333333,56.42666667,Neutral
96.0,378.9066667,282.9066667,Neutral
260.0416667,858.7266667,598.0016667,Neutral
181.5,404.76,223.26,Neutral
119.7066667,142.4166667,23.20666667,Neutral
535.815,539.9266667,5.801666667,Neutral
10.935,11.20666667,0.481666667,Neutral
51.04166667,860.7233333,809.6816667,Neutral
264.0066667,281.5041667,17.00166667,Neutral
174.96,178.0241667,3.681666667,Neutral
600.0,1094.950833,495.0416667,Neutral
1016.601667,1161.820833,146.0266667,Neutral
11.20666667,750.4666667,739.26,Neutral
84.375,1224.256667,1139.881667,Neutral
119.7066667,345.4133333,225.7066667,Neutral
937.5,3705.804167,2769.201667,Neutral
739.26,3255.724167,2517.401667,Neutral
478.8266667,975.6566667,496.86,Neutral
63.375,283.9208333,220.8266667,Neutral
0.24,118.6308333,118.815,Neutral
134.4266667,1405.624167,1270.215,Neutral
648.96,745.2966667,97.60666667,Neutral
78.48166667,358.3275,280.1666667,Neutral
41.60666667,63.26666667,21.66,Neutral
897.9266667,934.9575,38.00166667,Neutral
336.0016667,442.0333333,106.6816667,Neutral
258.7266667,917.7375,659.4016667,Neutral
2.281666667,583.4941667,580.1666667,Neutral
5.226666667,1632.133333,1626.906667,Neutral
212.415,604.8866667,392.0416667,Neutral
194.94,211.7633333,15.36,Neutral
18.72666667,520.3241667,502.335,Neutral
223.26,1547.616667,1326.106667,Neutral
560.6666667,1201.333333,640.6666667,Neutral
216.0,972.0833333,757.1266667,Neutral
200.6816667,282.0833333,81.40166667,Neutral
18.72666667,28.25666667,9.626666667,Neutral
212.415,246.4966667,34.08166667,Neutral
235.6266667,716.5108333,480.615,Neutral
309.6016667,1162.593333,852.0416667,Neutral
31.74,1674.696667,1640.106667,Neutral
745.935,2735.606667,1991.081667,Neutral
708.5066667,721.3766667,14.72666667,Neutral
816.6666667,1163.226667,346.56,Neutral
448.935,1646.894167,1198.506667,Neutral
14.415,738.2166667,723.8016667,Neutral
258.7266667,361.7233333,102.5066667,Neutral
280.1666667,1338.204167,1058.681667,Neutral
1.401666667,42.17416667,40.56,Neutral
371.3066667,383.0666667,11.76,Neutral
7.041666667,233.2541667,225.7066667,Neutral
205.335,1110.616667,905.2816667,Neutral
384.0,2006.770833,1623.615,Neutral
786.615,2510.43,1723.815,Neutral
433.5,1971.950833,1539.201667,Neutral
148.0066667,171.2133333,23.20666667,Neutral
109.2266667,941.5575,833.0816667,Neutral
22.42666667,1971.6375,1947.601667,Neutral
0.326666667,104.4933333,104.1666667,Neutral
732.615,2102.886667,1371.081667,Neutral
77.04166667,87.75416667,11.20666667,Neutral
29.48166667,1103.0475,1072.006667,Neutral
1.215,497.1208333,496.86,Neutral
1.215,51.09666667,49.88166667,Neutral
303.8816667,1505.216667,1201.335,Neutral
28.16666667,69.77333333,41.60666667,Neutral
31.74,35.89083333,4.001666667,Neutral
123.3066667,356.0966667,233.1266667,Neutral
140.1666667,272.7066667,132.54,Neutral
937.5,2674.450833,1737.401667,Neutral
342.015,760.1933333,418.335,Neutral
324.135,354.5741667,29.92666667,Neutral
3.375,1056.75,1053.375,Neutral
8.881666667,36.95416667,28.16666667,Neutral
10.935,210.0208333,199.5266667,Neutral
5.226666667,1048.216667,1040.166667,Neutral
170.6666667,700.8266667,530.16,Neutral
68.00666667,691.5641667,622.2016667,Neutral
11.76,1184.683333,1170.406667,Neutral
893.04,3100.344167,2208.001667,Neutral
572.3266667,1007.404167,435.2016667,Neutral
126.0416667,179.1266667,53.40166667,Neutral
52.80666667,1825.830833,1771.601667,Neutral
306.735,769.6166667,462.8816667,Neutral
734.8266667,1018.690833,284.2816667,Neutral
38.00166667,542.6733333,506.0016667,Neutral
29.04,1359.390833,1329.081667,Neutral
5.606666667,1996.883333,1987.44,Neutral
640.6666667,994.6041667,354.2016667,Neutral
1.815,1357.713333,1353.001667,Neutral
54.60166667,238.9133333,182.6016667,Neutral
28.60166667,186.2733333,157.0816667,Neutral
316.8266667,558.6708333,241.935,Neutral
265.335,941.6166667,676.2816667,Neutral
183.7066667,1660.616667,1478.94,Neutral
86.64,741.1908333,655.215,Neutral
1.215,487.1266667,487.8016667,Neutral
88.935,1328.113333,1241.281667,Neutral
139.2016667,1706.406667,1564.935,Neutral
7.481666667,1277.696667,1270.215,Neutral
915.135,1034.166667,120.6016667,Neutral
30.375,1092.820833,1061.34,Neutral
443.76,1366.32,922.56,Neutral
252.2016667,715.0833333,462.8816667,Neutral
0.96,2.084166667,1.041666667,Neutral
134.4266667,156.8533333,22.42666667,Neutral
395.2816667,683.8275,288.4266667,Neutral
166.4266667,195.4666667,29.04,Neutral
0.326666667,56.09666667,56.42666667,Neutral
1.706666667,2224.976667,2219.526667,Neutral
4.001666667,7.680833333,3.84,Neutral
9.626666667,163.6533333,154.0266667,Neutral
80.66666667,124.3108333,44.28166667,Neutral
16.66666667,46.71,29.92666667,Neutral
1.815,20.89666667,19.08166667,Neutral
38.50666667,159.3041667,120.6016667,Neutral
70.72666667,238.0241667,167.4816667,Neutral
38.00166667,2234.006667,2192.681667,Neutral
50.46,424.92,374.46,Neutral
3.84,461.4666667,457.6266667,Neutral
316.8266667,555.1633333,238.14,Neutral
574.2816667,2226.960833,1653.36,Neutral
58.28166667,178.8833333,120.6016667,Neutral
81.40166667,537.2833333,455.8816667,Neutral
0.96,397.8666667,396.9066667,Neutral
143.0816667,194.9133333,53.40166667,Neutral
678.4066667,2428.804167,1751.041667,Neutral
0.54,177.6666667,177.1266667,Neutral
71.415,71.89666667,0.481666667,Neutral
425.0416667,1890.7275,1466.406667,Neutral
59.535,322.9133333,265.335,Neutral
1178.801667,3968.774167,2790.726667,Neutral
201.84,1477.004167,1276.041667,Neutral
655.215,2531.416667,1876.201667,Neutral
171.735,281.6066667,110.0816667,Neutral
145.0416667,637.2866667,491.415,Neutral
0.06,153.5908333,153.015,Neutral
224.4816667,307.8466667,81.40166667,Neutral
41.60666667,1773.644167,1730.601667,Neutral
88.16666667,181.0041667,93.615,Neutral
103.335,624.1366667,520.8016667,Neutral
291.2066667,290.0966667,0.24,Neutral
398.535,1520.833333,1123.401667,Neutral
55.815,270.6166667,214.8016667,Neutral
674.16,1651.656667,977.9266667,Neutral
837.8016667,898.3808333,61.44,Neutral
624.24,640.9066667,16.66666667,Neutral
5.415,597.6333333,594.015,Neutral
1.215,6.394166667,5.226666667,Neutral
0.375,983.3666667,980.4816667,Neutral
148.0066667,412.0133333,264.0066667,Neutral
610.0416667,1438.753333,828.375,Neutral
220.8266667,279.7333333,58.90666667,Neutral
294.0,1386.203333,1093.5,Neutral
216.0,723.84,507.84,Neutral
151.0016667,1603.874167,1453.926667,Neutral
844.9066667,3507.733333,2662.826667,Neutral
158.1066667,296.3466667,138.24,Neutral
63.375,1197.75,1134.375,Neutral
1187.226667,1366.533333,179.3066667,Neutral
522.6666667,1251.0375,728.2016667,Neutral
48.735,1111.120833,1061.34,Neutral
82.88166667,2026.14,1940.401667,Neutral
967.74,1055.683333,89.70666667,Neutral
0.106666667,15.46666667,15.36,Neutral
20.16666667,984.2841667,965.2016667,Neutral
30.82666667,207.6375,176.0416667,Neutral
0.06,425.0833333,423.36,Neutral
387.2066667,621.4041667,234.375,Neutral
45.375,45.80083333,0.166666667,Neutral
47.60166667,1107.894167,1061.34,Neutral
618.135,2525.534167,1908.166667,Neutral
520.8016667,2521.934167,2002.026667,Neutral
140.1666667,1194.51,1056.026667,Neutral
43.74,191.2966667,146.0266667,Neutral
484.2016667,527.3141667,43.74,Neutral
65.34,114.6041667,49.88166667,Neutral
155.0416667,155.5608333,0.006666667,Neutral
72.10666667,341.1241667,268.0016667,Neutral
117.0416667,915.8608333,798.1066667,Neutral
59.535,1224.993333,1167.615,Neutral
13.5,494.4166667,478.8266667,Neutral
1568.166667,5845.506667,4277.34,Neutral
20.16666667,1274.610833,1252.815,Neutral
54.60166667,287.4075,233.1266667,Neutral
156.06,1271.266667,1115.206667,Neutral
94.40666667,198.6166667,105.84,Neutral
885.735,2167.126667,1281.881667,Neutral
72.10666667,144.2133333,72.10666667,Neutral
272.0266667,396.0241667,124.215,Neutral
1.5,269.4033333,266.6666667,Neutral
109.2266667,548.6966667,440.3266667,Neutral
0.666666667,2208.736667,2204.166667,Neutral
330.0416667,2213.323333,1883.281667,Neutral
55.815,99.52083333,43.74,Neutral
1460.16,1738.084167,278.8016667,Neutral
67.335,300.1741667,233.1266667,Neutral
114.4066667,1547.730833,1432.215,Neutral
352.6666667,442.3733333,89.70666667,Neutral
0.881666667,140.5275,140.1666667,Neutral
316.8266667,418.8241667,101.6816667,Neutral
395.2816667,562.7633333,167.4816667,Neutral
352.6666667,519.9108333,167.4816667,Neutral
0.041666667,920.1233333,920.0816667,Neutral
315.375,1478.753333,1162.041667,Neutral
60.16666667,716.0166667,657.3066667,Neutral
29.48166667,29.49666667,0.015,Neutral
826.0266667,1149.724167,324.135,Neutral
361.9266667,2332.763333,1972.906667,Neutral
2.406666667,1399.370833,1395.375,Neutral
420.0066667,464.8166667,47.04,Neutral
632.4266667,1535.253333,902.8266667,Neutral
178.215,184.4166667,6.201666667,Neutral
805.0416667,2480.7,1676.681667,Neutral
699.84,1662.506667,962.6666667,Neutral
278.8016667,565.8433333,287.0416667,Neutral
90.48166667,1997.873333,1904.601667,Neutral
49.88166667,56.5275,6.826666667,Neutral
795.8016667,1465.634167,669.9266667,Neutral
430.1066667,589.6166667,160.1666667,Neutral
0.54,2440.706667,2440.166667,Neutral
0.24,2646.24,2646.0,Neutral
114.4066667,1652.736667,1536.0,Neutral
343.5266667,498.8175,155.0416667,Neutral
0.041666667,32.72666667,33.135,Neutral
85.88166667,321.2608333,235.6266667,Neutral
363.4816667,379.1633333,15.68166667,Neutral
51.04166667,67.12666667,17.00166667,Neutral
132.54,223.8,91.26,Neutral
70.72666667,88.06666667,17.34,Neutral
1419.881667,1570.833333,153.015,Neutral
1061.34,1336.066667,274.7266667,Neutral
798.1066667,828.4641667,31.28166667,Neutral
507.84,2166.363333,1660.006667,Neutral
170.6666667,248.4266667,77.76,Neutral
16.66666667,1557.6375,1539.201667,Neutral
153.015,176.1408333,22.42666667,Neutral
240.6666667,249.3508333,7.935,Neutral
640.6666667,834.6833333,194.94,Neutral
34.56,618.6666667,584.1066667,Neutral
19.80166667,1031.203333,1011.401667,Neutral
1.215,686.0166667,684.8016667,Neutral
13.80166667,111.7133333,96.80166667,Neutral
110.94,234.2708333,124.215,Neutral
586.0816667,1419.163333,833.0816667,Neutral
15.68166667,2439.42,2420.041667,Neutral
10.40166667,11.1,1.041666667,Neutral
962.6666667,1298.150833,336.0016667,Neutral
805.0416667,3328.86,2525.601667,Neutral
122.4016667,382.4433333,260.0416667,Neutral
169.6016667,1813.016667,1643.415,Neutral
372.8816667,1703.366667,1329.081667,Neutral
1.401666667,303.7666667,301.0416667,Neutral
115.2816667,212.0833333,96.80166667,Neutral
388.815,1423.214167,1034.906667,Neutral
0.881666667,220.4966667,219.615,Neutral
7.26,1785.963333,1775.04,Neutral
2.406666667,1099.8975,1096.201667,Neutral
69.36,168.7233333,100.86,Neutral
92.82666667,979.35,888.1666667,Neutral
31.28166667,954.3,925.0416667,Neutral
60.80166667,716.0166667,655.215,Neutral
168.54,488.28,319.74,Neutral
1024.426667,1123.570833,100.0416667,Neutral
699.84,1378.216667,678.4066667,Neutral
137.2816667,163.0466667,24.40166667,Neutral
224.4816667,274.3633333,49.88166667,Neutral
835.44,1403.866667,568.4266667,Neutral
0.96,552.0833333,549.1266667,Neutral
245.76,2142.104167,1897.481667,Neutral
748.1666667,2856.784167,2109.375,Neutral
1011.401667,3535.5,2525.601667,Neutral
795.8016667,3542.574167,2747.76,Neutral
947.5266667,1180.653333,233.1266667,Neutral
12.32666667,713.3908333,702.0016667,Neutral
0.481666667,776.8541667,775.2066667,Neutral
18.02666667,216.8041667,198.375,Neutral
0.735,2231.816667,2231.081667,Neutral
40.04166667,488.9766667,448.935,Neutral
864.0,930.6666667,66.66666667,Neutral
43.20166667,105.18,62.08166667,Neutral
196.0816667,1212.683333,1016.601667,Neutral
64.68166667,488.7,425.0416667,Neutral
29.92666667,111.7766667,80.66666667,Neutral
204.1666667,848.9733333,644.8066667,Neutral
719.415,2861.880833,2143.26,Neutral
31.28166667,1028.680833,998.46,Neutral
340.5066667,1293.066667,952.56,Neutral
1195.681667,3925.6275,2730.666667,Neutral
4.335,1236.833333,1229.801667,Neutral
93.615,108.4208333,15.36,Neutral
4.001666667,1852.016667,1848.015,Neutral
395.2816667,1256.113333,861.6016667,Neutral
663.6016667,696.06,34.08166667,Neutral
17.34,571.0908333,554.8816667,Neutral
250.9066667,732.8166667,482.4066667,Neutral
1636.801667,5492.536667,3855.735,Neutral
72.80166667,298.7741667,225.7066667,Neutral
0.375,346.8866667,348.0816667,Neutral
147.015,191.5208333,43.74,Neutral
105.0016667,411.7366667,306.735,Neutral
238.14,287.0033333,47.04,Neutral
1104.326667,3213.184167,2109.375,Neutral
171.735,1337.633333,1167.615,Neutral
102.5066667,174.6133333,72.10666667,Neutral
1131.626667,1338.133333,206.5066667,Neutral
752.64,3817.2,3064.56,Neutral
187.0416667,294.4341667,107.5266667,Neutral
430.1066667,702.1333333,272.0266667,Neutral
167.4816667,654.54,487.8016667,Neutral
475.26,1083.056667,608.0266667,Neutral
147.015,282.3533333,137.2816667,Neutral
885.735,1667.633333,782.0416667,Neutral
833.0816667,964.9141667,132.54,Neutral
39.015,55.44083333,16.00666667,Neutral
149.0016667,479.2875,331.5266667,Neutral
233.1266667,1381.293333,1148.166667,Neutral
1.306666667,20.48333333,18.72666667,Neutral
873.6266667,872.4241667,0.001666667,Neutral
256.1066667,348.9333333,92.82666667,Neutral
990.735,4005.776667,3015.041667,Neutral
395.2816667,675.3208333,280.1666667,Neutral
48.735,291.0208333,243.2066667,Neutral
3.526666667,2964.856667,2957.04,Neutral
64.68166667,228.3533333,163.2816667,Neutral
7.26,35.42666667,28.16666667,Neutral
37.5,657.6666667,620.1666667,Neutral
15.04166667,16.46083333,1.306666667,Neutral
1019.206667,1192.013333,172.8066667,Neutral
305.3066667,322.1041667,17.68166667,Neutral
20.90666667,326.2133333,305.3066667,Neutral
1.706666667,1899.083333,1893.926667,Neutral
13.20166667,2263.313333,2246.535,Neutral
72.10666667,1390.444167,1317.201667,Neutral
586.0816667,1707.1275,1120.666667,Neutral
2.281666667,941.0941667,937.5,Neutral
809.6816667,1464.896667,655.215,Neutral
586.0816667,723.8141667,138.24,Neutral
5.041666667,58.03333333,53.40166667,Neutral
636.54,1248.6,612.06,Neutral
868.8066667,3540.066667,2671.26,Neutral
486.0,2018.104167,1532.801667,Neutral
27.735,1052.593333,1027.041667,Neutral
40.56,96.33083333,55.815,Neutral
20.535,2149.073333,2124.401667,Neutral
248.3266667,572.3708333,324.135,Neutral
9.126666667,1484.683333,1472.666667,Neutral
20.16666667,116.7508333,96.80166667,Neutral
2.666666667,49.28333333,45.92666667,Neutral
138.24,143.0833333,5.606666667,Neutral
1590.881667,1862.353333,273.375,Neutral
421.6816667,895.1633333,473.4816667,Neutral
281.535,872.1933333,590.0416667,Neutral
7.041666667,7.633333333,0.735,Neutral
64.02666667,724.8041667,659.4016667,Neutral
119.7066667,263.8566667,144.06,Neutral
1229.801667,4471.393333,3243.375,Neutral
72.10666667,874.0241667,800.415,Neutral
5.041666667,750.9766667,745.935,Neutral
85.12666667,85.62416667,0.135,Neutral
51.04166667,395.1533333,342.015,Neutral
0.375,2002.353333,1998.375,Neutral
273.375,292.4566667,19.08166667,Neutral
129.735,389.7766667,260.0416667,Neutral
80.66666667,87.60333333,6.406666667,Neutral
327.0816667,473.3541667,146.0266667,Neutral
1.5,122.2033333,119.7066667,Neutral
435.2016667,2786.314167,2352.24,Neutral
552.96,577.9233333,26.46,Neutral
26.46,26.28416667,0.041666667,Neutral
29.92666667,736.71,708.5066667,Neutral
346.56,1286.070833,940.0016667,Neutral
10.66666667,238.3508333,226.935,Neutral
233.1266667,383.0041667,151.0016667,Neutral
464.64,1217.28,752.64,Neutral
48.16666667,229.6666667,181.5,Neutral
58.90666667,500.4041667,442.0416667,Neutral
712.86,1067.384167,354.2016667,Neutral
138.24,1849.483333,1713.66,Neutral
372.8816667,412.9408333,39.52666667,Neutral
16.66666667,725.1733333,708.5066667,Neutral
491.415,1571.456667,1080.041667,Neutral
115.2816667,394.0833333,278.8016667,Neutral
1056.026667,2742.056667,1686.726667,Neutral
101.6816667,107.4141667,5.226666667,Neutral
636.54,2955.336667,2320.666667,Neutral
191.535,283.9266667,90.48166667,Neutral
48.735,453.8166667,405.0816667,Neutral
960.135,2277.336667,1317.201667,Neutral
833.0816667,1945.563333,1112.481667,Neutral
161.2016667,1123.120833,962.6666667,Neutral
1247.041667,1518.886667,273.375,Neutral
1170.406667,1182.964167,13.80166667,Neutral
975.375,1801.300833,826.0266667,Neutral
651.0416667,1366.083333,715.0416667,Neutral
4.86,1814.466667,1809.606667,Neutral
226.935,1414.954167,1187.226667,Neutral
23.60166667,1143.873333,1117.935,Neutral
1074.681667,1851.766667,777.4816667,Neutral
1335.041667,1498.486667,165.375,Neutral
109.2266667,354.9866667,245.76,Neutral
693.375,816.0608333,123.3066667,Neutral
1221.226667,3867.226667,2646.0,Neutral
308.1666667,1142.683333,835.44,Neutral
447.2066667,1138.016667,691.2266667,Neutral
950.0416667,973.7941667,24.80666667,Neutral
82.14,478.6041667,395.2816667,Neutral
182.6016667,191.8733333,7.935,Neutral
689.0816667,1114.123333,425.0416667,Neutral
1098.906667,4272.906667,3174.0,Neutral
148.0066667,368.6166667,220.8266667,Neutral
728.2016667,728.5766667,0.375,Neutral
547.215,1996.833333,1450.815,Neutral
191.535,2158.326667,1969.281667,Neutral
35.52666667,1527.053333,1491.526667,Neutral
298.215,341.2333333,41.08166667,Neutral
187.0416667,496.6433333,309.6016667,Neutral
1040.166667,3012.083333,1972.906667,Neutral
967.74,4294.270833,3327.615,Neutral
39.52666667,2285.55,2242.666667,Neutral
377.6266667,1127.704167,750.4016667,Neutral
1221.226667,5025.3375,3805.201667,Neutral
496.86,793.6666667,296.8066667,Neutral
985.6016667,999.4033333,13.80166667,Neutral
126.0416667,658.0833333,532.0416667,Neutral
995.8816667,4821.256667,3825.375,Neutral
165.375,2432.720833,2265.926667,Neutral
75.615,1578.554167,1504.166667,Neutral
435.2016667,1096.900833,661.5,Neutral
515.2266667,986.9333333,471.7066667,Neutral
119.7066667,181.1466667,61.44,Neutral
70.72666667,350.8933333,280.1666667,Neutral
19.80166667,178.9366667,159.135,Neutral
46.48166667,1108.38,1064.001667,Neutral
622.2016667,837.8466667,214.8016667,Neutral
6.826666667,942.9708333,935.0016667,Neutral
62.08166667,101.0966667,39.015,Neutral
0.806666667,336.0241667,336.0016667,Neutral
6.615,265.5533333,260.0416667,Neutral
54.60166667,153.9341667,99.22666667,Neutral
1184.415,1442.966667,260.0416667,Neutral
888.1666667,1611.850833,723.8016667,Neutral
99.22666667,595.0833333,496.86,Neutral
86.64,159.4108333,72.80166667,Neutral
468.1666667,563.2033333,96.0,Neutral
1.926666667,7.004166667,5.041666667,Neutral
245.76,494.0833333,248.3266667,Neutral
52.215,1177.280833,1126.14,Neutral
96.0,289.9708333,193.8016667,Neutral
13.20166667,1366.203333,1353.001667,Neutral
194.94,2348.230833,2154.615,Neutral
779.76,2825.866667,2046.106667,Neutral
29.92666667,165.0508333,135.375,Neutral
105.84,2870.746667,2764.906667,Neutral
0.015,207.1141667,206.5066667,Neutral
65.34,431.2833333,365.04,Neutral
16.66666667,1219.250833,1201.335,Neutral
1308.326667,1729.370833,421.6816667,Neutral
990.735,4331.420833,3341.76,Neutral
626.2816667,741.8608333,116.16,Neutral
83.62666667,2691.216667,2604.166667,Neutral
294.0,336.0441667,41.08166667,Neutral
4.681666667,160.5666667,155.0416667,Neutral
55.20666667,141.7708333,85.88166667,Neutral
45.92666667,294.2533333,248.3266667,Neutral
101.6816667,939.4833333,837.8016667,Neutral
40.04166667,76.08666667,36.015,Neutral
106.6816667,110.0566667,3.375,Neutral
702.0016667,3277.083333,2575.081667,Neutral
387.2066667,466.4133333,79.20666667,Neutral
19.44,23.70416667,4.001666667,Neutral
1422.96,3703.643333,2281.5,Neutral
1156.481667,1821.854167,665.7066667,Neutral
24.40166667,834.0833333,809.6816667,Neutral
222.0416667,241.5541667,18.72666667,Neutral
45.375,434.7208333,390.4266667,Neutral
57.66,675.1766667,616.1066667,Neutral
219.615,331.0733333,111.8016667,Neutral
403.44,455.7241667,53.40166667,Neutral
26.04166667,915.6341667,888.1666667,Neutral
104.1666667,785.5366667,682.6666667,Neutral
12.90666667,258.6666667,245.76,Neutral
112.6666667,1846.666667,1734.0,Neutral
66.00166667,670.6808333,604.0066667,Neutral
91.26,357.3766667,266.6666667,Neutral
14.10666667,1405.064167,1389.281667,Neutral
238.14,249.3466667,11.20666667,Neutral
917.6066667,2124.790833,1207.001667,Neutral
1293.601667,1388.534167,96.0,Neutral
262.6816667,1384.054167,1120.666667,Neutral
345.0416667,363.9,17.68166667,Neutral
433.5,1722.936667,1290.666667,Neutral
945.015,2414.55,1469.535,Neutral
489.6066667,1305.75,816.6666667,Neutral
82.88166667,652.6541667,568.4266667,Neutral
1027.041667,1919.994167,893.04,Neutral
129.735,530.8333333,398.535,Neutral
93.615,535.1941667,440.3266667,Neutral
1167.615,4337.016667,3169.401667,Neutral
280.1666667,2418.444167,2139.481667,Neutral
149.0016667,1620.600833,1472.666667,Neutral
604.0066667,1041.216667,436.9066667,Neutral
161.2016667,964.9666667,800.415,Neutral
1276.041667,5079.126667,3805.201667,Neutral
0.041666667,723.8433333,723.8016667,Neutral
0.326666667,2360.493333,2360.166667,Neutral
0.026666667,249.6566667,248.3266667,Neutral
77.04166667,1032.123333,955.0816667,Neutral
49.30666667,143.8241667,95.20166667,Neutral
83.62666667,2553.764167,2468.481667,Neutral
2.16,77.89666667,76.32666667,Neutral
252.2016667,576.3366667,324.135,Neutral
745.935,1863.87,1117.935,Neutral
1261.5,3496.44,2234.94,Neutral
0.026666667,126.9866667,126.96,Neutral
530.16,531.12,0.96,Neutral
741.4816667,2008.4475,1267.306667,Neutral
274.7266667,958.1766667,682.6666667,Neutral
51.62666667,1503.03,1453.926667,Neutral
1066.666667,3163.736667,2098.14,Neutral
79.20666667,1847.373333,1768.166667,Neutral
612.06,1787.283333,1176.0,Neutral
121.5,228.9766667,109.2266667,Neutral
229.4016667,1483.873333,1252.815,Neutral
608.0266667,2136.456667,1529.606667,Neutral
1323.135,1490.833333,169.6016667,Neutral
136.3266667,1153.883333,1014.0,Neutral
58.28166667,142.6566667,84.375,Neutral
947.5266667,963.39,18.02666667,Neutral
522.6666667,1758.704167,1235.535,Neutral
0.806666667,999.2666667,998.46,Neutral
3.081666667,936.9075,932.5066667,Neutral
5.415,411.9533333,408.375,Neutral
244.4816667,275.8141667,31.74,Neutral
522.6666667,561.8833333,41.60666667,Neutral
141.135,1178.67,1037.535,Neutral
1305.375,4324.134167,3019.526667,Neutral
30.82666667,1210.804167,1178.801667,Neutral
88.935,1974.993333,1883.281667,Neutral
11.48166667,115.9266667,105.0016667,Neutral
47.04,48.20333333,0.54,Neutral
312.4816667,594.0166667,281.535,Neutral
57.66,407.2666667,349.6066667,Neutral
1.926666667,1055.416667,1056.026667,Neutral
12.615,27.65666667,15.04166667,Neutral
306.735,945.3366667,638.6016667,Neutral
319.74,388.3233333,69.36,Neutral
9.881666667,821.6333333,809.6816667,Neutral
730.4066667,1393.9575,663.6016667,Neutral
301.0416667,387.3541667,86.64,Neutral
68.00666667,85.34666667,17.34,Neutral
9.126666667,10.26416667,1.215,Neutral
16.00666667,226.4775,210.0416667,Neutral
626.2816667,625.8941667,0.666666667,Neutral
663.6016667,1279.7475,616.1066667,Neutral
151.0016667,156.5133333,4.335,Neutral
12.32666667,79.37666667,66.66666667,Neutral
27.735,440.6466667,411.6816667,Neutral
592.0266667,1539.03,947.5266667,Neutral
18.72666667,1069.453333,1050.726667,Neutral
798.1066667,805.8133333,7.706666667,Neutral
30.375,91.36666667,62.08166667,Neutral
0.735,303.9408333,302.46,Neutral
49.88166667,60.51333333,11.48166667,Neutral
450.6666667,466.2033333,13.5,Neutral
11.20666667,39.37333333,28.16666667,Neutral
0.281666667,1115.446667,1117.935,Neutral
68.68166667,125.7233333,57.04166667,Neutral
640.6666667,2374.666667,1734.0,Neutral
864.0,1699.44,835.44,Neutral
8.64,629.9441667,622.2016667,Neutral
223.26,260.76,37.5,Neutral
7.935,1292.513333,1281.881667,Neutral
7.935,1211.873333,1201.335,Neutral
138.24,1831.68,1693.44,Neutral
41.08166667,818.5633333,777.4816667,Neutral
60.16666667,1842.093333,1781.926667,Neutral
197.2266667,323.3841667,126.0416667,Neutral
13.20166667,1426.936667,1413.735,Neutral
158.1066667,514.1041667,357.2816667,Neutral
11.48166667,89.96333333,78.48166667,Neutral
401.8016667,1648.843333,1247.041667,Neutral
0.326666667,167.8566667,166.4266667,Neutral
478.8266667,2456.284167,1976.535,Neutral
25.215,873.4808333,849.66,Neutral
32.20166667,1236.833333,1207.001667,Neutral
14.72666667,506.4566667,493.2266667,Neutral
0.166666667,29.44416667,29.48166667,Neutral
155.0416667,1700.656667,1545.615,Neutral
58.28166667,1036.833333,975.375,Neutral
0.015,678.4333333,680.535,Neutral
791.2016667,826.3141667,36.50666667,Neutral
134.4266667,932.5333333,798.1066667,Neutral
757.1266667,2097.770833,1341.015,Neutral
0.326666667,559.11,560.6666667,Neutral
528.2816667,2293.016667,1764.735,Neutral
169.6016667,169.2066667,0.601666667,Neutral
9.881666667,25.56333333,15.68166667,Neutral
436.9066667,468.0241667,32.20166667,Neutral
558.735,1794.27,1235.535,Neutral
66.00166667,247.7208333,181.5,Neutral
1027.041667,2450.234167,1422.96,Neutral
14.72666667,587.0533333,572.3266667,Neutral
379.215,554.7533333,176.0416667,Neutral
496.86,2752.963333,2258.16,Neutral
750.4016667,2380.603333,1630.201667,Neutral
524.535,544.6941667,20.90666667,Neutral
942.5066667,2019.866667,1077.36,Neutral
376.0416667,811.3666667,435.2016667,Neutral
178.215,517.2166667,339.0016667,Neutral
793.5,1237.843333,443.76,Neutral
1504.166667,3824.07,2320.666667,Neutral
339.0016667,395.8741667,56.42666667,Neutral
111.8016667,869.6208333,757.1266667,Neutral
489.6066667,1176.546667,686.94,Neutral
309.6016667,462.6166667,153.015,Neutral
92.82666667,1049.564167,955.0816667,Neutral
122.4016667,205.2833333,82.88166667,Neutral
54.60166667,1565.713333,1513.681667,Neutral
14.10666667,1900.933333,1886.826667,Neutral
558.735,2420.816667,1862.081667,Neutral
547.215,630.2608333,83.62666667,Neutral
200.6816667,207.2333333,7.935,Neutral
0.881666667,112.2141667,110.94,Neutral
586.0816667,623.0833333,37.00166667,Neutral
316.8266667,1136.270833,819.0016667,Neutral
19.80166667,20.00333333,0.201666667,Neutral
24.80666667,2454.6975,2428.081667,Neutral
1371.081667,1629.42,260.0416667,Neutral
513.375,515.91,2.535,Neutral
21.28166667,24.65666667,3.375,Neutral
447.2066667,1946.483333,1497.84,Neutral
1299.481667,4806.593333,3509.001667,Neutral
236.8816667,716.9666667,477.0416667,Neutral
0.135,1227.046667,1229.801667,Neutral
556.8066667,1187.244167,630.375,Neutral
287.0416667,734.4208333,447.2066667,Neutral
342.015,492.5133333,153.015,Neutral
515.2266667,896.2966667,380.8066667,Neutral
6.406666667,43.61666667,36.50666667,Neutral
229.4016667,1841.926667,1610.481667,Neutral
339.0016667,812.4833333,473.4816667,Neutral
29.48166667,490.1666667,462.8816667,Neutral
1164.826667,4525.493333,3360.666667,Neutral
558.735,1682.136667,1123.401667,Neutral
70.04166667,213.42,145.0416667,Neutral
308.1666667,663.9066667,355.74,Neutral
4.166666667,5.293333333,1.126666667,Neutral
218.4066667,1139.696667,922.56,Neutral
340.5066667,609.6833333,269.34,Neutral
775.2066667,1226.416667,450.6666667,Neutral
910.2016667,1855.216667,945.015,Neutral
737.0416667,1254.486667,517.0816667,Neutral
343.5266667,434.0566667,92.82666667,Neutral
798.1066667,4027.546667,3229.44,Neutral
5.226666667,1925.804167,1918.881667,Neutral
174.96,201.0908333,26.88166667,Neutral
868.8066667,1213.404167,345.0416667,Neutral
689.0816667,1257.6075,568.4266667,Neutral
814.335,1086.006667,270.6816667,Neutral
880.8816667,1552.62,672.0416667,Neutral
560.6666667,1273.283333,712.86,Neutral
622.2016667,1834.883333,1212.681667,Neutral
41.08166667,238.6208333,197.2266667,Neutral
117.0416667,126.9233333,9.881666667,Neutral
408.375,626.5608333,218.4066667,Neutral
962.6666667,969.4933333,6.826666667,Neutral
79.935,358.4208333,277.44,Neutral
1082.726667,2480.79,1398.426667,Neutral
1192.86,1845.986667,653.1266667,Neutral
1.306666667,110.5333333,109.2266667,Neutral
85.12666667,1373.616667,1290.666667,Neutral
130.6666667,607.2841667,477.0416667,Neutral
64.02666667,431.0841667,366.6016667,Neutral
1374.106667,3435.013333,2060.906667,Neutral
219.615,686.0166667,466.4016667,Neutral
777.4816667,966.2208333,188.16,Neutral
151.0016667,2144.726667,1991.081667,Neutral
0.326666667,19.45666667,19.44,Neutral
1215.526667,2577.723333,1362.026667,Neutral
1241.281667,1938.246667,697.6816667,Neutral
732.615,895.8966667,163.2816667,Neutral
85.12666667,138.4508333,53.40166667,Neutral
13.5,517.6666667,504.1666667,Neutral
223.26,1194.204167,970.2816667,Neutral
23.20666667,158.19,134.4266667,Neutral
782.0416667,3098.776667,2316.735,Neutral
280.1666667,279.9375,0.481666667,Neutral
125.1266667,1641.986667,1516.86,Neutral
719.415,727.3666667,9.881666667,Neutral
11.48166667,456.9633333,445.4816667,Neutral
4.166666667,41.66666667,37.5,Neutral
741.4816667,741.9266667,2.535,Neutral
0.601666667,873.0541667,873.6266667,Neutral
147.015,169.3608333,21.66,Neutral
160.1666667,859.4441667,697.6816667,Neutral
106.6816667,419.1633333,312.4816667,Neutral
37.00166667,761.6541667,726.0,Neutral
1571.401667,4427.203333,2855.801667,Neutral
136.3266667,595.3041667,459.375,Neutral
651.0416667,2823.7875,2173.606667,Neutral
610.0416667,610.6875,1.706666667,Neutral
55.20666667,67.85666667,11.76,Neutral
387.2066667,428.3108333,40.04166667,Neutral
0.041666667,119.7666667,118.815,Neutral
935.0016667,3685.26,2752.041667,Neutral
405.0816667,1056.566667,651.0416667,Neutral
1264.401667,2239.776667,975.375,Neutral
473.4816667,473.5633333,0.081666667,Neutral
750.4016667,2333.766667,1584.375,Neutral
0.96,2028.723333,2024.006667,Neutral
19.44,372.1066667,352.6666667,Neutral
21.66,609.72,588.06,Neutral
76.32666667,2200.016667,2120.64,Neutral
67.335,282.1366667,214.8016667,Neutral
85.88166667,386.9233333,301.0416667,Neutral
256.1066667,1473.176667,1215.526667,Neutral
282.9066667,3128.4975,2847.081667,Neutral
170.6666667,2301.250833,2131.935,Neutral
113.535,1070.314167,957.6066667,Neutral
24.40166667,339.7766667,315.375,Neutral
493.2266667,496.4041667,4.001666667,Neutral
1139.881667,1905.774167,766.14,Neutral
7.26,137.3508333,129.735,Neutral
282.9066667,311.5441667,27.735,Neutral
672.0416667,3987.66,3318.201667,Neutral
5.226666667,238.8841667,234.375,Neutral
157.0816667,293.3741667,136.3266667,Neutral
610.0416667,1817.043333,1207.001667,Neutral
1042.801667,1632.193333,590.0416667,Neutral
1109.76,2377.066667,1267.306667,Neutral
9.626666667,1281.424167,1270.215,Neutral
250.9066667,252.2433333,0.06,Neutral
866.4016667,2242.913333,1377.135,Neutral
47.04,101.04,54.0,Neutral
393.66,438.4833333,42.66666667,Neutral
766.14,1286.744167,520.8016667,Neutral
72.80166667,186.3366667,113.535,Neutral
70.72666667,165.1333333,94.40666667,Neutral
220.8266667,2070.056667,1851.526667,Neutral
240.6666667,733.8933333,493.2266667,Neutral
396.9066667,489.0166667,91.26,Neutral
812.0066667,897.1041667,85.88166667,Neutral
16.00666667,1098.733333,1082.726667,Neutral
653.1266667,723.8533333,70.72666667,Neutral
7.935,1184.166667,1178.801667,Neutral
552.96,1778.963333,1226.94,Neutral
77.76,2264.350833,2185.041667,Neutral
0.201666667,288.5933333,289.815,Neutral
11.20666667,1223.616667,1209.84,Neutral
580.1666667,597.2833333,19.44,Neutral
93.615,939.3133333,842.535,Neutral
541.5,543.4266667,1.926666667,Neutral
135.375,508.8866667,376.0416667,Neutral
759.375,788.8566667,29.48166667,Neutral
20.90666667,1280.770833,1258.601667,Neutral
29.04,2554.203333,2521.5,Neutral
12.615,1828.886667,1813.081667,Neutral
266.6666667,604.0033333,337.5,Neutral
162.24,461.8666667,299.6266667,Neutral
8.64,77.08333333,68.00666667,Neutral
34.08166667,34.35416667,0.54,Neutral
291.2066667,379.3733333,88.16666667,Neutral
64.68166667,473.0566667,408.375,Neutral
249.615,249.6166667,0.001666667,Neutral
44.28166667,402.5666667,360.375,Neutral
376.0416667,2028.534167,1653.36,Neutral
312.4816667,896.8541667,584.1066667,Neutral
33.60666667,319.2666667,285.66,Neutral
149.0016667,746.0066667,594.015,Neutral
336.0016667,493.0833333,157.0816667,Neutral
256.1066667,988.2708333,732.615,Neutral
225.7066667,3511.066667,3285.36,Neutral
303.8816667,401.6866667,98.415,Neutral
1123.401667,2476.673333,1353.001667,Neutral
1061.34,1763.590833,702.0016667,Neutral
34.08166667,890.8966667,856.815,Neutral
16.66666667,50.13666667,33.60666667,Neutral
20.90666667,74.90666667,54.0,Neutral
6.615,932.7941667,927.5266667,Neutral
366.6016667,372.4033333,5.801666667,Neutral
17.00166667,227.0433333,210.0416667,Neutral
7.041666667,1000.566667,995.8816667,Neutral
203.0016667,273.5266667,70.04166667,Neutral
87.40166667,347.7208333,261.36,Neutral
3.681666667,311.0541667,308.1666667,Neutral
16.00666667,1052.390833,1037.535,Neutral
8.881666667,210.0208333,201.84,Neutral
835.44,2117.604167,1281.881667,Neutral
19.44,31.69666667,12.32666667,Neutral
214.8016667,234.7266667,18.375,Neutral
117.0416667,1290.243333,1173.201667,Neutral
46.48166667,908.0833333,861.6016667,Neutral
18.72666667,1130.856667,1109.76,Neutral
791.2016667,1167.243333,376.0416667,Neutral
922.56,2364.683333,1441.5,Neutral
895.4816667,2538.033333,1643.415,Neutral
435.2016667,728.1133333,292.6016667,Neutral
0.96,753.6,752.64,Neutral
1539.201667,2605.600833,1066.666667,Neutral
176.0416667,1583.643333,1407.601667,Neutral
602.0016667,3408.8475,2808.006667,Neutral
5.226666667,824.4166667,821.34,Neutral
37.5,78.05083333,40.04166667,Neutral
325.6066667,1404.176667,1077.36,Neutral
9.626666667,54.75,45.92666667,Neutral
233.1266667,911.5333333,678.4066667,Neutral
11.48166667,91.87333333,79.935,Neutral
2.281666667,1058.433333,1053.375,Neutral
759.375,1235.953333,477.0416667,Neutral
313.9266667,343.9108333,29.48166667,Neutral
72.10666667,364.3575,292.6016667,Neutral
127.8816667,299.4733333,171.735,Neutral
480.615,842.6608333,361.9266667,Neutral
15.04166667,24.92333333,9.881666667,Neutral
7.041666667,2030.833333,2020.335,Neutral
814.335,2284.673333,1469.535,Neutral
15.04166667,1533.334167,1516.86,Neutral
36.50666667,1492.2375,1457.041667,Neutral
204.1666667,269.9175,66.00166667,Neutral
70.04166667,157.5266667,87.40166667,Neutral
339.0016667,1201.5,861.6016667,Neutral
11.48166667,146.8566667,135.375,Neutral
100.86,1481.026667,1380.166667,Neutral
24.40166667,636.06,614.0816667,Neutral
907.74,2561.963333,1653.36,Neutral
72.10666667,1105.083333,1029.66,Neutral
940.0016667,1574.483333,634.4816667,Neutral
121.5,2444.584167,2324.601667,Neutral
81.40166667,2848.0875,2764.906667,Neutral
64.02666667,87.49666667,23.20666667,Neutral
4.166666667,316.0108333,312.4816667,Neutral
354.2016667,1143.4875,788.9066667,Neutral
129.735,689.4733333,558.735,Neutral
1.926666667,1811.533333,1809.606667,Neutral
302.46,313.0833333,11.76,Neutral
287.0416667,291.66,6.201666667,Neutral
592.0266667,642.2566667,52.80666667,Neutral
45.92666667,264.3333333,218.4066667,Neutral
19.44,24.03083333,4.681666667,Neutral
173.8816667,642.3941667,468.1666667,Neutral
578.2016667,954.2433333,376.0416667,Neutral
1329.081667,2536.083333,1207.001667,Neutral
0.426666667,195.9108333,196.0816667,Neutral
1.215,1402.696667,1401.481667,Neutral
48.735,1546.006667,1494.681667,Neutral
198.375,2723.976667,2525.601667,Neutral
277.44,3163.866667,2886.426667,Neutral
61.44,2866.964167,2803.681667,Neutral
22.04166667,731.8275,708.5066667,Neutral
728.2016667,1391.803333,663.6016667,Neutral
1145.401667,1792.283333,646.8816667,Neutral
17.00166667,313.2741667,296.8066667,Neutral
0.081666667,192.1941667,192.6666667,Neutral
745.935,1626.816667,880.8816667,Neutral
319.74,1474.763333,1153.706667,Neutral
0.041666667,37.52666667,38.00166667,Neutral
25.62666667,1319.643333,1296.54,Neutral
39.015,39.28083333,0.006666667,Neutral
77.04166667,808.1941667,730.4066667,Neutral
7.481666667,1066.163333,1058.681667,Neutral
98.415,364.8208333,266.6666667,Neutral
1261.5,3799.426667,2537.926667,Neutral
15.68166667,30.08666667,15.04166667,Neutral
16.335,1799.820833,1781.926667,Neutral
706.335,883.4733333,178.215,Neutral
129.735,1323.540833,1192.86,Neutral
113.535,3150.166667,3033.001667,Neutral
669.9266667,1000.284167,330.0416667,Neutral
403.44,1358.964167,955.0816667,Neutral
82.88166667,123.5541667,40.56,Neutral
28.60166667,940.8333333,915.135,Neutral
126.0416667,902.1666667,772.935,Neutral
38.50666667,46.49666667,7.26,Neutral
17.34,845.3766667,826.0266667,Neutral
76.32666667,278.6166667,201.84,Neutral
392.0416667,483.3666667,88.935,Neutral
576.24,1774.746667,1198.506667,Neutral
634.4816667,3558.166667,2926.041667,Neutral
706.335,1142.006667,435.2016667,Neutral
522.6666667,4133.973333,3611.306667,Neutral
201.84,383.3108333,182.6016667,Neutral
34.08166667,1439.1,1407.601667,Neutral
1093.5,2485.826667,1392.326667,Neutral
324.135,337.3541667,14.10666667,Neutral
369.735,1841.620833,1472.666667,Neutral
132.54,476.0666667,343.5266667,Neutral
566.4816667,3617.496667,3051.015,Neutral
661.5,2804.76,2143.26,Neutral
570.375,3493.953333,2926.041667,Neutral
940.0016667,1281.0075,340.5066667,Neutral
90.48166667,895.5233333,805.0416667,Neutral
622.2016667,905.4408333,282.9066667,Neutral
226.935,618.5933333,392.0416667,Neutral
646.8816667,1201.763333,554.8816667,Neutral
86.64,348.0,261.36,Neutral
121.5,128.76,7.26,Neutral
61.44,353.0241667,292.6016667,Neutral
68.68166667,538.6166667,469.935,Neutral
167.4816667,181.6608333,13.5,Neutral
406.7266667,1782.216667,1374.106667,Neutral
294.0,1206.666667,912.6666667,Neutral
2.666666667,288.9508333,287.0416667,Neutral
172.8066667,701.4908333,528.2816667,Neutral
541.5,557.0508333,16.335,Neutral
214.8016667,215.8541667,0.426666667,Neutral
240.6666667,551.7066667,311.04,Neutral
14.72666667,76.64416667,62.08166667,Neutral
684.8016667,4226.380833,3542.94,Neutral
143.0816667,1919.1,1778.481667,Neutral
1120.666667,1498.293333,377.6266667,Neutral
1096.201667,1693.5,598.0016667,Neutral
118.815,504.4166667,385.6016667,Neutral
2.94,4.130833333,1.215,Neutral
539.6016667,581.4466667,44.28166667,Neutral
674.16,3595.786667,2921.626667,Neutral
1472.666667,2604.293333,1131.626667,Neutral
193.8016667,462.0066667,270.6816667,Neutral
248.3266667,1448.890833,1201.335,Neutral
426.7266667,456.6533333,29.92666667,Neutral
457.6266667,608.2575,151.0016667,Neutral
1545.615,2647.23,1101.615,Neutral
76.32666667,891.4708333,814.335,Neutral
549.1266667,2647.266667,2098.14,Neutral
922.56,2317.650833,1395.375,Neutral
74.20166667,148.4066667,74.20166667,Neutral
21.28166667,541.3408333,518.94,Neutral
257.415,276.7533333,17.68166667,Neutral
528.2816667,1265.323333,737.0416667,Neutral
194.94,1159.003333,962.6666667,Neutral
234.375,2153.256667,1918.881667,Neutral
194.94,394.4666667,199.5266667,Neutral
1564.935,3673.793333,2109.375,Neutral
87.40166667,188.2341667,100.86,Neutral
205.335,310.3366667,105.0016667,Neutral
518.94,3714.604167,3197.041667,Neutral
45.92666667,153.75,109.2266667,Neutral
1.126666667,637.6666667,636.54,Neutral
905.2816667,1003.686667,100.0416667,Neutral
0.015,48.19333333,47.60166667,Neutral
331.5266667,2991.504167,2658.615,Neutral
2.94,710.4308333,706.335,Neutral
150.0,179.2041667,29.48166667,Neutral
1422.96,3249.770833,1827.015,Neutral
0.326666667,341.5641667,342.015,Neutral
24.80666667,2270.936667,2242.666667,Neutral
0.375,1258.976667,1258.601667,Neutral
663.6016667,664.6541667,0.0,Neutral
405.0816667,515.1633333,110.0816667,Neutral
33.60666667,70.5975,37.00166667,Neutral
0.015,974.1208333,972.8266667,Neutral
39.015,132.9133333,95.20166667,Neutral
298.215,1561.126667,1264.401667,Neutral
3.681666667,308.8333333,303.8816667,Neutral
445.4816667,2157.42,1710.281667,Neutral
158.1066667,672.51,511.5266667,Neutral
27.30666667,257.9466667,230.64,Neutral
682.6666667,1738.693333,1056.026667,Neutral
743.7066667,1456.616667,712.86,Neutral
487.8016667,1649.843333,1162.041667,Neutral
269.34,1348.043333,1077.36,Neutral
24.0,952.5708333,930.015,Neutral
1413.735,2849.054167,1435.306667,Neutral
38.00166667,251.9541667,213.6066667,Neutral
473.4816667,1101.674167,628.3266667,Neutral
4.001666667,446.0433333,442.0416667,Neutral
608.0266667,3231.984167,2625.041667,Neutral
1435.306667,2883.013333,1447.706667,Neutral
900.375,2319.633333,1419.881667,Neutral
365.04,1581.856667,1215.526667,Neutral
97.60666667,160.4966667,61.44,Neutral
572.3266667,577.6566667,3.226666667,Neutral
702.0016667,713.34,13.20166667,Neutral
13.80166667,882.9133333,871.215,Neutral
206.5066667,541.0133333,334.5066667,Neutral
791.2016667,822.9541667,32.66666667,Neutral
142.1066667,1560.9375,1419.881667,Neutral
606.015,2872.880833,2265.926667,Neutral
276.0816667,2993.963333,2717.881667,Neutral
53.40166667,312.7266667,257.415,Neutral
0.041666667,1258.643333,1258.601667,Neutral
113.535,611.7408333,496.86,Neutral
22.04166667,24.33416667,2.16,Neutral
6.406666667,7.906666667,1.5,Neutral
103.335,131.9366667,28.60166667,Neutral
77.04166667,2616.6675,2537.926667,Neutral
2.535,1606.47,1603.935,Neutral
6.826666667,1578.443333,1568.166667,Neutral
140.1666667,150.4841667,10.935,Neutral
588.06,3655.870833,3069.081667,Neutral
504.1666667,661.8708333,159.135,Neutral
5.415,25.39333333,20.535,Neutral
580.1666667,3268.333333,2688.166667,Neutral
438.615,1938.166667,1501.001667,Neutral
10.14,16.20333333,6.0,Neutral
187.0416667,337.1008333,150.0,Neutral
123.3066667,166.35,41.60666667,Neutral
478.8266667,535.2841667,57.04166667,Neutral
517.0816667,517.1233333,0.041666667,Neutral
890.6016667,3923.603333,3033.001667,Neutral
1.815,487.9266667,484.2016667,Neutral
138.24,1590.130833,1450.815,Neutral
126.96,2580.163333,2456.326667,Neutral
371.3066667,443.1641667,71.415,Neutral
478.8266667,2096.6175,1617.041667,Neutral
38.00166667,943.2833333,905.2816667,Neutral
754.8816667,752.8066667,0.201666667,Neutral
78.48166667,637.2166667,558.735,Neutral
902.8266667,1122.483333,218.4066667,Neutral
172.8066667,249.6708333,77.04166667,Neutral
586.0816667,3295.456667,2709.375,Neutral
72.80166667,944.8741667,873.6266667,Neutral
526.4066667,526.8241667,1.401666667,Neutral
22.04166667,310.0866667,289.815,Neutral
269.34,631.2666667,361.9266667,Neutral
285.66,735.9766667,450.6666667,Neutral
484.2016667,684.2466667,203.0016667,Neutral
236.8816667,822.9633333,586.0816667,Neutral
274.7266667,278.8933333,4.166666667,Neutral
812.0066667,2221.936667,1410.666667,Neutral
457.6266667,2124.293333,1666.666667,Neutral
10.40166667,299.6541667,288.4266667,Neutral
48.16666667,88.18416667,40.04166667,Neutral
786.615,1439.640833,653.1266667,Neutral
105.0016667,2346.154167,2242.666667,Neutral
885.735,2732.673333,1848.015,Neutral
84.375,759.2208333,674.16,Neutral
1.706666667,907.0966667,907.74,Neutral
676.2816667,1547.496667,871.215,Neutral
684.8016667,724.5541667,40.56,Neutral
663.6016667,889.7475,225.7066667,Neutral
66.00166667,380.5933333,315.375,Neutral
935.0016667,3056.274167,2120.64,Neutral
922.56,2324.330833,1401.481667,Neutral
244.4816667,385.9266667,139.2016667,Neutral
715.0416667,753.42,40.04166667,Neutral
334.5066667,2782.746667,2448.24,Neutral
145.0416667,927.7341667,784.3266667,Neutral
12.32666667,106.7333333,94.40666667,Neutral
163.2816667,498.8333333,336.0016667,Neutral
153.015,479.6333333,327.0816667,Neutral
146.0266667,589.7866667,443.76,Neutral
592.0266667,617.6166667,23.20666667,Neutral
0.041666667,1555.286667,1552.041667,Neutral
80.66666667,2632.644167,2550.281667,Neutral
680.535,1225.954167,545.3066667,Neutral
33.135,120.2466667,85.88166667,Neutral
117.0416667,2486.033333,2372.081667,Neutral
51.04166667,147.8433333,96.80166667,Neutral
945.015,1078.833333,135.375,Neutral
9.881666667,1864.923333,1855.041667,Neutral
723.8016667,1031.5875,308.1666667,Neutral
1270.215,3250.020833,1980.166667,Neutral
602.0016667,776.5008333,174.96,Neutral
7.481666667,9.840833333,2.406666667,Neutral
816.6666667,1144.1775,327.0816667,Neutral
44.82666667,815.4933333,770.6666667,Neutral
38.00166667,644.0166667,606.015,Neutral
288.4266667,1658.123333,1368.06,Neutral
51.35236233293807,1168.9043905395738,1023.6943513473054,Neutral
488.0497285645147,9.001356529607165,1603.5616419960406,Neutral
149.45427258586724,344.37207643387865,1428.3095385843549,Neutral
0.0,0.006666667,2044.984618766969,Neutral
319.9106513249885,1593.6640220378772,1146.0370003789371,Neutral
0.0,0.006666667,734.3351780650582,Neutral
449.279981014776,895.5977318707646,1018.1958238727941,Neutral
26.18302415391193,1521.1207898314924,2157.3813284604284,Neutral
406.80370466030604,2953.849172852315,98.13294138348294,Neutral
126.32481043566042,2218.9376369113775,1219.7755783697962,Neutral
19.765912453412454,1605.2417120302662,1506.9010427359267,Neutral
0.0,254.85610531347487,394.11464344588694,Neutral
25.474079837376223,1388.7385997160786,69.46644206493738,Neutral
154.26093971821825,1683.7454687699071,1185.3957550229493,Neutral
111.79156199838344,568.314992636741,203.5831188960579,Neutral
687.030572679796,0.006666667,482.2289119105735,Neutral
201.75627629187548,575.3486423081043,484.3308484134656,Neutral
303.13208288667795,1897.4861046210121,885.6942738498374,Neutral
418.4956648765615,2136.428862546385,0.0,Neutral
459.525124899896,714.3978372161538,807.2373714963962,Neutral
21.820474534827184,0.006666667,0.0,Neutral
40.22738217030377,536.9353377659504,0.0,Neutral
0.0,1219.4218617413244,1195.0345403416418,Neutral
0.0,1066.828698395592,263.34729203451394,Neutral
56.4767790484882,1080.8528174484002,379.8141242175368,Neutral
231.59346141270336,910.831142102134,1819.9732328242344,Neutral
302.8569626625168,2121.2398543892477,0.0,Neutral
276.0097929893911,0.006666667,165.25881407999145,Neutral
0.0,637.1056833707429,653.6861607774423,Neutral
375.10626949909,234.27839418385003,0.0,Neutral
0.0,712.2196509802868,616.5064921905255,Neutral
0.0,1626.3477756009443,633.0650922001331,Neutral
843.2030894605955,0.006666667,173.2713632902765,Neutral
0.0,1999.2184952906337,0.0,Neutral
589.6311561865411,692.4231435480422,21.987280300571342,Neutral
517.1575360597348,2764.1973234418983,0.0,Neutral
622.0340619537997,567.6410835070194,405.5612796899088,Neutral
0.0,1174.3607813878687,738.2246625192214,Neutral
162.2890322910671,0.006666667,0.0,Neutral
0.0,0.006666667,507.7169513196984,Neutral
7.172764186812884,3136.285311661202,0.0,Neutral
113.94317528798484,2872.50298517123,1189.7710455484676,Neutral
650.5572434375875,355.77293386262596,0.0,Neutral
212.34334996526505,0.006666667,901.7883070763289,Neutral
429.76887258169137,78.35678270603637,0.0,Neutral
0.0,875.5771059525954,172.72093077727072,Neutral
816.077244062315,498.7700765762974,1441.8461187859089,Neutral
0.0,1414.4065104265571,482.77238297361237,Neutral
0.0,0.006666667,1340.5224342553875,Neutral
568.766972033833,767.6410721898865,1822.6919296769538,Neutral
779.9837764010782,1687.267475607431,874.6382273416225,Neutral
0.0,1436.554713650747,406.92353245067255,Neutral
443.7724715533343,139.65582379769683,548.6168545936843,Neutral
118.03612493273016,1022.7717088178496,629.7854715661376,Neutral
49.99905679113317,651.341054865926,0.0,Neutral
422.1173493932371,0.006666667,879.0832297361752,Neutral
0.0,1015.0829798830383,1297.2080270913793,Neutral
0.0,1194.7884694207692,1903.6041416225457,Neutral
0.0,765.2017918084069,524.6943608063875,Neutral
264.3898809087889,84.68253695889894,1430.0271933928475,Neutral
0.0,320.44292632439226,591.9224726472784,Neutral
254.97792891843548,186.93982318564792,1355.4310886343296,Neutral
11.861957478860745,2336.994956517528,909.8002514673383,Neutral
313.59183446090407,2848.5356702092085,1717.3820608459591,Neutral
0.0,781.0003182918975,1087.620096302488,Neutral
95.11769137564451,719.2318063862255,1489.3548914172875,Neutral
0.0,0.006666667,1339.135535996787,Neutral
330.2156431408105,0.006666667,0.0,Neutral
0.0,196.43352642302352,861.4495207823652,Neutral
52.530742200769794,0.006666667,50.86559508481116,Neutral
135.59488432978617,1818.2996456596047,0.0,Neutral
566.1514106461975,1657.704380548886,1798.5190460369104,Neutral
0.0,333.13198917015376,754.7230352891434,Neutral
330.7935007143591,194.1132142383342,402.540041458106,Neutral
215.3238032497201,2122.030713726616,0.0,Neutral
438.0622143536683,679.5923234997491,33.01653210750726,Neutral
0.0,1623.1493680821936,0.0,Neutral
496.69653703131917,431.82730952100457,0.0,Neutral
249.8614172659996,0.006666667,321.9455185253047,Neutral
94.59682937720395,1429.271947453183,818.190888555845,Neutral
0.0,121.64813345361972,393.51461576010877,Neutral
203.25752617547215,958.6487220341796,927.220486853992,Neutral
757.1247618016579,777.542942326581,0.0,Neutral
269.42348272867184,94.6247844147839,534.4616970763731,Neutral
286.6251438502372,169.40549859848227,1474.8313209808944,Neutral
244.1151633529283,1374.19601607998,443.561779161023,Neutral
214.94552005215888,2301.7841711238425,1523.824833474685,Neutral
0.0,872.6818269506525,429.834753763472,Neutral
762.2628917514903,1114.9099690180192,0.0,Neutral
639.2620070300457,0.006666667,1350.1067351719098,Neutral
487.447441525846,0.006666667,0.0,Neutral
111.67617424271741,935.3648886895459,709.2416085328025,Neutral
93.96838317432096,1282.197825361359,1180.0937383391292,Neutral
162.97989866152435,1076.208912365047,251.5833103047582,Neutral
212.46962397265773,780.6288360120707,1076.6519867672782,Neutral
470.09856599388917,2985.817792916694,0.0,Neutral
65.5225573636682,1332.0048674049842,0.0,Neutral
0.0,101.70042350320159,449.80251223676674,Neutral
196.3259414422103,1893.263428449779,1169.198560169165,Neutral
441.5322218901458,252.6313627814729,0.0,Neutral
815.3010788563561,2868.636172826629,1491.0664558661601,Neutral
760.1842511666491,694.8729025469369,460.4093801298721,Neutral
0.0,0.006666667,0.0,Neutral
431.8041528840703,680.7180061238045,1434.7555143556333,Neutral
127.88375058507987,206.50702993897085,471.32112814998163,Neutral
549.3341646542481,0.006666667,528.2072697870967,Neutral
704.8172798611874,886.2905398049797,0.0,Neutral
361.10482091974563,1661.5288557446058,1662.051049204581,Neutral
13.948274594758288,1774.5223385953,0.0,Neutral
0.0,1372.5199926873102,491.0104964646816,Neutral
794.8068110855997,2219.54334909874,827.0913417807162,Neutral
317.7932936334899,371.99369794103626,0.0,Neutral
783.6421020814962,855.8611712541488,0.0,Neutral
206.06253932124156,888.6873805043501,191.73527695788732,Neutral
452.7218705565181,0.006666667,0.0,Neutral
339.8643399626344,475.56703836590214,759.6742731629388,Neutral
0.0,1046.1977827430856,678.059909907994,Neutral
370.1155614578887,1114.0109334899535,0.0,Neutral
71.16779708533858,1353.9441980714475,170.4463407757732,Neutral
632.8384991485001,2849.896756673222,0.0,Neutral
292.5529102209366,1222.860822081155,402.7728885435869,Neutral
149.79061584521207,0.006666667,0.0,Neutral
54.883808950435,133.47913315797223,766.6676770210474,Neutral
84.16615328512168,622.1854749194803,0.0,Neutral
263.7744954710246,879.7757156411437,508.25435702915934,Neutral
592.5287247904055,1632.8408844342994,1054.1472528911518,Neutral
394.90846349790615,1036.1114713339014,24.413939066204364,Neutral
636.0250219489867,659.8642048577719,787.7217966102744,Neutral
145.3032890825503,0.006666667,332.98028765818725,Neutral
263.87748770967414,1294.1644371419447,0.0,Neutral
240.90071756360902,2462.366031338313,0.0,Neutral
535.3280636377195,2105.3015053665426,0.0,Neutral
208.73510859157886,1528.6122868920688,0.0,Neutral
413.272159530199,308.48346619791346,604.4215355115416,Neutral
0.0,925.5432170186357,0.0,Neutral
381.31857997930183,806.507962728248,154.7729836575059,Neutral
546.4618931950015,1499.0768859941068,503.1022657477751,Neutral
7.5325063423624385,22.65644825348295,815.6200897687868,Neutral
0.0,1450.3279372655788,583.7866461707083,Neutral
526.0203023238887,0.006666667,247.7515687624002,Neutral
0.0,0.006666667,376.6994125357106,Neutral
210.61602060947692,359.05301692460444,907.3423359765086,Neutral
105.73381467909215,352.76616078787043,212.8463879898738,Neutral
349.8034788039216,0.006666667,957.2121829798973,Neutral
244.98154943766926,1565.0994433728088,718.7849602179363,Neutral
409.10460757300507,1507.2113139492308,2130.655528548671,Neutral
9.485045458869536,594.1567592540688,0.0,Neutral
147.1125581328405,527.4909081167832,0.0,Neutral
718.969989238969,1289.6826524091437,1185.3732467599743,Neutral
94.44683248075887,1095.0460285864651,1161.6211013205605,Neutral
198.48188656688248,469.76940639791314,0.0,Neutral
682.5673885342185,846.4094459133406,0.0,Neutral
0.0,529.8044431202957,1256.9075928558418,Neutral
0.0,537.9901817663413,0.0,Neutral
494.9396764455116,0.006666667,1184.9214379209234,Neutral
0.0,0.006666667,0.0,Neutral
521.8918112153802,858.0607832933435,0.0,Neutral
287.25840107968685,164.98609961491638,531.376937138498,Neutral
186.61111855084673,1007.1881915911854,0.0,Neutral
0.0,1424.4368056393419,0.0,Neutral
0.0,2178.115974745408,0.0,Neutral
16.873173486123534,602.6432144027699,393.5608580858057,Neutral
739.8189497480761,642.8884622815782,29.143225186571783,Neutral
506.93621177330647,0.006666667,728.7939470127155,Neutral
480.3612364590054,1564.357166618797,0.0,Neutral
297.8788610786165,405.0862314225993,0.0,Neutral
0.0,1823.5899682664208,511.2265170842765,Neutral
0.0,1385.889259036836,488.9019436576363,Neutral
260.3351017468401,0.006666667,953.7721214395278,Neutral
491.12526611423567,441.2066304211933,312.19337588732606,Neutral
232.23630328121965,0.006666667,560.4282824894076,Neutral
252.6332110544417,1739.0163287475195,0.0,Neutral
1099.2251515554287,1892.8692934417609,1002.2941681372954,Neutral
568.273116874432,0.006666667,0.0,Neutral
766.7199019917934,905.622267350877,0.0,Neutral
424.479097760464,547.2107001171386,335.1196742212306,Neutral
504.0574021051441,1576.4551883303748,1007.8017596033403,Neutral
987.5448388199057,2285.3694860650558,926.3670680351502,Neutral
509.87571125253555,244.19702313853884,956.8432019181956,Neutral
301.9380475477955,1652.3929477921422,859.3609758769918,Neutral
0.0,553.9636600088675,679.9605748141897,Neutral
112.02797664223618,1153.9946462246476,740.6444790483441,Neutral
106.02225619122697,0.006666667,791.1140757967426,Neutral
521.7923500457063,1500.723557693369,296.7888869553202,Neutral
0.0,415.75168896602366,434.1089508954349,Neutral
27.518909484374603,558.3842648395914,1013.3479150179144,Neutral
449.8114658657847,0.006666667,0.0,Neutral
483.99999965302027,1691.5276481942158,441.76177554233243,Neutral
0.0,1087.2348221203822,1048.9839383260455,Neutral
474.3673520872963,659.7128483827685,150.84089207843328,Neutral
143.46909309300662,1488.7843499017529,456.9457638924209,Neutral
94.8141714411143,542.8402052232871,461.0494634865741,Neutral
472.70821746451327,0.006666667,155.6335416466208,Neutral
0.0,386.41291095714905,278.42342169293187,Neutral
439.8175846873246,0.006666667,1006.6568177791694,Neutral
426.6290850462474,0.006666667,0.0,Neutral
601.7974631748482,356.8421014699333,0.0,Neutral
31.24378506179346,997.8494571414826,599.3549003311505,Neutral
424.9160846337304,1047.2463150419603,395.2000426245232,Neutral
514.2085735264084,646.0008928949403,489.94117563914205,Neutral
317.8463612401071,994.6707206204162,0.0,Neutral
0.0,0.006666667,642.9120699490753,Neutral
114.78357722134533,875.9594693860199,351.57210836691445,Neutral
0.0,359.50823088777906,420.93555448014655,Neutral
818.3388400707164,1706.1932251950514,1827.0661389227066,Neutral
1005.5564250083402,740.916620774334,603.7876324337602,Neutral
410.4719888977046,764.4518751505711,842.635686372736,Neutral
410.52821698972434,0.006666667,972.6787914261122,Neutral
0.0,706.6019523592561,0.0,Neutral
182.63836977704722,1013.276266979831,1344.7178619559295,Neutral
615.3343543200122,478.81189165702796,248.9808570349585,Neutral
391.5008804829205,473.1913508288394,0.0,Neutral
498.64088036519314,2753.6250076379465,475.9447135456073,Neutral
124.32958885769862,289.5954645284034,147.36510193409492,Neutral
417.80880018997937,3052.0607666876217,0.0,Neutral
722.562619216417,1198.0653401356412,0.0,Neutral
383.5390900556821,1085.7766107670252,1426.1431268050417,Neutral
134.89842716866997,836.423936440764,196.06548749507755,Neutral
203.15976371051377,2010.302986400558,68.66224510548,Neutral
735.6151898741862,402.24361609127817,659.1855588202043,Neutral
20.150859450479402,1052.0471345026892,531.9295733007481,Neutral
0.0,311.1028396496215,0.0,Neutral
606.3129452577509,1198.9457286985055,733.2670560782037,Neutral
0.0,974.49338175302,0.0,Neutral
58.17479575900771,1182.1933847652124,893.4094532762707,Neutral
376.037984483472,1607.8904118944133,793.0539016024791,Neutral
789.9552268407149,1297.380488136775,788.5765912936008,Neutral
0.0,0.006666667,68.07366716418,Neutral
0.0,1217.343184820158,0.0,Neutral
0.0,856.5129982522164,1068.148045067077,Neutral
549.1413709330805,0.006666667,372.697717874536,Neutral
573.5889213092659,2316.8163670165145,745.930368259553,Neutral
142.83034722685758,539.2018509797806,34.26060387208361,Neutral
213.3538719824257,0.006666667,944.2726268870335,Neutral
277.0364587038759,1085.7658842476749,17.10693913932954,Neutral
603.7784420081498,581.46538482283,1500.1884635592187,Neutral
665.1212659964206,0.006666667,983.1693807725983,Neutral
0.0,1872.241801868077,138.81500333968012,Neutral
545.5563467148006,1744.2893616431188,0.0,Neutral
448.9673156049042,1246.4841687912844,54.8786914690445,Neutral
459.8714065222033,0.006666667,0.0,Neutral
0.0,2894.345896121067,385.6783404382786,Neutral
273.1888435066738,731.1463926054975,1315.7432239603281,Neutral
134.19267376948306,351.1142028710733,1486.3023410859346,Neutral
698.5254516776168,169.334724264623,419.54498922261746,Neutral
0.0,412.7831788855659,312.46118372803033,Neutral
1129.7179546692323,1286.807232141662,2200.529968999055,Neutral
0.0,787.3759566575804,0.0,Neutral
0.0,117.28993583598913,255.8729946789769,Neutral
133.4798158961203,1994.4023628785853,0.0,Neutral
276.68615833642644,480.8772666965205,252.85558481394378,Neutral
0.0,0.006666667,973.6325498866697,Neutral
0.0,827.4375066730531,1398.633900865198,Neutral
0.0,1146.1252311918647,2240.866054019793,Neutral
705.7741683090501,78.92506023231749,830.9712375673325,Neutral
60.550731573595414,915.6065088386758,1199.7893512020714,Neutral
346.8621484414382,1270.519456119647,1109.9102006295475,Neutral
256.11725964149537,611.9957333262956,456.94942189462455,Neutral
394.9292632746343,19.71032667244822,0.0,Neutral
357.605604496201,490.35273610632373,865.4753348594584,Neutral
472.2429514409706,294.7829730329784,567.3358713921115,Neutral
1053.2608458248071,809.2157939544667,236.0352217687725,Neutral
475.2937819838169,906.0496355406138,1280.0699431965654,Neutral
0.0,162.47612461195695,1011.5093971374985,Neutral
372.5811127364517,215.17610012396642,456.8717127819485,Neutral
362.8401102432331,1350.7249295493693,298.70939558383566,Neutral
630.6741708912089,1670.0765567071508,2178.356769702545,Neutral
0.0,2082.9112646931208,836.2245972528378,Neutral
0.0,0.006666667,0.0,Neutral
0.0,1028.3680753967196,666.1689634499357,Neutral
0.0,0.006666667,1351.5366846588777,Neutral
277.52880533289397,68.38937550566754,221.37578767988072,Neutral
0.0,0.006666667,862.5562151992528,Neutral
591.5047929371192,1528.2605459784618,493.63897596518,Neutral
386.3795124704875,1428.8602504078958,1652.4257443959414,Neutral
0.0,1411.0620192935535,94.34955243237391,Neutral
699.8279593422799,1319.151577449036,1387.7675467476906,Neutral
497.02320937754473,0.006666667,314.5687884507389,Neutral
271.763010409657,1391.94514945144,2038.634827988676,Neutral
627.0836951250076,2330.4515279280977,666.7147948288871,Neutral
0.0,349.7948079026908,137.3475351588762,Neutral
334.68632057066844,1025.7088678697273,0.0,Neutral
503.40459896828656,1927.7487359395845,233.06607733936755,Neutral
390.72644223499526,1631.7133038295328,1873.1874349507261,Neutral
723.6087100904799,648.998840472607,32.946408290193915,Neutral
884.8590906644276,1184.1106489733006,0.0,Neutral
529.2772160509361,1737.3719481047765,0.0,Neutral
323.70470247111,1190.2554602524137,1466.00912753355,Neutral
466.9783892878446,1168.729277084881,417.3850625756519,Neutral
122.56781671140071,3166.549048920423,1598.284884229316,Neutral
35.13865703931967,1247.3009421297274,0.0,Neutral
588.1592008914824,1702.412833439115,637.1665171018539,Neutral
117.9826172912995,614.1663073245048,0.0,Neutral
429.06897928136664,1226.0426666600122,1457.6044438793356,Neutral
128.51724210793114,657.9680904679872,995.4865939487785,Neutral
58.6548983309948,1417.2792126902443,1409.557835992991,Neutral
0.0,131.57190550263738,394.25608561968625,Neutral
647.3855201051144,1912.5486730608854,932.3815846773796,Neutral
614.8600424938268,2666.8262218643927,0.0,Neutral
859.1893632085482,1635.6232008798238,0.0,Neutral
131.6810492137148,776.0939117748648,0.0,Neutral
289.6724479163369,2117.824448286832,1983.9440523436879,Neutral
369.9247290349317,1247.6557171493382,153.31327565285164,Neutral
438.7683135723586,101.74178874468134,948.9780118718988,Neutral
182.02321266429166,292.9849409008342,1696.1684672769002,Neutral
656.2717797769785,1263.157552004627,1192.2119749016463,Neutral
0.0,0.006666667,306.728999915587,Neutral
382.782457857587,233.06337920438358,527.1461982353079,Neutral
0.0,0.006666667,690.8710821352649,Neutral
493.76187288608094,558.0712572585693,1725.0957597692413,Neutral
142.76248420517118,115.15605945307789,1391.61828534535,Neutral
221.75947110820906,1419.7699191799397,542.5734155081635,Neutral
399.8669826023955,0.006666667,115.63918184583741,Neutral
0.0,0.006666667,719.6755348589011,Neutral
414.9831868628071,0.006666667,17.641139393636195,Neutral
190.86371809702013,0.006666667,322.79368968597385,Neutral
286.7564997317131,1778.9067483087679,278.4224252304325,Neutral
128.88915152223169,0.006666667,845.1078244728956,Neutral
0.0,0.006666667,1985.456256187591,Neutral
0.0,352.0388643034265,1120.6619826666783,Neutral
0.0,1713.409704929883,1318.5728036956532,Neutral
255.78110681858865,243.80149452472153,937.8474302203675,Neutral
416.34237377089084,353.76358232584874,902.2001000252992,Neutral
350.71221781694493,1407.5708437579483,1155.9923893373962,Neutral
0.0,1568.049284748483,1310.524503777573,Neutral
270.017528943274,0.006666667,0.0,Neutral
198.68206147292676,943.2127008351263,825.1213326923389,Neutral
0.0,180.49300188896336,681.1296316784981,Neutral
398.25387333986237,1781.6469588209884,29.569087917428647,Neutral
0.0,1125.407735007514,2255.091891442947,Neutral
196.32372819804965,726.6552393032995,0.0,Neutral
297.8370351194766,1737.8016180076115,203.2958058091284,Neutral
0.0,0.006666667,0.0,Neutral
358.002320823476,0.006666667,798.4139501212658,Neutral
0.0,1329.4253128194543,937.0470612951849,Neutral
326.3841653998542,1024.9194725197071,0.0,Neutral
0.0,1028.2721284094464,1979.2702836585818,Neutral
0.0,0.006666667,0.0,Neutral
0.0,1185.1606209136212,834.3641800009822,Neutral
0.0,1240.9452946924948,995.3786553316344,Neutral
75.99006722767874,0.006666667,208.95715452038695,Neutral
88.00165201830377,350.81806817422085,0.0,Neutral
494.19701498429885,0.006666667,80.40251684199797,Neutral
0.0,2152.9809537404394,493.2599240421351,Neutral
0.0,33.8969770713652,1177.2379892265917,Neutral
206.36112024744173,0.006666667,603.1265513750128,Neutral
170.19566269941217,812.7871217411947,0.0,Neutral
43.64316475855665,0.006666667,0.0,Neutral
116.73535883840756,808.9546703014511,0.0,Neutral
352.509186237774,1835.5666765464898,0.0,Neutral
730.5268415412166,1941.910417739131,0.0,Neutral
280.94924637322686,1031.8274009693814,1266.549383712898,Neutral
766.4565939155872,34.50973976654734,436.87861036803577,Neutral
128.43004209205458,621.4684304557326,762.8247858402103,Neutral
0.0,903.6026219715199,0.0,Neutral
422.4258920797153,560.8442552091789,0.0,Neutral
238.23666166064172,0.006666667,0.0,Neutral
785.4736666241308,681.4434236245264,0.0,Neutral
558.5398730058041,195.91171778236424,48.9044625852016,Neutral
943.8656440021638,685.1015929058489,675.9628676876789,Neutral
0.0,1152.6290171641594,1160.8609504945339,Neutral
368.59025185483927,1557.0642247676665,38.90626798418242,Neutral
37.650041347795366,579.5928922394601,392.76389675407603,Neutral
35.45394054766774,594.8779076353408,0.0,Neutral
52.580899003422815,638.7777944677161,750.1487941415301,Neutral
0.0,0.006666667,493.9520832377579,Neutral
0.0,796.2955173277758,1261.945676387651,Neutral
0.0,1628.5361125681256,250.2212816830069,Neutral
464.10098081921666,414.06866907552507,0.0,Neutral
428.89387928863096,380.8361769889982,0.0,Neutral
483.49131270829537,713.0535746073518,473.12290711195675,Neutral
45.77337316506839,0.006666667,717.9780575779736,Neutral
353.8149065678449,675.7217406329418,1511.233166318269,Neutral
0.0,1548.8290535132644,835.741382522086,Neutral
149.99665395945357,0.006666667,0.0,Neutral
170.71691666620939,28.03020384620686,786.3592399001957,Neutral
260.7572375256506,770.0445521205858,508.5176237881858,Neutral
562.7746721909233,1040.1578230216478,1432.8063108430456,Neutral
439.7545815891024,1022.5167467578283,1330.2738625193656,Neutral
0.0,2018.6510241077071,324.03693101408027,Neutral
0.0,830.0098101496077,1126.1853671387626,Neutral
123.18906327175436,1359.2921265157893,1404.668572509741,Neutral
379.4517833517572,1216.9205027602957,1635.3259312646483,Neutral
0.0,960.6541907299819,2121.8199911420056,Neutral
43.48557823337691,0.006666667,267.06491133167765,Neutral
519.2808019827066,1250.9131284287132,0.0,Neutral
120.19237802933547,0.006666667,140.4773724121079,Neutral
120.47911534580963,1846.3266252351773,2251.302283906749,Neutral
0.0,458.21478834704664,0.0,Neutral
588.3202818514417,890.4682129037747,1014.5924950914006,Neutral
0.0,759.5504802629205,511.45788471427676,Neutral
287.72236679301204,1365.9059264751904,1725.0920721142438,Neutral
0.0,931.3236035835031,0.0,Neutral
2.3445390697830817,714.1758142452451,247.19736057950945,Neutral
219.00496040611353,874.2245358457724,26.459787035549425,Neutral
0.0,376.6469079746112,777.947744807981,Neutral
432.5427622403704,590.4065078415282,0.0,Neutral
261.0742847864853,549.087239464641,565.3441441091302,Neutral
0.0,1229.4650664335406,949.7310956388422,Neutral
455.48770522334837,1794.8358234560187,0.0,Neutral
330.7680943014624,1171.4600190399751,974.0057633341366,Neutral
0.0,234.46554906957334,2087.460521633113,Neutral
57.33932782907428,332.89521958035294,812.7688759805201,Neutral
0.0,1344.5786700476863,842.8216439461307,Neutral
576.0718743114401,1286.6354365476036,0.0,Neutral
322.52813305666353,0.006666667,226.96682051949216,Neutral
0.0,639.4564448616561,0.0,Neutral
429.62249257943694,1345.7147813892966,632.0373056169194,Neutral
72.69169435043534,1921.5652165062684,588.7543542950953,Neutral
96.4250723613838,1620.3927608256945,314.75317762869224,Neutral
343.69840689308126,1547.202148463459,1108.6580142389712,Neutral
78.49599152024092,1398.2329536075138,433.23432727234166,Neutral
295.7261601795978,0.006666667,0.0,Neutral
184.34712717960312,2418.5371571106607,440.79141587995093,Neutral
356.10268879092826,238.2112142211268,792.2756775405273,Neutral
493.19254637558583,977.909811440499,720.9241218429795,Neutral
574.4659852287738,424.4012821208593,638.3241534618421,Neutral
0.0,1297.4546276306373,589.6862449005101,Neutral
0.0,0.006666667,489.64760438326203,Neutral
352.55278489920397,644.5875406315205,0.0,Neutral
0.0,90.624900117425,0.0,Neutral
0.0,783.7124265397872,708.1953245701421,Neutral
0.0,1290.872023936523,0.0,Neutral
0.0,1264.6975460369422,2017.3773151530531,Neutral
134.49052674416328,0.006666667,0.0,Neutral
259.8574252694386,719.4559105779153,0.0,Neutral
352.49166421003275,0.006666667,0.0,Neutral
123.3710924290573,1076.096662821523,849.2075404147861,Neutral
789.4088338110342,0.006666667,0.0,Neutral
84.69097366070204,0.006666667,0.0,Neutral
433.65125674850015,812.7182015148503,0.0,Neutral
504.8291964059452,847.8292576087017,0.0,Neutral
0.0,0.006666667,327.5552783955934,Neutral
340.8738732814552,792.5186054475946,651.815038835487,Neutral
392.29028761431823,0.006666667,1162.6910449171355,Neutral
0.0,1000.7344694208169,565.4491525839057,Neutral
391.2051588313236,1526.903693908011,2333.790674628011,Neutral
0.0,1629.3060572457239,814.5026270481031,Neutral
288.8368416201322,963.8659880507964,963.4636453822211,Neutral
790.1072984911,1152.6049425872507,1397.9684596469947,Neutral
241.78118798278211,431.1199243521968,324.93469502485317,Neutral
243.0028309321236,719.3811050732772,1267.973624000499,Neutral
0.0,60.93339481724331,713.6433122310843,Neutral
591.9031820291978,257.2782533122974,482.49457478074174,Neutral
88.53314602079722,1942.665198385505,0.0,Neutral
460.46547112651183,0.006666667,585.253984171712,Neutral
515.8512505331181,277.8015618769673,846.9306528284177,Neutral
422.80386223248274,1199.1888091099167,131.5075212488863,Neutral
0.0,1089.6228303773557,532.1605679472575,Neutral
513.9457447248559,1366.3883070830034,0.0,Neutral
72.9928824539723,0.006666667,90.22477818447402,Neutral
423.9927287487154,37.97922091493058,87.84988057758818,Neutral
587.6038317842552,372.03694883781776,453.9883110764905,Neutral
329.83482095295244,0.006666667,1796.4533326647315,Neutral
716.4417945192638,889.806531283074,1826.2096780725565,Neutral
0.0,313.5854603633937,1352.9376281117738,Neutral
100.78717604043186,1065.3682437588186,98.11016413066835,Neutral
272.59339921439863,1485.2604834706472,440.7305907427118,Neutral
1015.5498033454852,0.006666667,679.1575322775484,Neutral
0.0,0.006666667,1199.7800012686275,Neutral
447.6492792697026,687.9766239174813,1673.0195778826092,Neutral
0.0,372.17906772083046,0.0,Neutral
0.0,2687.56214561151,1788.6896218607167,Neutral
688.2561635156994,2061.5112220720175,0.0,Neutral
472.938350726162,0.006666667,232.67080173130233,Neutral
403.43114382477575,266.12168017209916,990.8148926379627,Neutral
652.5069252458806,2282.894471419774,0.0,Neutral
0.0,1284.3426669652777,2272.1774119872816,Neutral
0.0,1575.9241071978395,242.3512060575727,Neutral
1162.1417352088079,313.507563247323,0.0,Neutral
207.91058151965677,1517.4217892950203,1114.299064297411,Neutral
0.0,42.300062820292624,0.0,Neutral
25.89954616658369,0.006666667,1700.2517415440593,Neutral
0.0,1131.3930506204156,1275.6113542155967,Neutral
459.6706131414327,1746.1098722035608,0.0,Neutral
524.3634348151954,810.6660606719975,230.14751195843013,Neutral
390.6203826557481,367.0914816881117,0.0,Neutral
422.75385363268964,1431.1197055223463,0.0,Neutral
247.3962480932817,2095.358688490217,709.4457168955701,Neutral
501.55254601307485,931.1764491602266,1644.1167293827225,Neutral
0.0,0.006666667,0.0,Neutral
184.8577343222807,314.64700599202365,729.2010787135287,Neutral
594.0663284698843,1311.893150474872,92.3537905092021,Neutral
936.7342373812719,295.32573570322864,724.979824416898,Neutral
259.1519308821959,132.3516538249852,445.6840018383738,Neutral
641.537210804589,644.4925563837555,0.0,Neutral
2.690412181958237,400.13412264305657,1343.610350991984,Neutral
321.3002101828861,665.9622993823257,0.0,Neutral
224.81724984973476,504.5785859692337,679.2020795355381,Neutral
354.84188592561,1924.261422886847,379.4007580335898,Neutral
183.80135991040444,2129.2258149568906,1667.9573894444975,Neutral
0.0,637.7737185933968,1029.4260106070499,Neutral
743.5959337506033,748.40639100695,519.6644828850006,Neutral
0.0,0.006666667,970.1199823702509,Neutral
451.618161580404,872.9503124021979,1154.318846416888,Neutral
0.0,972.6902651943789,515.569330216158,Neutral
435.0629718058833,1410.106046095943,930.22354335506,Neutral
528.4059530533204,0.006666667,1112.2386210856084,Neutral
114.80146208042919,787.7839904224791,0.0,Neutral
284.49453874686725,188.3106896715184,0.0,Neutral
0.0,501.01765217701603,2364.101307801042,Neutral
310.03510477728514,767.7341309948264,0.0,Neutral
36.45368215328216,0.006666667,186.62209657901184,Neutral
291.2562175986567,1725.549015087261,284.728928295726,Neutral
0.0,1665.160238114838,0.0,Neutral
287.2896972994842,1167.1541357770525,0.0,Neutral
419.150265058011,1464.0233446089333,871.1879617171514,Neutral
448.5640572380322,0.006666667,422.0577632089052,Neutral
0.0,890.996257387593,0.0,Neutral
333.788125061618,87.44892314853405,469.4121220672039,Neutral
0.0,0.006666667,682.6812731493933,Neutral
0.0,327.6551501991147,828.2792977111391,Neutral
686.6713023576335,0.006666667,197.64234867415553,Neutral
358.34950884331795,0.006666667,638.7278590386618,Neutral
46.09463591599061,0.006666667,0.0,Neutral
0.0,1231.2961323388547,181.66008120371845,Neutral
437.6534898836155,818.3247686029259,0.0,Neutral
0.0,1510.9475183647432,0.0,Neutral
472.06725594260547,998.7809577583223,1035.287835450597,Neutral
735.2758441800325,0.006666667,0.0,Neutral
490.17074789435026,0.006666667,2634.5033380212863,Neutral
100.66811077716667,798.4537690867696,690.0100171955696,Neutral
0.0,184.36812862568138,883.4838912294676,Neutral
0.0,2538.1812710903127,444.7447480645076,Neutral
747.9808736075757,0.006666667,647.8527138136743,Neutral
148.01486859152365,0.006666667,0.0,Neutral
0.0,2075.4650393422203,940.6849334205456,Neutral
809.5646545308855,2461.763065197085,487.77130105637195,Neutral
0.0,759.8936690513942,258.5228879466114,Neutral
379.7711202967897,1399.7475412300537,0.0,Neutral
0.0,73.90387498797907,571.9045439545336,Neutral
101.89977389128597,809.0178113571137,374.4245080324106,Neutral
657.264409610543,1487.48274478748,386.57776947289267,Neutral
107.2054373119964,1183.2268526196722,1209.951111054733,Neutral
96.47860329866252,916.783308004616,1148.9740921443295,Neutral
164.51895072244707,575.8318407345046,873.8108128374271,Neutral
239.7926802561974,1046.2781524269021,2119.5997260538893,Neutral
307.78686195280903,0.006666667,1015.3285883756506,Neutral
0.0,2049.4460246248054,17.358410946010338,Neutral
400.3054007590191,909.89775530987,934.1189537708203,Neutral
201.87388515444852,750.9426118135289,518.2482747788924,Neutral
0.0,931.0270316221652,219.80289651869987,Neutral
820.2759013202356,1420.5026601471204,0.0,Neutral
140.60317186823391,1805.1267902038003,1628.4242978611628,Neutral
274.318465388409,269.92672139868273,0.0,Neutral
0.0,1733.3592770044563,641.7982930652762,Neutral
565.1427575061984,758.3086899716598,1078.7952617988065,Neutral
207.73857235198736,803.3917127293605,0.0,Neutral
0.0,520.6166011409396,216.25006820028608,Neutral
0.0,1501.819573596275,160.53962732524502,Neutral
419.8221183216338,1616.9733375536428,746.1786959947399,Neutral
137.8085014618628,0.006666667,0.0,Neutral
221.857770166672,858.3572374272567,0.0,Neutral
245.0988910516798,897.395633846278,396.63639222271803,Neutral
408.6711778824284,0.006666667,0.0,Neutral
38.82858223817232,613.7182976149543,244.02960001719538,Neutral
76.49848199218286,1731.5447915584207,1127.9949912978418,Neutral
679.0744001680526,2192.4294256102294,1193.2284889813945,Neutral
200.4540162380729,0.006666667,232.79094379227365,Neutral
0.0,1176.9531754587565,119.70055653246305,Neutral
394.59265918242346,2638.6449557983055,759.7020016223331,Neutral
0.0,925.5996492432341,476.66789724194473,Neutral
559.5685478686128,350.68325532539075,0.0,Neutral
347.81635110148756,1826.394377046699,198.71535080801493,Neutral
266.8219297078234,0.006666667,0.0,Neutral
563.5284241187728,1756.6944208914538,419.18879570462593,Neutral
0.0,0.006666667,0.0,Neutral
0.0,0.006666667,1798.9172748573278,Neutral
0.0,3133.4757878729392,0.0,Neutral
0.0,779.5801276688669,1798.6152880073464,Neutral
740.9615488280668,2467.6850802219474,527.1386842208088,Neutral
101.55664161880155,0.006666667,543.8040582622922,Neutral
0.0,1159.73801635715,655.9958356135794,Neutral
250.59493969044988,1140.791234247265,119.99408506594744,Neutral
422.71927864102383,1744.2757247333902,0.0,Neutral
260.52472216089853,647.8459986537476,0.0,Neutral
0.0,860.5487958751016,197.15780975555793,Neutral
556.0610291434117,753.0800462696063,1231.3812033262102,Neutral
0.0,428.29499093441757,1802.1804213347386,Neutral
68.46036410739137,934.2008744692014,0.0,Neutral
0.0,2042.739440995943,10.512537207010325,Neutral
453.0477398987074,344.0969443755989,796.1116517602607,Neutral
0.0,0.006666667,0.0,Neutral
566.6262516676946,1644.1991523764846,0.0,Neutral
0.0,233.99470663856317,1491.9604120781905,Neutral
891.4002959498532,434.23581817715984,926.4967268981584,Neutral
0.0,741.5291739379236,1663.7657341095114,Neutral
526.1969815729774,2249.6097843448474,287.7204009353133,Neutral
0.0,853.6688124184524,0.0,Neutral
580.1093035471544,1491.4580874488133,848.3971006444294,Neutral
0.0,491.8117723210962,931.687779189429,Neutral
243.28579136579083,1591.0415948705468,0.0,Neutral
0.0,0.006666667,0.0,Neutral
181.74931763264425,151.016404181575,247.96277976778737,Neutral
0.0,446.8776250217183,2323.8740229562436,Neutral
0.0,586.7787587213027,1063.2570566812833,Neutral
0.0,2360.892145714965,1392.5537513610657,Neutral
0.0,484.5996496932315,0.0,Neutral
117.52975461914973,0.006666667,653.6870314812387,Neutral
366.5746059297936,15.726028352473804,1406.5960257630627,Neutral
176.28811359187296,1973.826716969807,0.0,Neutral
1.504837649116098,704.2262906845045,251.64657067138268,Neutral
157.40187471104838,1029.5780571891655,0.0,Neutral
0.0,0.006666667,330.4257760121989,Neutral
152.88540498675187,401.7596484012061,1045.4807031486953,Neutral
433.2677289374486,824.0194796788675,0.0,Neutral
651.8407248315953,1329.0181653517957,839.2281067927026,Neutral
48.92037974770122,0.006666667,1110.3881226989406,Neutral
384.3035726707233,620.9776725723308,0.0,Neutral
130.02103825543242,1479.8451478876439,1376.572117796351,Neutral
499.78352170918595,0.006666667,1968.013033130514,Neutral
463.19661066255753,914.4479013970367,0.0,Neutral
27.728054467388517,206.33496612526983,98.58623324403999,Neutral
284.15293942918385,234.84546854816108,0.0,Neutral
0.0,622.3218150777218,1162.4993219197927,Neutral
260.07200831513376,1353.263855864885,0.0,Neutral
363.1109635167727,0.006666667,325.44020878791093,Neutral
298.30832273301536,1770.7915784010947,1434.015448317033,Neutral
84.64209834675034,0.006666667,101.38943407042802,Neutral
30.293043902506525,1065.0401472511917,387.54527710367927,Neutral
0.0,460.4958422377404,668.277298620697,Neutral
0.0,441.9245400630133,536.6762126553584,Neutral
26.93428037530228,0.006666667,504.9553954230458,Neutral
0.0,2192.636954194775,0.0,Neutral
102.41241085024534,800.0657103006641,41.15686871781406,Neutral
0.0,1010.7465965572392,0.0,Neutral
0.0,180.05664586895512,158.1529031938108,Neutral
126.47453575597234,1290.6484484874077,720.1683047504504,Neutral
360.06969158837495,304.32341176829317,981.2877576750374,Neutral
285.63754320193465,762.7125090266019,245.86184656815806,Neutral
0.0,488.00060132535106,205.03807160373202,Neutral
403.41612624434606,565.7389144242408,529.1889874468671,Neutral
298.63200209272577,0.006666667,0.0,Neutral
225.64129352906187,1299.8851819683614,0.0,Neutral
319.5112613152136,603.3282266041857,383.2442604371973,Neutral
606.068280630336,602.4175693194228,654.3521163786215,Neutral
842.7283192183726,0.006666667,0.0,Neutral
257.5165920540544,875.8562749018545,1215.7631916102066,Neutral
573.540525253869,735.973783129885,2437.0312634229763,Neutral
3.6719340596786196,0.006666667,601.9989760982774,Neutral
330.8085169112599,707.6986522935758,0.0,Neutral
0.0,1661.399829250965,0.0,Neutral
363.79406331456335,21.79386232775721,0.0,Neutral
140.92228849995374,824.1927208623549,383.38900246078396,Neutral
0.0,343.4666917271661,17.059357182310293,Neutral
575.5480279938158,0.006666667,493.12434352002845,Neutral
16.53543890170647,0.006666667,0.0,Neutral
534.89320866686,281.4267553675258,0.0,Neutral
226.90984859391827,575.6279338890286,856.6150086662283,Neutral
0.0,140.4931896849306,1430.4641137792048,Neutral
158.86658230003562,1430.4075027853228,314.7062304870348,Neutral
658.348867020474,0.006666667,268.11149988154193,Neutral
0.0,1507.543270698775,982.5947575806456,Neutral
78.8462808024619,412.71678076090933,0.0,Neutral
684.6646787863206,240.2631344508905,723.6986261233592,Neutral
78.70637766110096,41.98944184100503,783.589009174774,Neutral
0.0,2362.137229043287,690.6978292015838,Neutral
151.44705744321567,204.43974687692662,0.0,Neutral
409.96810795950694,969.6270707671943,1153.420438252414,Neutral
371.1863932400478,0.006666667,438.2233694739453,Neutral
98.90352842205183,0.006666667,1590.4600636000573,Neutral
611.0966159393231,1326.9404092349978,511.01079187646513,Neutral
0.0,701.0776547382409,1305.534540929808,Neutral
240.73138728153685,920.555699408874,87.19997143871961,Neutral
649.8503923288547,1164.390645202388,366.71383119125886,Neutral
518.8553536098168,633.2610979785829,257.05980296963634,Neutral
170.94635975883932,1449.2750883316871,517.5063471714988,Neutral
0.0,223.21205882294464,1176.8852649865817,Neutral
385.28918665763894,0.006666667,123.57782526104381,Neutral
657.3367533738176,1861.6966598789008,783.4921145081887,Neutral
657.8786353690641,1210.0617393416032,2085.088220035882,Neutral
0.0,1399.4725044449424,579.7369587374811,Neutral
309.85067608034393,683.7273585190454,466.3536136726824,Neutral
0.0,798.2138338315102,666.8809578770549,Neutral
0.0,0.006666667,0.0,Neutral
40.147027516130095,572.6593185046024,0.0,Neutral
471.9446474465986,352.957134915758,1142.1284004701845,Neutral
0.0,371.95547792993926,1292.694647293506,Neutral
626.4523708097277,704.0021593154236,474.6314099978785,Neutral
208.2033964949925,1969.6791696238324,1107.498878256085,Neutral
0.0,1170.996281663482,0.0,Neutral
475.9118123423703,1048.510318443952,1283.7676232517663,Neutral
271.1620218933662,190.35688596836133,1157.033289269455,Neutral
0.0,1043.4471837236185,269.5795887361385,Neutral
638.6408924740192,840.9229368590917,189.20307204578796,Neutral
0.0,472.61834618230125,1436.5282250861528,Neutral
243.0430400964719,1121.8917605980166,262.99231072360107,Neutral
777.2245626251533,590.6413911928138,1217.9101444996368,Neutral
247.89120303511362,1452.2128255972398,1130.2566613475187,Neutral
218.4491450133779,0.006666667,202.50498094621895,Neutral
214.9930621246779,1611.6552701046542,1345.7910165867675,Neutral
0.0,1377.813578918015,0.0,Neutral
19.050131189237334,1522.081597151972,636.590612474092,Neutral
230.20179296283516,554.8952089786047,548.9181816522611,Neutral
359.9088880476577,1352.879160534686,1344.7724605439798,Neutral
166.79964112638365,536.2778343475215,912.214912811841,Neutral
1070.348975549141,477.0551496720109,1915.8901263441549,Neutral
0.0,415.75575468397955,1233.9656135176378,Neutral
0.0,0.006666667,1344.678364490318,Neutral
799.6678894487532,0.006666667,2160.34515159837,Neutral
606.6396202315927,1088.8918663041359,0.0,Neutral
183.79347679804792,0.006666667,21.963981604163962,Neutral
314.99919114261814,1470.9023115881937,891.9350598120825,Neutral
3.626501477068757,667.5612271064692,1167.6855722824932,Neutral
0.0,1453.889520502285,0.0,Neutral
0.0,575.5348866558402,560.8081159174153,Neutral
26.74258065515727,801.2883757898741,0.0,Neutral
224.4211812075802,1246.88607866553,467.38820231208285,Neutral
496.5091952516101,682.7681292227993,1429.1276147535145,Neutral
448.56386022027255,901.5997820194036,0.0,Neutral
269.04713877711623,1327.149397652901,213.3914532441422,Neutral
544.3179201117118,1059.79508082243,0.0,Neutral
0.0,381.494058396701,1099.713249984823,Neutral
138.5363953334931,1427.174420541566,788.6571920085871,Neutral
0.0,1238.2431291039998,718.4893905719415,Neutral
232.67244895654875,428.05836071217936,0.0,Neutral
0.0,549.513701286674,0.0,Neutral
762.2423633332818,943.0815543962646,424.08498224551886,Neutral
278.84977355622357,1983.7474638951285,0.0,Neutral
609.4109485691274,1261.5820267123042,783.2179825659605,Neutral
315.76094742313,1558.1055719645196,1663.451667156407,Neutral
0.0,0.006666667,0.0,Neutral
645.1071472524009,1260.7398575091531,525.7692163562295,Neutral
447.7692777455444,2485.4862858442916,1211.195070467916,Neutral
73.74116066526707,2445.7205447882993,0.0,Neutral
358.1572014700855,39.80625850479839,470.48255938070093,Neutral
0.0,1461.855429555268,1132.0345402876173,Neutral
283.6997534311371,1322.9431800687362,1334.5566976682576,Neutral
174.38618446650707,0.006666667,453.02779442274056,Neutral
156.92541998029085,0.006666667,439.1242249014217,Neutral
0.0,59.537590521866264,0.0,Neutral
64.86576066106267,0.006666667,0.0,Neutral
121.0084684710807,658.6864274518932,191.1915695287401,Neutral
36.60493732455683,1036.8763960360059,1031.7957777160232,Neutral
0.0,579.3344634377587,601.2933187146791,Neutral
383.2084788324368,1414.178112216267,1640.4132354363746,Neutral
227.9578488864328,232.31840239504436,384.2362693240117,Neutral
80.79852683269456,1954.3105290936269,864.9213921593177,Neutral
416.9107249243216,294.89564764898336,54.58815911198457,Neutral
44.33619299400817,440.7935922415596,1048.7589764269699,Neutral
402.759701448878,1058.657714144536,1257.0085140529923,Neutral
560.1420171555201,158.75571653031875,1393.2322359808525,Neutral
280.71046300973865,213.91632194623185,643.0842299710395,Neutral
0.0,1190.8226394326718,619.7006192815697,Neutral
434.1207454659399,968.8649757647579,0.0,Neutral
167.99672859178662,1310.205389411013,1286.2794070548111,Neutral
0.0,1278.4568245954893,2256.3916843714755,Neutral
0.0,1134.4790644582192,356.1724087413133,Neutral
191.76500080142415,1376.3053533168722,0.0,Neutral
0.0,602.1069797591517,349.9126318842418,Neutral
732.1325169162457,727.405674659742,1206.5085651677139,Neutral
0.0,104.83470510369523,460.1562970432303,Neutral
0.0,1913.2267601841172,1518.8159206437144,Neutral
450.60527026272905,1488.7822235970687,1806.176924745832,Neutral
217.90593121547013,639.1227044759149,830.6320624210703,Neutral
53.28777757911982,0.006666667,0.0,Neutral
36.98986062075622,165.47578235226763,2377.570153391889,Neutral
34.562705636148166,1167.6186738609047,897.7571878525956,Neutral
308.81363010463474,546.8351607528984,0.0,Neutral
0.0,0.006666667,809.3937290432343,Neutral
563.3708070642767,1210.2044190717595,0.0,Neutral
0.0,0.006666667,149.65131624609216,Neutral
381.0277799688189,864.7101233591634,30.930575609856646,Neutral
274.5581089805796,1046.797464159792,503.7127629407128,Neutral
0.0,1954.9248534478684,0.0,Neutral
341.41879490271907,1122.340480012732,249.63049580604417,Neutral
539.6826826378435,1198.7482061197827,553.6778448076948,Neutral
164.4697432194115,2522.1413328181898,604.4314270523025,Neutral
475.78127182813995,0.006666667,0.0,Neutral
624.5652868976731,182.36869816303988,0.0,Neutral
0.0,1415.3913006899365,1224.2166516498337,Neutral
0.0,351.2181572163165,1767.813773009926,Neutral
303.7655935162676,1023.3041630305277,1178.82950449107,Neutral
558.5361240278519,2653.302476708241,1602.57954644056,Neutral
0.0,956.8131082709697,889.8124573927739,Neutral
522.390276509469,1788.2783201151933,0.0,Neutral
0.0,665.6239052698813,572.0648533152659,Neutral
157.40524680067426,0.006666667,0.0,Neutral
271.0164195029462,282.55774006994625,408.6361706220706,Neutral
248.50087178670404,912.28366139668,1804.0393602014306,Neutral
0.0,0.006666667,0.0,Neutral
725.5655912130719,1392.7023125964877,808.8390644607614,Neutral
259.3259443245618,1429.2831317468322,1383.4516166746573,Neutral
0.0,656.1976129155527,908.6296274648271,Neutral
236.243704630918,1027.5842604978839,586.3735396126958,Neutral
274.27906226282823,247.78853442863448,906.3358263577013,Neutral
347.8270341572014,2611.3658600203767,770.362989246876,Neutral
64.36551588048746,767.3345725888853,0.0,Neutral
0.0,2062.9377473721497,234.172703444283,Neutral
180.1636614374041,1397.3564281104002,798.8613364997032,Neutral
427.5422672991193,857.3457104321069,815.8399820662474,Neutral
756.6134344625293,882.4467643938067,0.0,Neutral
187.14695789276777,2387.200687016462,0.0,Neutral
0.0,667.3600533818707,1454.175443945359,Neutral
65.78418081001885,0.006666667,1711.2732487699122,Neutral
751.9996473026271,606.6781914734565,422.4554023476878,Neutral
579.4133901933537,1969.8278634191342,303.43515954288,Neutral
0.0,847.1921219476808,289.5452613085551,Neutral
0.0,470.3119357055904,0.0,Neutral
0.0,72.2273680782198,1427.390502525016,Neutral
318.09663111780327,0.006666667,2066.4036175411225,Neutral
0.0,765.1889317570508,1122.786457206949,Neutral
156.76506532113558,2666.403093301134,0.0,Neutral
239.58203982454938,303.15111798834573,651.3997685415143,Neutral
0.0,746.7694834771311,457.9323241274612,Neutral
682.5321202975077,746.9465899689181,412.9047091959882,Neutral
664.3727412447739,0.006666667,255.6525013302334,Neutral
81.05293178717002,888.7060659794386,157.61580467564949,Neutral
243.25892870432077,1930.6865969133373,0.0,Neutral
420.90042076385305,0.006666667,1831.0786116789654,Neutral
526.9358524998308,1564.6171241602415,788.997237624289,Neutral
850.1712231130308,2086.7073914208563,0.0,Neutral
0.0,194.83451819758625,0.0,Neutral
120.07198970951012,0.006666667,492.332695507223,Neutral
108.07811767058061,2366.1857536374496,179.28338995013968,Neutral
773.9292531526684,1897.5892066041456,0.0,Neutral
49.29058789170705,2562.1925331959087,0.0,Neutral
382.3014932922852,579.9300418905513,0.0,Neutral
35.583446186785466,1790.6895113689666,374.16237280088615,Neutral
0.0,0.006666667,225.27848774109793,Neutral
366.7120730599778,1091.1044112677116,804.6065923977501,Neutral
621.5447883475576,432.4802943819737,1763.768944361209,Neutral
109.51365583444912,288.91759723787015,1284.311939649779,Neutral
0.0,1936.1590566984278,1468.9465471925557,Neutral
304.6101946469701,1346.9716623211439,2490.420894914138,Neutral
665.3193151506737,1062.814393270128,1026.4830817350328,Neutral
652.6104979731854,1260.2035013057816,695.5968914371251,Neutral
0.0,1277.950316736677,287.539531193028,Neutral
667.6392336737518,785.7841251558824,103.35126705991655,Neutral
740.312285157054,1078.0667683174765,1422.356518691182,Neutral
273.8204687832266,783.447899406002,0.0,Neutral
664.7248412585518,561.7468579925059,1149.719373304923,Neutral
373.05849884140207,0.006666667,0.0,Neutral
18.898933210612824,1028.3377895819226,0.0,Neutral
0.0,1517.4632342250916,0.0,Neutral
0.0,2538.6551342827265,0.0,Neutral
0.0,1726.3633167104815,1398.6911326589777,Neutral
609.6391122550144,2058.207187518897,1139.0444700406972,Neutral
14.259992317895353,0.006666667,824.2120536195503,Neutral
91.54850334328825,403.3417202809085,0.0,Neutral
402.86524372305723,659.8434819151068,0.0,Neutral
539.4239371769191,0.006666667,807.284278736875,Neutral
941.4114831231908,1124.0536238585069,476.4888856660495,Neutral
4.983850577766503,0.006666667,883.0222865886519,Neutral
356.3816980337667,686.1863634608228,0.0,Neutral
0.0,1291.9461944889915,73.9858610332978,Neutral
745.164408966502,0.006666667,433.2586963154269,Neutral
357.6962535037954,699.3839763442655,335.4873973401359,Neutral
846.4240217565506,2201.420895188508,0.0,Neutral
0.0,2467.8447566194804,11.866145131005453,Neutral
0.0,0.006666667,346.94958378186595,Neutral
428.9380012112019,911.6238094715836,32.26624974220175,Neutral
20.052259238452905,404.9532580571186,0.0,Neutral
0.0,0.006666667,1372.8613522608762,Neutral
450.5468578642258,2423.331352718101,1284.8697644955291,Neutral
434.91151987323747,1614.203918029864,228.4477641693797,Neutral
0.0,0.006666667,0.0,Neutral
0.0,1211.7706475931,46.55834990926235,Neutral
124.26091944068467,800.5627807552288,1445.2802060536337,Neutral
539.366177105816,0.006666667,2053.499112738177,Neutral
165.75497756850586,1576.5295493343065,0.0,Neutral
48.60971399979914,21.414699272865505,757.073675680708,Neutral
545.5542037622272,1674.5861508168198,1046.582318139101,Neutral
11.742526971514877,1154.1708359202398,1392.7685543852317,Neutral
0.0,448.3753469381861,427.3820754065679,Neutral
449.35757736907556,289.63804837185563,1168.4095306485974,Neutral
338.1708439213561,626.4367476129197,0.0,Neutral
388.6496891921727,1564.0839848574865,0.0,Neutral
46.15483817991014,551.9573737211422,0.0,Neutral
0.0,771.7259098268228,1914.7450485467239,Neutral
691.1402066193565,844.38743297341,1148.7209654071644,Neutral
0.0,361.1015031021064,0.0,Neutral
74.34222149695569,930.5635550842026,709.1815998371812,Neutral
248.1078370079326,358.3481451939663,724.7884706466912,Neutral
99.84292318701888,1346.420662715667,188.49712050776816,Neutral
0.0,1271.4049819952397,0.0,Neutral
184.31975914772656,976.7908150812443,1041.3469687496681,Neutral
115.72743135364504,238.75060452175302,750.3076127484652,Neutral
348.54185133790975,1838.8097700710177,1002.2586806740862,Neutral
25.22282710894865,1788.4664641857867,0.0,Neutral
0.0,1562.6312719269304,208.3020036067569,Neutral
532.6725500132302,995.9997626893146,1816.0660188809202,Neutral
637.2755231037288,0.006666667,0.0,Neutral
86.13868051358179,215.95775939338012,813.0627175863808,Neutral
417.43702736364287,1960.5481168443553,0.0,Neutral
0.0,176.12893229767644,389.5717310614494,Neutral
372.73402960259136,1646.173604624959,448.4322111449245,Neutral
669.9808396761224,2634.2267226745757,0.0,Neutral
271.7506749447026,0.006666667,679.7147025225058,Neutral
534.9744762941093,589.6413812037848,1909.7124644584555,Neutral
209.19612996590888,548.409780858167,0.0,Neutral
525.1309250460639,0.006666667,336.45109582701673,Neutral
315.94682201690864,810.3470581797742,1410.0226265527083,Neutral
533.8848022547809,1005.5315955830648,288.6772057525602,Neutral
324.26400106927395,0.006666667,1372.9848926982647,Neutral
0.0,782.9079508547587,1042.3859794476787,Neutral
34.99211689888392,1669.5990817468935,0.0,Neutral
22.921311255583305,1088.1129452500409,157.17214133450273,Neutral
36.61679998478306,3066.127857298831,0.0,Neutral
260.0542458434806,1198.7156212540167,602.0378741240089,Neutral
755.509634572648,751.843807666242,978.5040388707104,Neutral
201.97926659331338,966.542789740644,1090.8503498148048,Neutral
168.80438929905213,0.006666667,1287.4363620631907,Neutral
756.8478294187047,57.34789262116192,0.0,Neutral
729.2657771344944,510.24677567641805,723.6065866404988,Neutral
202.85170904747815,408.5646059956198,0.0,Neutral
0.0,0.006666667,1298.27179259868,Neutral
768.2727066932589,788.978183694546,0.0,Neutral
0.0,690.2207646324907,1458.22707102857,Neutral
0.0,815.3992880191898,1078.3698515716592,Neutral
0.0,2351.2745662389216,797.380383826566,Neutral
385.2753216665221,1417.7703358336507,508.2517447847258,Neutral
226.15788633266357,0.006666667,1042.8321089422352,Neutral
0.0,3401.5011803835187,0.0,Neutral
553.0459207256588,182.56191885618477,0.0,Neutral
595.4140776586696,0.006666667,0.0,Neutral
147.78607924719108,1631.9738654697794,554.87300551205,Neutral
0.0,1794.4391128160032,1013.3977073418126,Neutral
395.266090321766,634.6593383280401,672.1757791006676,Neutral
0.0,1177.4404431443681,679.4874408535447,Neutral
267.47399720665544,1185.1569696028841,758.9251513431522,Neutral
45.65841808289355,772.7598847105401,997.7096165123503,Neutral
279.5902763682451,581.1780933082443,1061.2414754475226,Neutral
608.348509823033,991.8265932301789,666.2703931573143,Neutral
270.84131674067817,84.84388212792044,573.4190111583973,Neutral
825.8662200874538,602.1167466062668,0.0,Neutral
821.7954050295374,0.006666667,1677.701063908477,Neutral
693.5846433710108,1060.6304476488233,112.53609386146775,Neutral
658.4005113515807,894.4479508163674,0.0,Neutral
648.7327048357924,106.48514245784168,692.7103182057335,Neutral
283.819605665924,1879.0566271404618,907.3605283685469,Neutral
140.8593090863207,1001.5436993517656,733.3849088510684,Neutral
1175.9115187835387,576.9368679053072,514.79207201916,Neutral
191.26793592982403,427.8567712665123,1106.3225266033762,Neutral
993.5191825907608,1685.1608781035848,1875.6477555122865,Neutral
35.72447400762334,0.006666667,362.7113709984044,Neutral
76.63342524838401,0.006666667,563.0335416724575,Neutral
542.3389982637285,1447.294249746868,349.42123390585,Neutral
294.4904788167788,353.5599819442109,211.69767950379503,Neutral
788.6273669666961,546.5014936174476,0.0,Neutral
0.0,0.006666667,31.124838696667382,Neutral
107.60436804864305,1311.6708150824275,387.27785265208973,Neutral
722.9462048045107,2554.3463335367846,1192.8355577763268,Neutral
484.01298507240375,1712.2221809803457,0.0,Neutral
523.1444152794102,656.08016270047,919.0085955646291,Neutral
650.8670100066947,907.4302582133311,600.4285877312769,Neutral
1080.092121254123,1616.7266261108534,495.0574738902729,Neutral
0.0,1981.6044533410432,675.0037858133262,Neutral
765.2034862341275,1105.698030489596,1025.251225001416,Neutral
919.5614888112688,0.006666667,0.0,Neutral
0.0,0.006666667,415.565380189112,Neutral
529.2096128170575,2334.3175857255555,1244.395045151537,Neutral
476.8541351084112,3527.773392480011,542.8920805223781,Neutral
505.93917312499553,1572.3152701242911,1728.6558469715242,Neutral
64.39537859674806,0.006666667,1676.7508285113995,Neutral
157.30166140577867,1383.0920019330574,533.5213025159295,Neutral
0.0,886.5866276018162,0.0,Neutral
474.96215278884677,0.006666667,1163.9746884246488,Neutral
0.0,787.0928384255247,1853.1756297299457,Neutral
255.9168603963783,1010.6699418426547,867.3886793352492,Neutral
149.52298808207192,129.22241964559362,739.4151656084828,Neutral
593.268881432431,0.006666667,649.1660812042678,Neutral
360.717176412629,0.006666667,0.0,Neutral
136.67982479654628,1553.5313180227276,419.3074211437005,Neutral
602.5705069218658,384.10402536202287,9.802220736363495,Neutral
0.0,293.05486450495806,508.975528967204,Neutral
301.37325758088355,1832.4893639955835,762.8751672299223,Neutral
0.0,888.5399320832016,0.0,Neutral
0.0,1259.8548716046985,1131.656710449382,Neutral
177.33088902274554,2273.51218713458,569.2242918353404,Neutral
339.43179485653616,81.81878884213631,188.1175958730974,Neutral
0.0,0.006666667,0.0,Neutral
79.41476107382968,2842.005381998414,0.0,Neutral
132.5756316865319,198.85690991911417,241.51322469412673,Neutral
149.03504643949185,98.7284487750751,0.0,Neutral
136.2818571815728,812.5655092956608,0.0,Neutral
387.34450583373143,266.4326969581342,0.0,Neutral
0.0,485.965023348969,0.0,Neutral
705.0992443011588,0.006666667,1298.0976158146264,Neutral
312.26667010009953,0.006666667,0.0,Neutral
284.5638910402148,1307.2311723257992,1256.6896348978853,Neutral
310.539617993561,532.6374269481141,0.0,Neutral
381.4169492334486,0.006666667,0.0,Neutral
357.50500013456247,1502.2344656485072,0.0,Neutral
542.8772237702918,3268.85045008064,571.3504556571397,Neutral
24.943273378667868,0.006666667,388.3505544707404,Neutral
701.2689509913525,0.006666667,198.15277779649728,Neutral
195.9976259216025,0.006666667,317.91268868288284,Neutral
0.0,247.81750707530722,1911.5252235266298,Neutral
0.0,258.10775311489556,1033.3707129341954,Neutral
318.10781521424553,1496.7219386677082,1190.47679220515,Neutral
182.07858433703618,1735.8320210015609,2296.719717597733,Neutral
333.7582369177476,891.6564181978783,623.774890570059,Neutral
791.9489491002319,1834.6666002963507,844.9192535813869,Neutral
0.0,661.4835012704978,1236.0573908925055,Neutral
659.9940171012823,0.006666667,0.0,Neutral
0.0,873.1783753131529,0.0,Neutral
525.8834924317935,0.006666667,66.10927901086205,Neutral
0.0,449.5821802379297,161.39154709865483,Neutral
558.1548929382443,0.006666667,263.0228998282157,Neutral
120.61900723698764,1065.1586701670433,674.5573312398857,Neutral
662.4472683696656,1006.8703211505656,353.7869048831807,Neutral
0.0,1836.1291691727583,323.48845769551616,Neutral
342.7764484970345,612.9889062549964,0.0,Neutral
899.8610469346817,1354.0681194802987,450.1283172804965,Neutral
416.179481655893,0.006666667,2219.7970576278267,Neutral
0.0,2759.699718768921,1116.9111556640478,Neutral
195.25674611720592,1764.931241652358,0.0,Neutral
278.03383023896146,1236.8046632313255,27.999287554831085,Neutral
581.3781952203655,38.64837982918732,0.0,Neutral
19.554855139458596,2983.4479811196757,96.69177930820825,Neutral
742.2214037219426,349.5844720756923,447.8359795716654,Neutral
388.6452354388801,0.006666667,0.0,Neutral
770.2651544010931,700.0748005960878,0.0,Neutral
460.0193632828425,718.0239920852397,1185.0096806109914,Neutral
389.5738255747061,362.0819432720584,102.92450251053492,Neutral
4.66796006419699,1243.4228988769564,0.0,Neutral
433.69785314876174,2689.5134742854634,1780.5829180625265,Neutral
214.3585851071612,1962.3750805718641,1127.357198625757,Neutral
18.325289598287412,1419.296462696346,618.1902841945238,Neutral
473.0551097367687,420.5231777425838,1672.28857387387,Neutral
538.2242174660271,1814.5715604128713,787.5201719957995,Neutral
149.29331083394902,2016.6388069062077,382.88553093011404,Neutral
477.64705052810126,0.006666667,368.244597218688,Neutral
441.4926946162423,0.006666667,1773.7697083663534,Neutral
486.45548902815426,1940.6034529126423,109.654612002119,Neutral
56.197541259457495,0.006666667,1837.512388997437,Neutral
839.659882604837,1156.557644300637,216.79464353189468,Neutral
481.9829749023137,1888.4292858859185,201.59411530503826,Neutral
15.04166667,195.4433333,180.4016667,Sad
14.10666667,196.3108333,182.6016667,Sad
48.16666667,102.7508333,54.60166667,Sad
86.64,220.0308333,133.4816667,Sad
96.80166667,294.8333333,198.375,Sad
93.615,336.5808333,243.2066667,Sad
88.935,380.9133333,292.6016667,Sad
73.5,368.5508333,295.4016667,Sad
57.66,330.6708333,273.375,Sad
48.735,308.0333333,260.0416667,Sad
43.74,293.8966667,250.9066667,Sad
35.52666667,263.6933333,228.1666667,Sad
27.30666667,224.5333333,197.2266667,Sad
15.04166667,188.1666667,173.8816667,Sad
10.935,225.7366667,214.8016667,Sad
61.44,349.8666667,288.4266667,Sad
91.26,395.9233333,305.3066667,Sad
92.82666667,396.3908333,303.8816667,Sad
93.615,397.4966667,303.8816667,Sad
90.48166667,372.0166667,281.535,Sad
92.82666667,396.3908333,303.8816667,Sad
93.615,397.4966667,303.8816667,Sad
90.48166667,372.0166667,281.535,Sad
84.375,348.0941667,264.0066667,Sad
63.375,298.7008333,235.6266667,Sad
39.52666667,216.6533333,177.1266667,Sad
25.62666667,167.7333333,142.1066667,Sad
12.04166667,118.1666667,106.6816667,Sad
12.615,139.2608333,126.96,Sad
13.20166667,160.8608333,148.0066667,Sad
11.76,195.4666667,183.7066667,Sad
7.26,187.2241667,180.4016667,Sad
0.201666667,105.6408333,105.84,Sad
94.40666667,297.2241667,203.0016667,Sad
86.64,317.28,230.64,Sad
57.66,223.6566667,166.4266667,Sad
32.20166667,108.9933333,77.04166667,Sad
23.60166667,57.60666667,34.08166667,Sad
23.60166667,58.64333333,35.04166667,Sad
28.16666667,69.77333333,41.60666667,Sad
55.20666667,141.6966667,86.64,Sad
52.215,331.9941667,280.1666667,Sad
55.815,336.5933333,281.535,Sad
4.506666667,91.14666667,86.64,Sad
3.681666667,81.16083333,77.76,Sad
1.306666667,102.6241667,101.6816667,Sad
1.041666667,109.4166667,108.375,Sad
0.806666667,109.2566667,109.2266667,Sad
0.481666667,103.0466667,103.335,Sad
92.04166667,151.0275,58.90666667,Sad
86.64,171.7766667,85.12666667,Sad
68.68166667,165.4833333,96.80166667,Sad
51.04166667,152.4866667,101.6816667,Sad
38.00166667,144.6833333,106.6816667,Sad
27.30666667,129.8133333,102.5066667,Sad
18.02666667,103.7041667,85.88166667,Sad
12.615,93.06083333,80.66666667,Sad
8.166666667,75.28416667,67.335,Sad
4.86,60.85666667,56.42666667,Sad
22.815,64.95,42.135,Sad
32.66666667,116.2933333,83.62666667,Sad
97.60666667,228.15,130.6666667,Sad
94.40666667,260.5766667,166.4266667,Sad
96.0,191.2041667,95.20166667,Sad
94.40666667,353.1333333,258.7266667,Sad
85.88166667,379.5608333,294.0,Sad
65.34,308.5466667,243.2066667,Sad
47.60166667,234.6433333,187.0416667,Sad
33.60666667,184.3441667,151.0016667,Sad
22.815,146.5133333,124.215,Sad
16.335,126.4166667,110.0816667,Sad
10.935,104.0333333,93.615,Sad
7.706666667,85.46666667,77.76,Sad
5.606666667,72.70416667,67.335,Sad
48.735,292.5133333,244.4816667,Sad
34.56,257.0833333,223.26,Sad
21.66,207.5866667,185.9266667,Sad
10.935,148.2166667,137.2816667,Sad
5.606666667,106.4666667,100.86,Sad
3.226666667,82.87083333,79.935,Sad
1.706666667,66.49666667,65.34,Sad
6.201666667,49.07333333,43.20166667,Sad
4.166666667,47.18416667,43.20166667,Sad
2.406666667,45.40416667,43.20166667,Sad
1.5,49.66666667,48.16666667,Sad
1.926666667,85.98416667,84.375,Sad
2.94,153.5108333,151.0016667,Sad
1.601666667,140.8033333,139.2016667,Sad
0.54,108.0666667,107.5266667,Sad
0.015,72.81666667,72.80166667,Sad
48.735,292.5133333,244.4816667,Sad
34.56,257.0833333,223.26,Sad
21.66,207.5866667,185.9266667,Sad
10.935,148.2166667,137.2816667,Sad
5.606666667,106.4666667,100.86,Sad
3.226666667,82.87083333,79.935,Sad
1.706666667,66.49666667,65.34,Sad
92.04166667,151.0275,58.90666667,Sad
86.64,171.7766667,85.12666667,Sad
68.68166667,165.4833333,96.80166667,Sad
0.426666667,2.586666667,2.16,Sad
0.006666667,0.283333333,0.24,Sad
0.006666667,0.066666667,0.06,Sad
0.015,0.433333333,0.375,Sad
0.281666667,2.166666667,1.815,Sad
0.96,5.004166667,4.001666667,Sad
1.5,7.906666667,6.406666667,Sad
1.815,10.21666667,8.401666667,Sad
92.04166667,151.0275,58.90666667,Sad
86.64,171.7766667,85.12666667,Sad
68.68166667,165.4833333,96.80166667,Sad
48.735,292.5133333,244.4816667,Sad
34.56,257.0833333,223.26,Sad
21.66,207.5866667,185.9266667,Sad
10.935,148.2166667,137.2816667,Sad
5.606666667,106.4666667,100.86,Sad
3.226666667,82.87083333,79.935,Sad
1.706666667,66.49666667,65.34,Sad
48.735,292.5133333,244.4816667,Sad
34.56,257.0833333,223.26,Sad
21.66,207.5866667,185.9266667,Sad
10.935,148.2166667,137.2816667,Sad
92.04166667,151.0275,58.90666667,Sad
86.64,171.7766667,85.12666667,Sad
68.68166667,165.4833333,96.80166667,Sad
51.04166667,152.4866667,101.6816667,Sad
38.00166667,144.6833333,106.6816667,Sad
27.30666667,129.8133333,102.5066667,Sad
18.02666667,103.7041667,85.88166667,Sad
12.615,93.06083333,80.66666667,Sad
8.166666667,75.28416667,67.335,Sad
4.86,60.85666667,56.42666667,Sad
61.44,349.8666667,288.4266667,Sad
91.26,395.9233333,305.3066667,Sad
92.82666667,396.3908333,303.8816667,Sad
93.615,397.4966667,303.8816667,Sad
90.48166667,372.0166667,281.535,Sad
92.82666667,396.3908333,303.8816667,Sad
93.615,397.4966667,303.8816667,Sad
90.48166667,372.0166667,281.535,Sad
84.375,348.0941667,264.0066667,Sad
63.375,298.7008333,235.6266667,Sad
39.52666667,216.6533333,177.1266667,Sad
48.16666667,102.7508333,54.60166667,Sad
86.64,220.0308333,133.4816667,Sad
96.80166667,294.8333333,198.375,Sad
93.615,336.5808333,243.2066667,Sad
88.935,380.9133333,292.6016667,Sad
73.5,368.5508333,295.4016667,Sad
57.66,330.6708333,273.375,Sad
48.735,308.0333333,260.0416667,Sad
43.74,293.8966667,250.9066667,Sad
35.52666667,263.6933333,228.1666667,Sad
27.30666667,224.5333333,197.2266667,Sad
15.04166667,188.1666667,173.8816667,Sad
10.935,225.7366667,214.8016667,Sad
61.44,349.8666667,288.4266667,Sad
91.26,395.9233333,305.3066667,Sad
92.82666667,396.3908333,303.8816667,Sad
93.615,397.4966667,303.8816667,Sad
90.48166667,372.0166667,281.535,Sad
92.82666667,396.3908333,303.8816667,Sad
93.615,397.4966667,303.8816667,Sad
90.48166667,372.0166667,281.535,Sad
84.375,348.0941667,264.0066667,Sad
63.375,298.7008333,235.6266667,Sad
39.52666667,216.6533333,177.1266667,Sad
25.62666667,167.7333333,142.1066667,Sad
12.04166667,118.1666667,106.6816667,Sad
12.615,139.2608333,126.96,Sad
3.681666667,11.1,7.481666667,Sad
2.535,4.35,1.815,Sad
1.306666667,3.973333333,2.666666667,Sad
0.106666667,0.533333333,0.426666667,Sad
0.166666667,2.093333333,1.926666667,Sad
0.026666667,0.053333333,0.026666667,Sad
2.406666667,5.656666667,3.226666667,Sad
0.106666667,0.533333333,0.426666667,Sad
0.481666667,6.554166667,6.0,Sad
1.5,3.550833333,2.041666667,Sad
2.16,8.730833333,6.615,Sad
0.166666667,0.87,0.666666667,Sad
0.426666667,0.416666667,0.06,Sad
2.801666667,3.176666667,0.375,Sad
0.201666667,0.4875,0.326666667,Sad
0.081666667,0.216666667,0.135,Sad
0.375,5.79,5.415,Sad
0.006666667,1.764166667,1.815,Sad
0.106666667,2.266666667,2.16,Sad
0.666666667,0.693333333,0.026666667,Sad
1.126666667,2.626666667,1.5,Sad
0.026666667,0.693333333,0.666666667,Sad
0.001666667,0.54,0.601666667,Sad
2.535,2.816666667,0.281666667,Sad
0.001666667,0.376666667,0.375,Sad
56.42666667,60.15,4.166666667,Sad
0.281666667,2.323333333,2.041666667,Sad
0.0,0.603333333,0.54,Sad
0.666666667,4.11,3.526666667,Sad
0.041666667,2.966666667,2.801666667,Sad
0.041666667,0.4875,0.426666667,Sad
0.666666667,3.893333333,3.226666667,Sad
0.0,0.136666667,0.166666667,Sad
0.375,0.753333333,0.375,Sad
0.041666667,0.086666667,0.081666667,Sad
0.735,1.336666667,0.601666667,Sad
0.06,0.386666667,0.326666667,Sad
1.926666667,4.204166667,2.281666667,Sad
1.815,4.086666667,2.281666667,Sad
0.081666667,0.726666667,0.601666667,Sad
0.001666667,2.166666667,2.281666667,Sad
0.166666667,0.27,0.106666667,Sad
0.201666667,0.683333333,0.481666667,Sad
0.481666667,0.966666667,0.481666667,Sad
0.201666667,0.483333333,0.281666667,Sad
0.041666667,0.894166667,0.806666667,Sad
0.326666667,1.133333333,0.806666667,Sad
0.601666667,0.616666667,0.015,Sad
0.24,1.2,0.96,Sad
1.401666667,1.526666667,0.015,Sad
0.135,0.87,0.735,Sad
0.0,4.506666667,4.506666667,Sad
2.041666667,8.753333333,6.615,Sad
2.16,7.696666667,5.606666667,Sad
0.881666667,0.994166667,0.166666667,Sad
0.166666667,0.336666667,0.24,Sad
1.306666667,4.533333333,3.226666667,Sad
0.015,2.296666667,2.281666667,Sad
1.401666667,3.443333333,2.041666667,Sad
1.126666667,1.133333333,0.006666667,Sad
0.24,0.216666667,0.006666667,Sad
2.406666667,11.23083333,8.881666667,Sad
0.106666667,0.416666667,0.326666667,Sad
0.54,0.643333333,0.026666667,Sad
0.281666667,0.3075,0.006666667,Sad
0.24,0.264166667,0.001666667,Sad
0.426666667,4.266666667,3.84,Sad
3.681666667,4.193333333,0.601666667,Sad
0.806666667,3.016666667,2.16,Sad
0.106666667,2.773333333,2.666666667,Sad
0.326666667,0.866666667,0.54,Sad
0.601666667,8.854166667,8.166666667,Sad
0.026666667,0.15,0.166666667,Sad
0.735,0.776666667,0.041666667,Sad
0.106666667,0.163333333,0.06,Sad
0.201666667,0.273333333,0.081666667,Sad
0.326666667,1.564166667,1.215,Sad
0.201666667,0.3675,0.166666667,Sad
0.135,2.176666667,2.041666667,Sad
0.015,0.03,0.015,Sad
0.135,2.936666667,2.801666667,Sad
0.375,0.400833333,0.06,Sad
0.015,0.020833333,0.0,Sad
0.666666667,2.373333333,1.706666667,Sad
0.135,0.51,0.375,Sad
0.375,0.656666667,0.281666667,Sad
0.041666667,1.294166667,1.306666667,Sad
0.735,1.95,1.215,Sad
0.106666667,0.773333333,0.666666667,Sad
3.226666667,9.004166667,5.801666667,Sad
1.5,1.570833333,0.015,Sad
0.881666667,1.163333333,0.281666667,Sad
0.135,0.720833333,0.54,Sad
0.041666667,0.833333333,0.735,Sad
1.306666667,1.306666667,0.0,Sad
0.426666667,0.550833333,0.135,Sad
0.015,1.83,1.815,Sad
0.0,0.304166667,0.281666667,Sad
0.326666667,3.853333333,3.526666667,Sad
2.041666667,3.083333333,1.041666667,Sad
0.281666667,0.656666667,0.375,Sad
0.015,0.033333333,0.001666667,Sad
1.041666667,1.923333333,0.881666667,Sad
2.041666667,2.166666667,0.001666667,Sad
0.001666667,1.043333333,1.041666667,Sad
1.926666667,1.816666667,0.0,Sad
1.306666667,2.096666667,0.806666667,Sad
0.326666667,0.363333333,0.106666667,Sad
1.126666667,5.764166667,4.681666667,Sad
0.006666667,0.066666667,0.06,Sad
2.666666667,4.203333333,1.5,Sad
2.16,3.643333333,1.5,Sad
0.135,0.616666667,0.481666667,Sad
0.106666667,0.133333333,0.026666667,Sad
0.735,0.920833333,0.166666667,Sad
2.94,2.964166667,0.081666667,Sad
0.106666667,0.304166667,0.201666667,Sad
0.06,0.226666667,0.166666667,Sad
0.481666667,1.454166667,0.96,Sad
0.54,0.866666667,0.326666667,Sad
0.166666667,0.483333333,0.24,Sad
0.081666667,0.113333333,0.001666667,Sad
0.881666667,1.473333333,0.601666667,Sad
0.0,1.084166667,1.041666667,Sad
0.96,1.483333333,0.54,Sad
0.106666667,0.604166667,0.481666667,Sad
2.406666667,4.333333333,1.926666667,Sad
1.706666667,2.424166667,0.735,Sad
1.401666667,2.113333333,0.735,Sad
1.601666667,4.020833333,2.406666667,Sad
0.001666667,0.736666667,0.735,Sad
0.481666667,0.54,0.001666667,Sad
1.601666667,5.603333333,4.001666667,Sad
0.001666667,0.06,0.041666667,Sad
0.96,1.066666667,0.106666667,Sad
0.326666667,4.056666667,3.84,Sad
0.001666667,0.603333333,0.601666667,Sad
0.24,0.283333333,0.06,Sad
1.5,5.936666667,4.506666667,Sad
0.326666667,1.224166667,0.881666667,Sad
2.041666667,9.083333333,7.041666667,Sad
1.706666667,3.413333333,1.706666667,Sad
0.426666667,2.133333333,1.706666667,Sad
0.006666667,2.224166667,2.281666667,Sad
0.026666667,4.804166667,4.681666667,Sad
1.815,8.43,6.615,Sad
0.375,1.633333333,1.401666667,Sad
2.16,8.404166667,6.201666667,Sad
0.201666667,0.406666667,0.135,Sad
1.5,2.250833333,0.735,Sad
0.106666667,0.136666667,0.006666667,Sad
0.166666667,2.9175,2.801666667,Sad
0.281666667,0.296666667,0.015,Sad
0.24,0.524166667,0.281666667,Sad
0.54,1.270833333,0.735,Sad
1.401666667,8.566666667,7.041666667,Sad
0.426666667,0.616666667,0.166666667,Sad
0.24,3.283333333,2.94,Sad
0.201666667,1.243333333,1.041666667,Sad
1.041666667,1.793333333,0.735,Sad
0.135,1.233333333,1.041666667,Sad
3.526666667,4.11,0.666666667,Sad
0.166666667,2.750833333,2.535,Sad
1.401666667,2.283333333,0.881666667,Sad
1.926666667,2.096666667,0.24,Sad
0.106666667,1.1775,1.041666667,Sad
0.481666667,0.814166667,0.326666667,Sad
0.135,0.166666667,0.081666667,Sad
0.166666667,0.226666667,0.06,Sad
0.375,0.854166667,0.426666667,Sad
2.801666667,7.446666667,4.681666667,Sad
0.481666667,0.966666667,0.481666667,Sad
0.081666667,0.1275,0.026666667,Sad
0.54,0.6,0.06,Sad
0.001666667,0.043333333,0.041666667,Sad
0.881666667,1.616666667,0.735,Sad
1.126666667,4.470833333,3.375,Sad
1.401666667,2.354166667,0.96,Sad
0.081666667,0.283333333,0.201666667,Sad
0.166666667,0.27,0.106666667,Sad
0.375,2.416666667,2.041666667,Sad
0.041666667,0.486666667,0.481666667,Sad
0.06,0.386666667,0.326666667,Sad
0.041666667,0.054166667,0.026666667,Sad
0.666666667,0.693333333,0.026666667,Sad
0.24,1.683333333,1.5,Sad
1.926666667,2.296666667,0.426666667,Sad
0.881666667,4.033333333,3.081666667,Sad
0.106666667,0.963333333,0.806666667,Sad
1.706666667,8.216666667,6.406666667,Sad
2.281666667,3.980833333,1.706666667,Sad
0.015,1.713333333,1.601666667,Sad
1.126666667,1.624166667,0.481666667,Sad
0.166666667,0.493333333,0.326666667,Sad
0.015,4.614166667,4.506666667,Sad
0.601666667,3.403333333,2.801666667,Sad
0.026666667,0.804166667,0.735,Sad
1.126666667,3.75,2.666666667,Sad
0.106666667,1.813333333,1.706666667,Sad
2.16,5.123333333,2.94,Sad
0.001666667,2.536666667,2.535,Sad
0.081666667,2.033333333,1.815,Sad
0.015,2.433333333,2.535,Sad
0.96,2.483333333,1.5,Sad
1.215,4.833333333,3.681666667,Sad
0.06,0.070833333,0.001666667,Sad
2.406666667,10.29083333,7.935,Sad
0.081666667,0.3,0.201666667,Sad
0.54,0.496666667,0.026666667,Sad
0.0,0.883333333,0.806666667,Sad
2.16,2.110833333,0.015,Sad
0.881666667,4.4475,3.526666667,Sad
2.16,5.386666667,3.226666667,Sad
0.001666667,3.846666667,4.001666667,Sad
0.96,5.216666667,4.166666667,Sad
0.166666667,0.216666667,0.106666667,Sad
0.06,0.066666667,0.006666667,Sad
0.735,0.87,0.135,Sad
2.16,4.083333333,1.926666667,Sad
0.201666667,0.78,0.601666667,Sad
0.735,1.616666667,0.881666667,Sad
0.201666667,1.734166667,1.5,Sad
0.041666667,0.043333333,0.001666667,Sad
0.0,0.666666667,0.666666667,Sad
0.735,6.536666667,5.801666667,Sad
0.026666667,3.253333333,3.226666667,Sad
0.24,1.064166667,0.881666667,Sad
0.201666667,1.873333333,1.815,Sad
0.735,4.416666667,3.681666667,Sad
0.106666667,0.216666667,0.166666667,Sad
0.281666667,0.416666667,0.135,Sad
0.081666667,0.7275,0.666666667,Sad
0.041666667,1.6875,1.706666667,Sad
0.006666667,1.416666667,1.306666667,Sad
0.201666667,4.203333333,4.001666667,Sad
0.06,0.12,0.06,Sad
0.375,0.753333333,0.375,Sad
0.201666667,0.406666667,0.201666667,Sad
0.001666667,4.166666667,4.335,Sad
0.015,0.096666667,0.081666667,Sad
0.881666667,4.033333333,3.081666667,Sad
0.06,1.856666667,1.706666667,Sad
0.375,0.500833333,0.166666667,Sad
0.0,0.736666667,0.806666667,Sad
0.601666667,0.993333333,0.375,Sad
0.06,0.12,0.06,Sad
0.375,0.700833333,0.326666667,Sad
2.94,10.83083333,7.935,Sad
0.041666667,1.134166667,1.126666667,Sad
0.026666667,2.693333333,2.666666667,Sad
0.081666667,3.286666667,3.081666667,Sad
0.041666667,0.123333333,0.081666667,Sad
3.375,10.35333333,7.041666667,Sad
0.481666667,0.966666667,0.481666667,Sad
0.481666667,2.674166667,2.16,Sad
3.375,7.056666667,3.681666667,Sad
2.94,6.803333333,3.84,Sad
0.06,1.643333333,1.706666667,Sad
2.281666667,2.6475,0.326666667,Sad
1.041666667,1.043333333,0.001666667,Sad
1.5,7.350833333,5.801666667,Sad
0.06,0.226666667,0.166666667,Sad
0.166666667,0.936666667,0.666666667,Sad
0.24,4.08,3.84,Sad
0.601666667,7.354166667,6.826666667,Sad
0.166666667,0.226666667,0.06,Sad
0.001666667,0.736666667,0.735,Sad
3.526666667,9.933333333,6.406666667,Sad
0.881666667,1.923333333,1.041666667,Sad
2.666666667,3.333333333,0.666666667,Sad
2.801666667,9.766666667,7.041666667,Sad
0.806666667,2.870833333,2.041666667,Sad
1.041666667,4.353333333,3.375,Sad
2.281666667,2.296666667,0.015,Sad
0.06,2.150833333,2.041666667,Sad
1.041666667,3.220833333,2.16,Sad
0.026666667,0.266666667,0.24,Sad
0.015,0.016666667,0.001666667,Sad
0.001666667,1.216666667,1.215,Sad
0.281666667,0.260833333,0.0,Sad
0.06,0.470833333,0.375,Sad
0.06,0.643333333,0.666666667,Sad
0.426666667,1.776666667,1.5,Sad
1.306666667,3.973333333,2.666666667,Sad
0.24,0.48,0.24,Sad
0.006666667,2.816666667,2.666666667,Sad
0.081666667,0.273333333,0.135,Sad
2.666666667,6.803333333,4.166666667,Sad
0.601666667,1.740833333,1.126666667,Sad
0.375,0.75,0.375,Sad
0.201666667,1.243333333,1.041666667,Sad
0.426666667,0.550833333,0.135,Sad
0.0,3.84,3.84,Sad
1.306666667,6.770833333,5.415,Sad
0.015,3.320833333,3.226666667,Sad
0.041666667,4.134166667,4.166666667,Sad
0.135,0.994166667,0.806666667,Sad
0.281666667,0.280833333,0.026666667,Sad
0.666666667,3.710833333,3.081666667,Sad
0.881666667,4.680833333,3.84,Sad
0.666666667,1.870833333,1.215,Sad
1.815,11.55333333,9.375,Sad
8.166666667,25.50666667,17.34,Sad
20.90666667,20.77083333,0.041666667,Sad
35.04166667,48.84333333,13.80166667,Sad
6.201666667,6.336666667,0.135,Sad
1.215,31.95333333,30.375,Sad
80.66666667,313.2833333,233.1266667,Sad
0.106666667,107.2241667,106.6816667,Sad
8.401666667,53.77666667,45.375,Sad
0.001666667,79.57416667,79.20666667,Sad
19.80166667,153.2833333,133.4816667,Sad
57.04166667,97.55416667,40.56,Sad
1.5,14.60333333,12.90666667,Sad
12.32666667,18.24333333,6.0,Sad
38.00166667,65.73666667,27.735,Sad
2.94,96.23083333,93.615,Sad
12.615,27.02083333,14.10666667,Sad
29.48166667,37.78083333,8.64,Sad
1.706666667,51.69666667,50.46,Sad
20.535,32.62083333,11.76,Sad
163.2816667,610.1475,447.2066667,Sad
54.60166667,63.12666667,8.881666667,Sad
21.66,21.66666667,0.006666667,Sad
11.20666667,88.52333333,77.76,Sad
72.80166667,144.2166667,71.415,Sad
5.801666667,183.3741667,177.1266667,Sad
66.66666667,72.66666667,6.0,Sad
41.08166667,44.76333333,3.681666667,Sad
3.081666667,3.286666667,0.041666667,Sad
10.40166667,23.29416667,12.90666667,Sad
9.375,275.7933333,265.335,Sad
129.735,450.4066667,321.2016667,Sad
0.96,159.0666667,158.1066667,Sad
20.16666667,22.13666667,1.706666667,Sad
14.415,34.16666667,19.80166667,Sad
109.2266667,431.8933333,322.6666667,Sad
156.06,475.8,319.74,Sad
233.1266667,767.0533333,533.9266667,Sad
17.34,39.81666667,22.42666667,Sad
25.215,28.89666667,3.681666667,Sad
18.72666667,263.6708333,244.4816667,Sad
89.70666667,489.0166667,400.1666667,Sad
30.82666667,91.17666667,60.16666667,Sad
222.0416667,247.2675,25.62666667,Sad
126.0416667,631.1266667,506.0016667,Sad
0.006666667,21.66666667,21.66,Sad
29.92666667,65.41666667,34.56,Sad
1.815,11.55333333,9.375,Sad
8.166666667,25.50666667,17.34,Sad
20.90666667,20.77083333,0.041666667,Sad
35.04166667,48.84333333,13.80166667,Sad
6.201666667,6.336666667,0.135,Sad
1.215,31.95333333,30.375,Sad
80.66666667,313.2833333,233.1266667,Sad
0.106666667,107.2241667,106.6816667,Sad
8.401666667,53.77666667,45.375,Sad
0.001666667,79.57416667,79.20666667,Sad
19.80166667,153.2833333,133.4816667,Sad
57.04166667,97.55416667,40.56,Sad
1.5,14.60333333,12.90666667,Sad
12.32666667,18.24333333,6.0,Sad
38.00166667,65.73666667,27.735,Sad
2.94,96.23083333,93.615,Sad
12.615,27.02083333,14.10666667,Sad
29.48166667,37.78083333,8.64,Sad
1.706666667,51.69666667,50.46,Sad
20.535,32.62083333,11.76,Sad
163.2816667,610.1475,447.2066667,Sad
54.60166667,63.12666667,8.881666667,Sad
21.66,21.66666667,0.006666667,Sad
11.20666667,88.52333333,77.76,Sad
72.80166667,144.2166667,71.415,Sad
5.801666667,183.3741667,177.1266667,Sad
66.66666667,72.66666667,6.0,Sad
41.08166667,44.76333333,3.681666667,Sad
3.081666667,3.286666667,0.041666667,Sad
10.40166667,23.29416667,12.90666667,Sad
9.375,275.7933333,265.335,Sad
129.735,450.4066667,321.2016667,Sad
0.96,159.0666667,158.1066667,Sad
20.16666667,22.13666667,1.706666667,Sad
14.415,34.16666667,19.80166667,Sad
109.2266667,431.8933333,322.6666667,Sad
156.06,475.8,319.74,Sad
233.1266667,767.0533333,533.9266667,Sad
17.34,39.81666667,22.42666667,Sad
25.215,28.89666667,3.681666667,Sad
18.72666667,263.6708333,244.4816667,Sad
89.70666667,489.0166667,400.1666667,Sad
30.82666667,91.17666667,60.16666667,Sad
222.0416667,247.2675,25.62666667,Sad
126.0416667,631.1266667,506.0016667,Sad
0.006666667,21.66666667,21.66,Sad
29.92666667,65.41666667,34.56,Sad
29.04,122.8308333,93.615,Sad
6.615,13.23333333,7.041666667,Sad
2.041666667,403.8433333,401.8016667,Sad
34.08166667,269.3208333,235.6266667,Sad
47.04,356.0833333,308.1666667,Sad
15.68166667,103.6275,88.16666667,Sad
126.0416667,169.9533333,44.28166667,Sad
1.706666667,123.6041667,122.4016667,Sad
45.375,152.7541667,107.5266667,Sad
98.415,473.6866667,376.0416667,Sad
39.015,223.0208333,183.7066667,Sad
69.36,71.44333333,1.5,Sad
174.96,371.0108333,196.0816667,Sad
30.375,39.40083333,9.126666667,Sad
0.601666667,12.64333333,12.04166667,Sad
4.166666667,138.0375,133.4816667,Sad
121.5,537.4033333,416.6666667,Sad
38.50666667,80.12416667,42.135,Sad
40.04166667,243.0433333,203.0016667,Sad
177.1266667,699.0166667,522.6666667,Sad
349.6066667,376.0666667,26.46,Sad
4.681666667,128.1666667,122.4016667,Sad
194.94,475.1066667,280.1666667,Sad
70.04166667,70.92333333,0.881666667,Sad
374.46,1387.443333,1014.0,Sad
270.6816667,389.0466667,118.815,Sad
20.535,126.1408333,105.84,Sad
8.64,10.63083333,1.815,Sad
0.601666667,27.48333333,26.88166667,Sad
144.06,179.1233333,34.56,Sad
79.935,168.9133333,88.935,Sad
35.52666667,49.02666667,13.5,Sad
1.815,23.34083333,21.66,Sad
20.90666667,131.6041667,110.0816667,Sad
105.84,682.08,576.24,Sad
56.42666667,60.15,4.166666667,Sad
0.135,212.55,212.415,Sad
0.601666667,455.5808333,454.14,Sad
177.1266667,498.5175,321.2016667,Sad
360.375,498.3208333,138.24,Sad
22.04166667,118.8433333,96.80166667,Sad
354.2016667,503.9341667,150.0,Sad
72.80166667,102.54,28.60166667,Sad
13.80166667,121.6008333,107.5266667,Sad
0.735,824.4166667,823.6816667,Sad
27.735,141.7133333,115.2816667,Sad
71.415,342.7533333,270.6816667,Sad
81.95114623977588,133.67580563288453,0.0,Sad
25.059573907646147,100.29990488973368,0.0,Sad
40.21283476301063,264.6085811000834,96.93365557304917,Sad
0.0,252.71792332454874,307.79609282359877,Sad
58.844745010355666,151.75099625117764,252.07037095275567,Sad
32.73355993903792,0.016666667,212.29251354826255,Sad
22.667837588585307,151.88122749637188,0.0,Sad
98.46848672146386,125.55085107804777,26.920042170706324,Sad
0.0,142.82021886440086,0.0,Sad
0.0,174.46862207725,0.0,Sad
22.91058021358522,168.3830236369357,219.5593538601914,Sad
0.0,58.524483621581524,229.46424355778942,Sad
99.24241285449213,302.44630796124557,310.4409074683416,Sad
0.0,247.70218923863058,0.0,Sad
97.16842459519897,0.016666667,75.06517583228191,Sad
46.88113221582786,263.732205258629,65.53896245140518,Sad
83.35147734759344,34.47272251744599,166.2776227613571,Sad
51.628344785028986,187.2912511373023,157.64876093300336,Sad
8.391820656522587,0.016666667,98.95679429226442,Sad
33.735897954168536,270.93815092085197,310.95461597236147,Sad
62.97365774335786,0.016666667,179.6286312836246,Sad
0.0,0.016666667,0.0,Sad
82.75456365671185,138.07921631576957,27.259925704729163,Sad
146.2063466106693,99.58076939866343,39.21919001789325,Sad
50.64704350544413,64.20268029652871,296.05453474272434,Sad
0.0,0.016666667,0.0,Sad
71.66108254358505,206.36146721962547,61.14618325939493,Sad
0.0,206.96975210218739,62.2403803467937,Sad
1.6628508971394993,0.016666667,0.0,Sad
136.09056799979808,154.91601498232717,1.1932802384434353,Sad
71.90233489453084,0.016666667,0.0,Sad
5.111377796524614,122.11807840258172,74.17281954669791,Sad
3.5724740766008054,217.39038873647473,140.01870257225212,Sad
90.62846912226738,220.56049076512917,110.40047347328712,Sad
0.0,318.34516387612746,256.2897772156507,Sad
0.0,0.016666667,191.6046276656336,Sad
0.0,18.30677648627102,91.40703045968966,Sad
34.570705834127395,313.0339678853725,141.93070560228531,Sad
80.1803617058604,97.58846556513689,0.0,Sad
45.67162950953049,332.3789741796373,244.64389223281748,Sad
0.0,54.649365820405635,0.0,Sad
13.60871767340063,80.71012963590805,14.46485786270209,Sad
27.666588454820676,26.11245018506159,12.771539667992016,Sad
83.01916848015863,0.016666667,0.0,Sad
37.82763421109667,260.29827027249166,0.0,Sad
0.0,293.4960496859828,113.13062307188223,Sad
0.0,0.016666667,0.0,Sad
0.0,111.59983974125907,0.0,Sad
0.0,0.016666667,63.31039194782282,Sad
32.693088698757016,0.016666667,279.105474106372,Sad
44.37032028042233,367.1966396087944,152.66502830592208,Sad
39.0521870079902,145.14191499539984,0.0,Sad
62.67495289594203,83.52795515865255,0.0,Sad
83.77914744425041,0.016666667,131.61037630562004,Sad
38.375184720969244,94.18043586128893,68.65050116850942,Sad
13.547413393734326,118.027276135677,205.69154301752926,Sad
31.03690465683411,268.34116012373823,0.0,Sad
0.0,65.1828983446307,221.78842402778193,Sad
0.0,367.39195868703246,36.73835528949659,Sad
109.38445288598786,22.369856064782653,78.31788944913927,Sad
8.177078445465437,161.46684836499293,0.0,Sad
37.944722611965304,15.42837291941251,267.30444092384244,Sad
39.70716994887172,436.09648206465886,0.0,Sad
0.0,83.37639401146276,55.012932643872176,Sad
0.0,281.48469246092026,0.0,Sad
0.0,0.016666667,224.35105111961022,Sad
0.0,232.4102501396231,151.51520180180154,Sad
0.0,49.13277418736473,30.808237585410055,Sad
85.09493995278045,0.016666667,37.63938699148623,Sad
115.80504064882017,289.2738511982101,45.578526371689165,Sad
38.95988249422413,212.82494779601686,302.2273727810264,Sad
108.98009883881116,11.660606607547393,72.94154326124264,Sad
0.0,0.016666667,0.0,Sad
114.93544247815568,357.78027375985243,213.61375927637368,Sad
104.8885611741643,183.0272861265874,313.62783085514184,Sad
45.558372357901945,0.016666667,114.05568848063417,Sad
44.578965785570006,110.76332362554301,0.0,Sad
0.0,15.929403330168867,0.0,Sad
0.0,250.97769593769095,140.30456277406088,Sad
64.5233730752956,231.13641968411255,0.0,Sad
91.37753763787377,223.11024622325934,0.0,Sad
35.2254785943975,209.94932295914745,0.0,Sad
0.0,46.26457013579295,0.0,Sad
174.81861485121718,0.016666667,67.31388961024449,Sad
54.52400364953318,0.016666667,201.44302545074748,Sad
87.63637996003418,209.9253919520644,0.0,Sad
106.61726295637587,0.016666667,45.58562315085449,Sad
0.0,317.50550303457226,8.13416468429051,Sad
21.814131738247077,71.2729268402872,123.34141143849901,Sad
15.565853182863282,256.7049204664054,163.28850094557268,Sad
20.36151949703949,0.016666667,45.224833339936,Sad
0.0,77.25562398028521,148.8393900605976,Sad
82.50455537784606,0.016666667,0.0,Sad
77.61656325649868,0.016666667,65.68208205242551,Sad
0.0,116.87297955949268,0.0,Sad
0.0,90.66797978778793,98.48221656218753,Sad
0.0,28.33094335852182,0.0,Sad
0.0,349.9911533814151,220.8961877809559,Sad
28.614757317395597,122.82221509202182,259.04180817272345,Sad
26.987511777045896,0.016666667,0.0,Sad
0.0,0.016666667,0.0,Sad
91.1751105512907,242.42359796361254,0.0,Sad
68.32253822506783,38.93210550525061,63.68320029190563,Sad
59.69903583435854,344.54176713231897,74.26131605286119,Sad
48.61935267232824,0.016666667,172.62641350556004,Sad
101.74329036313235,419.10272751915113,101.29029930091157,Sad
94.89037602731545,329.50669179829384,26.501822300551225,Sad
18.647494061908283,312.6836525413813,0.0,Sad
0.0,75.83417603284096,77.16107458053116,Sad
0.0,199.37124152551957,192.11412538274624,Sad
0.0,418.0241782147838,215.3618933030239,Sad
18.853627054725266,0.016666667,312.9698824358086,Sad
25.633224459525593,0.016666667,0.0,Sad
17.28701098809043,290.12988768546575,0.0,Sad
0.0,231.38774579350994,0.0,Sad
0.0,308.2707648595433,154.3637791870233,Sad
34.38767179533099,122.64623957078133,73.65814715281482,Sad
8.271439445828381,76.59839936372256,47.315221789297766,Sad
0.0,144.89950950811462,65.08949982892398,Sad
0.0,262.344673502883,189.64739172713422,Sad
75.00721512782712,159.76600608642616,179.7018777406324,Sad
35.83430128384502,253.74017669040305,178.73546469461047,Sad
0.0,226.89003403807573,0.0,Sad
0.0,194.32154992870056,55.66462219560257,Sad
94.95438700926229,0.016666667,151.1088900287692,Sad
34.632626516153586,103.4861834690855,33.15509798061665,Sad
16.032978471140318,205.30298008970715,86.04279886348793,Sad
0.0,12.772054147045708,0.0,Sad
19.685389534673067,38.08435768629325,53.35524020528887,Sad
20.433781588072687,170.02231477430797,53.24228209736715,Sad
0.0,170.16896132841202,153.50760326372986,Sad
0.0,79.9362527530116,136.9479187235246,Sad
109.02474363143841,202.0639743000518,0.0,Sad
65.03814070831193,157.69810741843506,46.26817096740121,Sad
23.093191169957407,0.016666667,171.05542693655156,Sad
0.0,320.4477812371682,0.0,Sad
106.84596608133977,116.85561908137969,0.0,Sad
0.0,290.87472985904026,297.5608205334672,Sad
37.80129378571763,212.17226408947585,53.692636705935996,Sad
111.60049894912476,136.66985871004113,19.08859693095122,Sad
0.0,105.18070557330887,0.0,Sad
0.0,0.016666667,0.0,Sad
15.106846993750318,0.016666667,0.0,Sad
70.12170148761146,0.016666667,0.0,Sad
0.0,112.55890897674719,118.80905971572471,Sad
70.82572893501747,0.016666667,78.70886290553659,Sad
18.866743860514237,343.34500435146856,100.60356915859921,Sad
0.0,316.49619313601687,51.86912536331013,Sad
4.808443887178175,92.4351292483894,262.4862280522573,Sad
0.0,0.016666667,0.0,Sad
17.753391250415806,43.54086998628516,0.0,Sad
65.65704831907269,9.034732274685737,308.9767202569576,Sad
12.632385814518566,246.4327111250894,137.51943906802924,Sad
0.0,456.2175581304807,0.0,Sad
81.42630167571494,70.27857387849978,110.96441333225881,Sad
35.33313356068529,263.9918604089149,260.8791518599161,Sad
18.395699175419388,0.016666667,254.0388490242384,Sad
59.59945414870499,26.6313390677104,124.61819564609291,Sad
0.0,164.42196542038198,335.5977680265846,Sad
0.0,31.47945370023011,0.0,Sad
90.69245242464842,0.016666667,240.2404170154392,Sad
122.25573011379824,257.50331132815126,259.4116648035116,Sad
25.05625958185798,78.18381887143471,0.0,Sad
72.81312247739167,0.016666667,25.332389016965415,Sad
0.0,190.9064302863506,121.06274919332205,Sad
18.98179467108773,0.016666667,7.206342195568581,Sad
30.419977084613215,0.016666667,0.0,Sad
24.35096938980511,38.37783189356864,0.0,Sad
74.95795049949746,18.455318376669183,128.36097388435311,Sad
72.7616935260362,174.67019002644656,106.79694158552965,Sad
0.0,49.92272645970175,33.28516059698722,Sad
33.034737781565454,183.09808495323938,97.14068227955836,Sad
49.303496892807594,208.69904581734318,90.47611822531657,Sad
19.0716903686341,38.769576057777314,1.4755563392195654,Sad
60.93483301402573,35.462138437531166,129.54488301123945,Sad
4.823369982788595,76.55209878844197,233.021197721399,Sad
0.0,305.64844999705224,84.66040850008254,Sad
0.0,82.26367574023112,54.673722207303555,Sad
15.498277028244809,0.016666667,188.47429815693778,Sad
0.0,10.576273984438828,167.84270526312298,Sad
63.341333565927485,84.68431182495652,0.0,Sad
102.41047174403802,0.016666667,0.0,Sad
112.88779808780559,0.016666667,35.92547947551573,Sad
71.65291927578637,0.016666667,215.14654886423384,Sad
0.0,139.18058365757608,159.88094027241021,Sad
1.7616077364946676,194.07580674297674,129.98934846100818,Sad
0.0,65.00147482850409,0.0,Sad
76.88997925184049,15.974883234026748,0.0,Sad
27.21569011166944,333.2504678619622,110.52684118092012,Sad
0.0,0.016666667,90.33178225203736,Sad
0.0,0.016666667,6.804347821778023,Sad
41.851362171882215,221.98144695893478,99.25260894565093,Sad
29.12473583217034,172.1887619541654,79.72167485322682,Sad
55.80894767052485,174.07263452325793,148.91372810446757,Sad
0.0,102.6317070901831,106.922615406559,Sad
0.0,70.04631166276516,33.60171396320114,Sad
0.0,0.016666667,0.0,Sad
63.48655521983096,14.305297292498736,162.49233705556085,Sad
0.0,134.76095051795653,25.599329518994757,Sad
14.79022676522984,0.016666667,230.51773110880927,Sad
79.00398598229775,155.7922532056934,0.0,Sad
53.915051083257005,144.79839876630422,49.62301804485077,Sad
0.0,0.016666667,0.0,Sad
44.312715853736705,0.016666667,85.5187880306609,Sad
65.99156747136104,15.126635927586975,0.0,Sad
0.0,191.55281698515503,251.81838434463097,Sad
56.06237980232714,18.968899273747354,0.0,Sad
0.0,119.62205029225461,178.6017627899281,Sad
10.755411924063429,118.20837339682224,61.994636315908664,Sad
1.6346918401887898,46.04557153529762,155.07841282518797,Sad
88.65672855146495,249.42839909259885,0.0,Sad
0.0,164.2003491027738,572.7680614575063,Sad
88.83997057300175,213.48912311796443,78.74905178082862,Sad
56.24590248705259,0.016666667,63.56061565566686,Sad
87.99267546811164,0.016666667,224.69646794437668,Sad
0.0,186.1798494966813,244.6598123702156,Sad
0.0,84.7789308994715,0.0,Sad
17.381624634387062,0.016666667,0.0,Sad
0.0,180.7881925464253,254.84601322682684,Sad
82.99653396273992,34.62735757200451,0.0,Sad
0.0,182.5576998741432,0.0,Sad
0.0,165.19194596910984,0.0,Sad
26.976055760908366,204.32257779292627,0.0,Sad
11.22513638370959,0.016666667,203.7058533660666,Sad
77.83842558869347,0.016666667,20.04299592679223,Sad
17.32767543780823,0.016666667,147.16535205396252,Sad
0.0,406.10826678096646,269.3252101226497,Sad
17.252258652811015,254.85575205175874,220.51487774738968,Sad
0.0,22.532741233313743,110.0050550866776,Sad
49.99964928479638,0.016666667,148.50937876986768,Sad
26.186726669576856,30.080688153710184,156.0259646799355,Sad
8.078947570987058,0.016666667,284.8743485051135,Sad
54.59701842352757,167.48669321321069,152.32417220500855,Sad
0.0,167.91371207865984,124.75728174009865,Sad
24.558148855522205,0.016666667,99.98879230447722,Sad
20.474723717164384,262.02636696994557,163.84456456560687,Sad
85.35151517825601,0.016666667,0.0,Sad
0.0,220.26362796214593,313.6400633859063,Sad
47.91493995135955,64.8796756450698,201.98026589105083,Sad
24.645294020291967,0.016666667,54.753335958973594,Sad
0.0,188.35128737541876,108.43920596094186,Sad
56.89520202312382,111.70695654219894,0.0,Sad
37.80241264397718,176.84548947040656,43.79524542554603,Sad
44.68999920520167,311.7538584421442,117.94054730222393,Sad
39.99778405908182,6.833459383852926,198.25951512643007,Sad
96.74109837852114,163.81595411314564,319.9059526960952,Sad
0.0,173.33889789292283,96.81012468996119,Sad
0.7348495561712447,265.8725864930451,98.59165191542482,Sad
89.58167709796831,241.3018345944836,0.0,Sad
12.326329335198277,133.10720647076016,152.0274414653071,Sad
65.45829220203821,175.95962564705272,157.02095944794405,Sad
69.56132347541396,134.58441636388125,199.4844662221132,Sad
106.32137677302141,0.016666667,248.17246480889818,Sad
13.418278761040538,281.76900567707685,68.55237498359241,Sad
93.87720154254113,158.1926417609998,124.38608526339588,Sad
51.219838724415034,164.76179288658,338.8322035797208,Sad
64.32472107334596,288.46942064239954,0.0,Sad
34.11273470262084,49.4848565197394,165.03696064424696,Sad
0.0,146.9233007672123,126.90111836592683,Sad
10.658239679880525,27.3293999641637,28.116829858902086,Sad
40.46857719678607,0.016666667,451.33937067910654,Sad
23.469974413863806,255.8164541948342,35.72889954942655,Sad
14.591019785001436,0.016666667,212.10040132734176,Sad
107.03854734812955,0.016666667,109.88628732539016,Sad
0.0,77.72314316732235,187.38305484717824,Sad
31.841880158686752,161.029840756868,374.95213165950116,Sad
30.30298000553556,0.016666667,207.34964158097114,Sad
42.49340875151078,0.016666667,0.0,Sad
0.0,154.17543095947207,252.90374483938464,Sad
31.461134636246733,327.86395447767757,180.34908899553153,Sad
0.0,91.62608534873867,0.0,Sad
0.0,87.39774258839118,0.0,Sad
40.19580495090775,256.6546226818845,178.68554086369318,Sad
61.69425943503933,277.43377667042625,80.72535943443012,Sad
54.67087092658757,71.28496796333097,211.67933618807302,Sad
125.98994327509045,532.598743483294,118.45394584039465,Sad
0.0,162.64327730810334,90.87128983576858,Sad
61.04020586034147,16.715877035877824,207.4516700590191,Sad
66.56444293437913,338.7492152057814,0.0,Sad
68.5422494820452,0.016666667,152.9261803157048,Sad
144.71104530782483,294.16645947526604,158.26157387994698,Sad
9.516605623743722,190.92693440625402,44.13906129734073,Sad
0.0,298.06204065881786,32.03050693874848,Sad
0.0,217.44447640101336,194.40153939533442,Sad
58.72572863528488,146.77671781945355,91.45404576333806,Sad
4.984578613086633,134.2485843088062,39.33294041540433,Sad
81.58049403973739,0.016666667,97.63685711696584,Sad
0.0,363.10657079154726,165.7769082851101,Sad
38.72393563082099,98.3575926290444,62.09651520006234,Sad
27.082093287776882,451.1768992167116,0.0,Sad
6.95130762366907,130.8147739296464,0.0,Sad
136.8572637052518,29.589494013644398,0.0,Sad
30.304007940900455,226.0749675367307,0.0,Sad
76.05472126426046,0.016666667,215.8191132777937,Sad
31.413856293423244,98.600829626486,164.5055240694818,Sad
0.0,0.016666667,238.53698992398878,Sad
60.750709385812286,264.5649372218852,0.0,Sad
118.80279261943556,61.470565678821444,78.78237897980301,Sad
0.0,288.0947557526806,0.0,Sad
0.0,702.0857967264834,405.44944298184873,Sad
7.411478822217056,269.336053998268,16.935454748951173,Sad
39.52451816565697,101.48339027038655,165.13691102773868,Sad
57.694391652268976,310.9851366212325,32.027300483969306,Sad
62.32538438724123,173.4912721979191,91.07361528988555,Sad
0.0,69.48465839224286,351.6407316541277,Sad
0.0,223.25772018795283,0.0,Sad
34.362253627943076,8.581023126493903,248.61185298183142,Sad
122.23327093978145,104.71052851164734,19.253943586872317,Sad
28.262972780598552,39.53705200586575,68.74024884359896,Sad
76.45745522986051,0.016666667,44.86165376652334,Sad
0.0,31.077841279659822,15.562142164759116,Sad
57.94221609758719,0.016666667,98.9464088268711,Sad
0.0,0.471145795052891,0.0,Sad
0.0,234.93062305021434,130.88736994281135,Sad
57.03656272982654,0.016666667,70.73103738311829,Sad
28.806067002792858,428.29545396505955,46.24602328428017,Sad
0.0,115.75900834723078,126.06806459342965,Sad
47.84991860562961,102.99940492338219,67.90420936171633,Sad
22.93779656860718,84.11526999931584,89.06648950328008,Sad
0.0,131.55870110617488,113.85785033226684,Sad
82.84010452355909,87.74942501477847,144.18555139937575,Sad
0.0,237.6974940732601,375.38893535061976,Sad
23.02855640874632,0.016666667,226.12471358061944,Sad
0.0,228.64815618491107,366.8005845360325,Sad
88.46706267138325,0.016666667,82.72504691316588,Sad
104.99306432861886,115.01118141591868,0.0,Sad
6.020375905138586,134.3222733203132,166.30845916563612,Sad
51.428997952553544,0.016666667,81.34524490861696,Sad
45.93260676171733,195.39350624468773,164.57686255033866,Sad
49.092147873520545,125.67592318306438,107.43252632704508,Sad
35.37265152756308,438.92225670789685,209.42236789602637,Sad
25.427653064186,0.016666667,0.0,Sad
39.485879920858416,210.92689767763432,0.0,Sad
0.0,39.5736740136045,155.42975927333308,Sad
0.0,269.96999878121005,132.13445111851073,Sad
0.0,0.016666667,77.28923240798633,Sad
71.00066627971437,199.87951529504923,0.0,Sad
57.279395811942585,128.5487053277433,0.0,Sad
75.83115052630792,140.67724052455597,0.0,Sad
62.32688209785812,0.016666667,314.5915692376244,Sad
0.0,0.016666667,215.76314831986707,Sad
86.72587617393306,125.83140288841948,0.0,Sad
0.0,0.016666667,73.87769265656705,Sad
62.906136265170886,118.69185943175954,27.34888962963535,Sad
0.0,0.016666667,0.0,Sad
62.2189107938284,250.88722308970148,0.0,Sad
80.377357755933,464.96552878568525,62.789974297075574,Sad
0.0,160.95501864473627,144.13416677488635,Sad
64.83252520783653,0.016666667,279.8055902697216,Sad
5.845879360902352,138.3434870495061,42.17698215798503,Sad
0.0,289.76705110577655,104.59493628578814,Sad
0.0,194.01959545679745,137.7678201496734,Sad
117.91663681010921,203.7236589387063,233.39024250788302,Sad
44.149616032572375,53.7151985719242,0.0,Sad
124.79057365003206,112.74259530828974,91.09734479729372,Sad
49.0616679759295,25.33625138596298,35.09346258766825,Sad
19.40748107034281,137.48968031924355,248.38176615368988,Sad
0.0,173.68821996471453,24.072617047193816,Sad
0.0,0.016666667,254.2758064601828,Sad
0.0,77.97081592719385,41.693641461516805,Sad
83.21614956080563,353.2462317830881,89.56481507443912,Sad
11.825549854391703,0.016666667,0.0,Sad
17.277157831264493,258.0404758432634,0.0,Sad
43.108335471851206,0.016666667,188.21983745927253,Sad
80.79910923962333,290.4960736915866,103.27236923913526,Sad
0.0,322.20220998058585,115.82999728722137,Sad
87.83167191161036,204.50531050819103,180.1840718411226,Sad
0.0,232.70916434743427,72.96369457511376,Sad
0.0,267.21554145802486,0.0,Sad
69.27218881941873,141.5509656252538,212.72632845244297,Sad
0.0,0.016666667,386.297481567819,Sad
59.214158991817996,192.07032927174083,78.75906286197498,Sad
0.0,86.6498779899105,0.0,Sad
89.94997510208633,0.016666667,60.50812811600126,Sad
45.2400394249577,45.48003981260201,127.38566531085624,Sad
17.650459741377386,118.09606417189367,62.31085073887709,Sad
0.0,0.016666667,21.225226151235887,Sad
103.39026993150358,97.21961780297528,9.461927132671107,Sad
0.0,367.61403205859983,93.76660527022321,Sad
0.0,332.379088592763,0.0,Sad
101.5798697816751,30.58988902535056,49.789949352958345,Sad
0.0,0.016666667,0.0,Sad
0.0,114.1702626180161,194.33356986651768,Sad
14.26120181877154,52.26104254926973,14.295380077630654,Sad
36.32808824407468,62.81539132533405,133.24459371829778,Sad
55.27955462497832,43.98113733791136,70.13218273483233,Sad
40.71526489462221,38.153850315134704,115.62155074417367,Sad
0.0,200.13205218429084,0.0,Sad
37.341250712395095,121.7688441990488,149.44155244055474,Sad
94.1739360962529,138.5402464750984,116.3984205515728,Sad
65.25429509247931,102.95527945992244,66.43936456434164,Sad
33.424743779321595,0.016666667,0.0,Sad
100.52478232288965,103.89515607531742,40.993207654919104,Sad
64.3693616695056,373.837166435674,79.70371337014126,Sad
141.55783943737006,0.016666667,96.75981938431141,Sad
60.243564116841,246.20399809330954,239.06833616240618,Sad
4.869176830456492,5.875307301318571,0.0,Sad
28.928130456804055,227.19179952921743,0.0,Sad
0.0,200.38265236413739,108.09996841231236,Sad
96.88882757952153,182.95067314109139,26.631959739048774,Sad
0.0,364.5060216391978,262.31579997844517,Sad
22.564530396049904,56.571138588389104,43.072217178404046,Sad
0.0,46.45254667773813,80.9341603097178,Sad
0.0,239.86466580408322,41.71802854023854,Sad
18.198712571768734,151.6676760718028,180.2931284817275,Sad
44.43244556850712,169.98806775110518,38.74898621561635,Sad
99.7615791971708,147.06522924690512,308.5134856780393,Sad
5.678980097452374,0.016666667,0.0,Sad
33.13543927755004,246.15606194196164,46.69396462493529,Sad
60.923094159072505,134.7354825508935,100.24484092996848,Sad
0.0,0.016666667,177.2697163304116,Sad
70.63766352584578,308.3150264693392,135.0800156709557,Sad
1.26606214363661,255.50725706758968,106.03465349824859,Sad
48.64273609805424,88.58511414061932,181.75139926583955,Sad
12.096559358955274,0.016666667,45.736363638295444,Sad
0.0,232.9562451074497,226.92770031238499,Sad
15.127529677963683,0.016666667,0.0,Sad
0.0,0.016666667,0.0,Sad
0.0,29.97595107008489,63.86341371181481,Sad
59.18035330146323,28.34878346957133,22.06305074784779,Sad
80.56402189909412,111.58585651802123,0.0,Sad
145.1547599900929,0.016666667,220.55135830027416,Sad
57.749470264597846,0.016666667,0.0,Sad
45.339235505388665,234.01792432912194,66.41079333473719,Sad
86.14329362457835,165.33318620185295,0.0,Sad
0.6691986682811724,63.65314944123853,190.90555544249588,Sad
57.51348585033627,0.016666667,196.512609776616,Sad
96.50078332928334,176.3190552210794,0.0,Sad
0.0,201.40696264808423,157.36700168855003,Sad
0.0,238.34429197181936,217.09092169356637,Sad
0.0,56.18060108540486,87.15375347947385,Sad
109.96086510122555,59.668963900838406,119.34668292758,Sad
0.0,193.46324993587763,0.0,Sad
0.0,195.44277380095627,0.0,Sad
44.212559481354646,0.016666667,190.22695083241717,Sad
32.5193102673617,127.65287596946169,183.31922142664249,Sad
110.41727483224942,90.31283491090164,199.85872688264726,Sad
34.25514690781942,190.10872238290682,68.11257764517237,Sad
0.0,169.58310499759546,0.0,Sad
41.07779602158787,82.20757343223985,124.35572311891562,Sad
111.17308554124824,169.96857126327447,6.4804711914390225,Sad
0.0,112.87880892126775,56.73039345032762,Sad
44.76638887249499,0.016666667,0.0,Sad
53.971900999246785,30.520213155903832,149.74088980780272,Sad
26.46924785468444,330.4287787970184,325.0962265375965,Sad
105.4801437205822,260.892787866004,0.0,Sad
0.0,114.23692184502062,53.9231609773142,Sad
126.5045190075038,255.09025727948685,105.92891420637537,Sad
66.76427627854599,74.2811971719905,0.0,Sad
23.01956865724589,129.3318465326372,42.12079016084494,Sad
42.88102941672305,134.3577437904098,75.2926100668205,Sad
75.70041792409974,187.84052113726545,0.0,Sad
0.0,92.15800539738157,211.1026809316264,Sad
60.63261676150681,0.016666667,127.8998064629088,Sad
4.076294207121251,0.016666667,0.0,Sad
84.989874346022,327.97065934521845,170.9200478093365,Sad
13.771989900966725,187.69968766960125,0.0,Sad
120.92706038670369,423.4820835460754,0.0,Sad
0.0,226.7467191568777,256.64088322740486,Sad
23.943572580132155,69.38240506143686,67.80087548840169,Sad
0.0,155.1002995984593,0.0,Sad
14.246441499358262,0.016666667,226.13935292872003,Sad
7.971015523055684,41.65027537804294,0.0,Sad
37.710243604746836,155.86322879264057,37.59171485862782,Sad
107.01360178504116,100.7868307424544,0.0,Sad
148.44330944341607,13.805363700057825,0.0,Sad
10.669581079223436,49.68012331336474,0.0,Sad
0.0,165.67591047089883,124.83707776616431,Sad
13.600282141874642,0.016666667,0.0,Sad
121.13978918872292,152.2153500328174,62.53080371874585,Sad
47.93869970843443,166.86282343579893,195.98114382600707,Sad
38.099474526727455,158.56455205031205,97.12959570345456,Sad
60.367017574161906,79.23558082717551,63.13545277290008,Sad
7.770876692340117,19.004556224599625,0.0,Sad
0.0,167.4844641243626,62.189613533974125,Sad
0.0,291.45263628628703,125.60984282884175,Sad
58.454966772445545,19.59185839655673,0.0,Sad
21.55817221039969,120.15120534837489,91.76489724518089,Sad
0.0,0.016666667,2.2657788448310754,Sad
81.61181648842846,215.60113230953868,0.0,Sad
52.423604702142875,0.016666667,10.584315732287052,Sad
52.06422226522333,70.07045040180661,364.679651191816,Sad
19.412110582971827,163.9157370638244,0.0,Sad
0.0,366.4837305354133,69.40202120232277,Sad
30.571459040695316,57.78275742746005,0.0,Sad
25.231386273118364,0.016666667,113.37516742109989,Sad
21.958337078251404,84.07137755438548,324.83127243989156,Sad
0.0,99.48049875906406,0.0,Sad
13.885602970762804,0.016666667,126.2841517004367,Sad
13.673642347337905,235.3229098562342,110.87630412114245,Sad
62.264579297157454,187.8172006794323,58.20318008449917,Sad
58.77213814403726,0.016666667,0.0,Sad
45.928230984192275,109.42679062768333,0.0,Sad
18.93207300810042,248.589014255712,31.071648566659313,Sad
22.666444344781127,0.016666667,0.0,Sad
54.28083770405111,0.016666667,157.19380791581676,Sad
93.57744597030977,16.15441060191172,0.0,Sad
0.0,235.08321257166514,0.0,Sad
32.98114346603702,207.37218271679887,151.50057453828438,Sad
0.0,99.61523609000868,239.6363626134753,Sad
62.19998324044721,0.016666667,0.0,Sad
0.0,0.016666667,37.90182487069671,Sad
66.07255063664229,287.760653106379,76.64243792959145,Sad
45.55261052083711,136.44585185124703,188.77262135111926,Sad
29.79449251933427,149.6046801814637,0.0,Sad
6.088929849421191,29.599138261735078,169.18851409915374,Sad
8.292009142685739,0.016666667,156.9659872697878,Sad
0.0,195.280927081761,42.206036085048595,Sad
77.84130402940055,491.28487024535,0.0,Sad
105.33425039768937,278.22504266071564,105.60338767654481,Sad
6.476478052598132,450.6824443503683,249.88667179557706,Sad
41.54215904293916,282.1680855747354,50.34335760518345,Sad
41.598772864903594,164.17537630464403,66.36277509684945,Sad
54.85064062547473,125.96112093592016,405.8127301107838,Sad
15.775762038959591,0.016666667,364.7794896777179,Sad
0.0,0.016666667,195.63636558216058,Sad
0.0,70.96656529844427,0.0,Sad
105.91083888051243,167.68009293552421,67.89887503619718,Sad
0.0,0.016666667,14.428827079514448,Sad
43.16377273747198,141.31285200891764,28.24879046049505,Sad
0.0,160.21432001033267,118.94342388660215,Sad
41.52256791932342,247.667476514586,58.39976508069559,Sad
54.41842092171868,59.11423034932956,0.0,Sad
68.18066380808054,87.87381082854445,0.0,Sad
5.434362338182108,73.97521812803289,44.326914558193295,Sad
0.0,230.8697441738379,90.9064856391843,Sad
52.20023130797487,4.777912883216089,7.818536393916773,Sad
57.02402753437198,98.22224183212087,70.66186767211191,Sad
4.708555340486498,113.68986935734864,260.06713644899617,Sad
78.98400979932026,0.016666667,316.5655903802732,Sad
0.0,307.6287221410327,160.67887246400892,Sad
0.0,0.016666667,115.12874716210446,Sad
53.23375493007305,96.60856878109871,49.76718756739848,Sad
29.922658810461805,19.626971191268524,53.38206412073898,Sad
9.019729953392766,172.34020813789738,366.7153374068136,Sad
0.0,162.1841057530417,256.15627477743135,Sad
2.759216316821263,188.2331013619641,32.488821732162656,Sad
43.349128545734686,213.62967303312553,0.0,Sad
0.0,0.016666667,0.0,Sad
26.772816006966536,0.016666667,131.17108035655505,Sad
95.17788108559361,88.85366746935406,130.1012071487035,Sad
50.544072186410375,391.04749495780663,165.82336946365558,Sad
66.8740322941602,339.69933930850596,48.18279540582708,Sad
11.810441541324805,0.016666667,141.82301612068716,Sad
0.0,339.9327380616796,130.1450349092546,Sad
19.24341796468424,0.016666667,220.16184981877788,Sad
50.20817365527434,177.6803944401166,0.0,Sad
53.499852750901155,152.11841181774625,34.06873541724238,Sad
17.276183947665537,145.12110393806398,0.0,Sad
56.88375543613388,0.016666667,253.50770106014468,Sad
47.25576157962277,127.86139665287622,0.0,Sad
31.46168451351529,343.50447529269337,42.809083370498016,Sad
37.335237958462145,79.34199079795519,221.31263198136793,Sad
36.507094073188526,0.016666667,0.0,Sad
70.0418348743,0.016666667,0.0,Sad
0.0,0.016666667,111.6378367237054,Sad
82.79230130259168,0.016666667,134.143120406214,Sad
106.15125406646757,87.98826741916598,0.0,Sad
53.309960901118316,135.2112344737149,343.4659240291231,Sad
0.0,0.016666667,90.93207046636135,Sad
58.24709942985676,215.28420568992436,84.45219720542897,Sad
70.43979171281754,86.49162292494016,74.38413328276872,Sad
0.0,15.972684207991122,194.17696375970394,Sad
69.53557237798996,0.016666667,181.76094617778065,Sad
0.0,98.00030885172126,180.26818546397635,Sad
0.0,229.6351161751477,105.10997016788417,Sad
4.348788710634633,0.016666667,0.0,Sad
0.3088947248663523,360.2183213751849,186.37106295107773,Sad
0.0,200.31029948051707,119.81367042696033,Sad
68.97951654161025,203.15397077410407,320.2730352854799,Sad
0.0,121.43471411042229,0.0,Sad
14.879371661800768,0.016666667,123.90498169379322,Sad
42.98768742532449,518.1348050912717,0.0,Sad
0.0,9.217543413953692,117.76213128593722,Sad
37.518876815570714,246.70230545633734,65.40128733449453,Sad
33.094979929063896,0.016666667,43.02435441772658,Sad
9.225462629297141,0.016666667,17.18239727158297,Sad
0.0,130.43463911262592,0.0,Sad
18.411794294032212,0.016666667,0.0,Sad
56.05610945541338,0.016666667,99.96562370082881,Sad
43.38052919346006,0.016666667,183.09428746508348,Sad
43.526201981762945,330.773904099344,239.27947472956544,Sad
30.833289189358425,12.904504504664388,208.78891734852027,Sad
71.04272707259089,223.4176860940122,0.0,Sad
53.82320349985899,140.23985932007352,0.0,Sad
18.48461134703032,8.16276151963092,131.60401638061225,Sad
40.15384618405439,60.61375596695427,108.65738598733356,Sad
0.0,109.53976510661471,152.04650750432018,Sad
40.89960159793622,123.39298511966126,84.0230818020711,Sad
29.85380232319433,131.77654730911763,0.0,Sad
32.16167364647084,279.59603699035324,0.0,Sad
0.0,19.017646504869177,95.22720960843402,Sad
29.556453521352157,393.21807533353467,69.21155861758027,Sad
19.225819580246014,316.1545040453126,28.427428414248368,Sad
51.799765761674585,0.016666667,139.72950479087226,Sad
24.073426968344947,285.37697513894693,170.68493519325807,Sad
10.266180004085484,72.80952343870132,0.0,Sad
52.412007709513794,368.06788809362956,62.78963676325103,Sad
45.198730496776776,0.016666667,221.86911108159023,Sad
27.060777860001345,105.75311844697865,325.24594090669245,Sad
0.0,88.34438768147572,0.0,Sad
19.904730640318803,246.77750394208934,135.49117743670826,Sad
29.93878428879487,474.64380567536364,0.0,Sad
0.0,253.5474713970342,0.0,Sad
25.75419037646071,123.60131243263538,229.35856047906563,Sad
48.77770167449699,0.016666667,244.8269726079094,Sad
0.0,0.016666667,94.14618793172043,Sad
100.32321469413819,0.016666667,0.0,Sad
15.770644666241726,247.800330415934,0.0,Sad
0.0,63.45416089520083,9.207662488580723,Sad
67.54551250190774,268.5257359183161,311.6292331967084,Sad
89.36876214975268,175.44660972017755,265.02758674065444,Sad
30.13987757918399,180.63709113102985,57.09894081156227,Sad
0.0,0.016666667,51.66255795852463,Sad
31.9169748895935,125.04157725141476,45.15834476114597,Sad
88.22966154069618,143.04245210942923,477.61818935118856,Sad
0.0,208.4759209833398,382.33301271281954,Sad
125.73994096306251,269.14440048070236,121.2817017734076,Sad
0.0,0.016666667,195.40276138406756,Sad
77.66534641192253,0.016666667,150.76285875084568,Sad
0.0,0.016666667,0.0,Sad
45.94067711430642,149.3052771758559,116.31209075638039,Sad
8.842284525523336,0.016666667,0.0,Sad
32.82139649894002,281.2453411718492,0.0,Sad
0.0,0.016666667,29.48614816262964,Sad
0.0,141.29903463818192,121.9098895065433,Sad
57.019896946416864,298.28798118648376,0.0,Sad
24.92055293689464,149.14863713027668,61.39160039037711,Sad
0.0,58.987742662437576,0.0,Sad
0.0,409.13803195269054,67.6411810008399,Sad
13.56998355210413,362.57084528794155,170.24055161773737,Sad
12.71747006629543,99.80959815778706,141.19765447284072,Sad
0.0,57.855584702185084,202.51722171985807,Sad
0.0,0.016666667,0.0,Sad
59.220696519857796,222.67894831804733,32.45477069145836,Sad
68.0484451847637,297.2702724435551,193.2298164849321,Sad
0.0,126.70662353199636,0.0,Sad
26.237330990194508,199.85565337364102,21.57944162605809,Sad
2.806522057533865,399.3002270410218,222.21099795708335,Sad
74.7719649329171,190.59285828879194,32.411911308724996,Sad
0.0,104.89029678398538,31.266931444166197,Sad
0.0,0.016666667,117.07703942502378,Sad
0.0,44.1398346741659,0.0,Sad
47.40224440824336,207.7161061332995,0.0,Sad
42.19350010448629,18.45924053246918,121.13070520012997,Sad
0.0,132.63353453322736,193.43277059747004,Sad
17.090662829964604,0.016666667,40.36997649742875,Sad
41.81642389347479,239.43306138469757,106.13227027966099,Sad
0.0,435.79758026437,0.0,Sad
40.03836020879275,0.016666667,118.97193873948316,Sad
4.502990401840027,166.05399476814478,0.0,Sad
136.08131522481088,0.016666667,16.139438961804643,Sad
88.5500455018462,0.016666667,60.837090171583995,Sad
55.49516752133263,0.016666667,192.45132342221956,Sad
99.8308294633918,0.01907606672472184,16.30414282347631,Sad
0.0,136.86696655811372,220.34329491224506,Sad
120.32507948442041,178.3466221298064,59.49782138845164,Sad
11.171390956587581,233.9357235886998,0.0,Sad
49.551545060980004,0.016666667,0.0,Sad
132.96007804104443,258.596125249609,3.798228767915731,Sad
123.89400046543145,87.17296543512752,111.01065845995035,Sad
0.0,225.53475286310402,87.0058909585406,Sad
70.40930597380768,0.016666667,240.38253575402567,Sad
0.0,8.426896513207467,0.0,Sad
56.860400524010856,209.17522029122773,35.17328404500192,Sad
0.0,232.47716350656896,342.01190563988996,Sad
62.004308643605114,237.07148279823267,157.54980434163713,Sad
53.42414551142824,0.016666667,88.27941095489166,Sad
71.62701991263665,0.016666667,241.5053583284123,Sad
35.46814889616693,0.016666667,126.5235366708149,Sad
60.27926299838576,219.67691459565225,118.93784715520688,Sad
13.937165023069571,74.55909804661718,80.52098730609455,Sad
3.9464845281038627,86.80589194328095,265.89863535489803,Sad
8.472541946711171,142.42456176660994,27.44645458443575,Sad
54.27199513716248,0.016666667,225.38468119752375,Sad
81.02658575148087,258.70675960473784,198.14511247642184,Sad
42.4440895213375,168.88901580128305,142.8217092070052,Sad
43.12922718088722,0.016666667,74.1527228696621,Sad
64.42572873175558,0.016666667,0.0,Sad
0.0,205.5151661139957,97.42816931043892,Sad
15.277512137905058,163.94747647171982,169.31383393040028,Sad
55.38029789333008,0.016666667,79.01818933402159,Sad
0.0,97.9206688045287,131.412451974737,Sad
68.40651001111421,122.89781211723347,0.0,Sad
0.0,460.55792132838883,180.9938774955649,Sad
10.597187264702292,0.016666667,61.20870273827039,Sad
15.453828175875145,340.8490193255543,141.8193214899432,Sad
32.798631278133804,0.016666667,129.84585306282173,Sad
65.71939355304157,0.016666667,129.45107250855204,Sad
24.482110425169562,0.016666667,0.0,Sad
0.0,18.49509793145249,120.81830254463017,Sad
56.64370250007599,55.89416671912665,0.0,Sad
28.876027170716526,25.38964202868604,0.0,Sad
55.91075950856554,156.48968688989135,3.423429238826756,Sad
0.0,0.016666667,0.0,Sad
0.7974795368868683,174.44965271348335,95.99417705222095,Sad
16.41020157267986,0.016666667,68.48714566372976,Sad
38.59973768427662,29.80267054016724,21.864575441429665,Sad
76.86835007683143,167.45155049640715,298.0078030789915,Sad
79.06463897665182,81.19615108683945,12.036935601339422,Sad
66.62366951562002,157.29722610214762,0.0,Sad
70.69297407934536,291.80188657211363,0.0,Sad
16.934425694722847,93.73287046590099,122.49017649791259,Sad
0.0,0.016666667,104.72171027000748,Sad
67.20648283157816,0.016666667,108.90886129310903,Sad
7.0518102234434,270.8025176374813,48.4880035239241,Sad
0.0,113.89619252922292,105.42731554865368,Sad
46.8389543776446,9.33845877000202,122.45025012959348,Sad
0.0,85.74705734173969,46.014653175146314,Sad
0.0,231.27157021352699,308.88479804910855,Sad
51.112502753027265,172.55218712187136,253.04448373420465,Sad
84.08752128158629,299.680995984387,115.91983821067643,Sad
53.454908917332155,81.40756738503129,94.95824662884036,Sad
140.87098724660166,138.29323009842435,0.0,Sad
38.31185586709777,75.83846795298527,31.074496006892964,Sad
0.0,72.0613120765409,136.02838807190858,Sad
32.478642999054316,217.39220141616508,131.10927055069453,Sad
23.23895413848227,170.25236132455314,251.1341850391897,Sad
54.306290346291775,0.016666667,172.42093894030242,Sad
3.0355170803805613,218.4325281405632,372.09595363232864,Sad
8.163959123739488,236.46719521947045,162.13691104907429,Sad
0.0,67.67255090543476,53.76181961565336,Sad
0.0,28.50964418850198,144.24659783168062,Sad
116.87409996499865,85.63511374527702,97.59207870842894,Sad
0.0,0.016666667,34.99373361008538,Sad
0.0,0.016666667,22.804486732286342,Sad
21.84957388876458,316.5074617390261,0.0,Sad
65.15124454355696,0.016666667,0.0,Sad
0.0,249.03567788334465,5.19700395564557,Sad
62.96863730139779,48.14242465160106,0.0,Sad
106.60174369461828,0.016666667,204.8095303696804,Sad
0.0,69.7820730986428,156.73626852106204,Sad
0.0,43.27005972540263,0.0,Sad
0.0,103.09928603630024,0.0,Sad
5.27445739773388,336.0777634208946,64.22517710335138,Sad
20.60474060649659,258.44107476526153,121.38157062930142,Sad
0.0,124.94039968283919,144.0295855453199,Sad
40.405541674336874,0.016666667,0.0,Sad
0.0,149.24419333295518,54.111065579118176,Sad
0.0,41.33042058276394,0.0,Sad
47.07811177265822,144.78813950780963,189.52524348430478,Sad
0.0,336.13398825806166,30.142514028835627,Sad
49.84645168030552,247.0638904543495,17.19961037750528,Sad
0.0,30.909657234984223,243.31663362097436,Sad
66.40779498064119,306.0097617043143,189.13698451694785,Sad
0.0,115.76384154168883,190.6945330559504,Sad
27.01745448992096,310.54044505834054,125.1645182455248,Sad
0.0,4.173791113942173,0.0,Sad
0.0,532.2011404544547,112.82007116310993,Sad
34.256353710947785,265.3909948687365,135.09351074733428,Sad
7.986021987114615,0.016666667,140.72699745258478,Sad
10.587391618650722,0.016666667,115.6154108559113,Sad
46.76380671084344,237.16003882390171,0.0,Sad
0.0,119.61191689217043,31.430266311841557,Sad
0.0,0.016666667,0.0,Sad
37.195219682935104,0.016666667,179.09668907684267,Sad
0.0,207.89071613037015,236.29385831674549,Sad
28.01780287878703,248.56070111696775,0.0,Sad
40.07150734812463,143.5729307173706,0.0,Sad
31.04409425157006,286.90790232491156,192.40856157230547,Sad
26.173832713891404,23.877022407663958,196.78336879157746,Sad
0.0,117.31322940190068,112.1349277756201,Sad
57.64839008583738,168.5687661998611,304.7402438263464,Sad
44.82095258133363,148.97359909684212,37.66742106236641,Sad
0.0,322.726872848362,0.0,Sad
61.203183595577755,16.773565912428495,73.6969665977468,Sad
45.93532067709944,154.4977343115386,33.01932254180154,Sad
64.44573870198784,82.61667979883978,0.0,Sad
33.67350378034591,90.44303514663804,27.688724718968494,Sad
12.98781085587286,58.128707264467,0.0,Sad
70.37492862126365,179.11725159928932,0.0,Sad
0.5628807566360976,214.2367859196982,0.0,Sad
0.0,0.016666667,36.00940726524812,Sad
0.0,53.55441894519559,108.19686641328866,Sad
102.7571881717091,84.25925609024596,0.0,Sad
47.70341670543398,290.5930056860917,32.498890810204706,Sad
120.58179571954105,60.42810522438742,208.5306213733728,Sad
124.97476654705275,77.7190184446278,149.67275304828553,Sad
47.14295301028295,184.11289936777865,53.58350444889253,Sad
118.37588337994728,94.14302447061966,0.0,Sad
0.0,159.94312756172107,178.68104452590944,Sad
83.14284868236385,267.64947571703584,375.2548319384973,Sad
93.92914887062896,325.2213600227284,123.60797424341888,Sad
64.77515547695289,221.10861648907206,0.0,Sad
19.189710742085623,346.2865943729366,45.11761968986548,Sad
6.561792369479651,145.40582656273358,0.0,Sad
49.4269280855121,59.44359623796207,0.0,Sad
21.334240949078016,276.4502281483659,65.83775269515081,Sad
0.0,121.01719998430822,110.78523319914318,Sad
20.709421259985124,0.016666667,124.55879220808716,Sad
28.614187457969486,4.804752108252927,43.604241126975865,Sad
49.7637394609441,27.934545173227818,4.642177717620584,Sad
0.0,0.016666667,0.0,Sad
66.73228815424943,2.6379414000737995,104.16465708943436,Sad
34.78378873441748,0.016666667,34.84417852201098,Sad
199.35783596639803,0.016666667,446.75058438976964,Sad
92.9400167366461,0.016666667,67.26416673579105,Sad
0.0,64.21966381341244,319.5421754124244,Sad
54.851943265144556,0.016666667,271.19379869777714,Sad
81.8459031789684,112.0875162688213,0.0,Sad
34.33991836489554,152.29311234645712,0.0,Sad
0.0,286.7604586986495,112.93255991090153,Sad
57.160825023527934,45.61938423248183,18.659118517112617,Sad
31.224092275823743,82.05235772355687,0.0,Sad
0.0,24.02172788736371,85.01824359298698,Sad
0.0,0.016666667,0.0,Sad
0.0,369.32070416954446,0.0,Sad
0.0,107.80181051183492,0.0,Sad
0.0,320.0007892947791,0.0,Sad
13.145014109684848,171.93045019533122,0.0,Sad
51.63609414284483,362.5737390251679,3.4763872717810784,Sad
34.95208535464084,507.02820781091634,0.0,Sad
57.74341003439794,19.227352619106583,145.5529332869218,Sad
40.70411373536332,78.96359220824729,220.65293039253245,Sad
26.786207150264048,0.016666667,348.2639794865601,Sad
72.07249686532705,161.1121955275472,0.0,Sad
10.56795556048435,86.5448063446842,0.0,Sad
56.301326237515966,92.9568087375753,0.0,Sad
0.0,36.515551796986884,0.0,Sad
16.582457550338653,0.016666667,0.0,Sad
19.343451379013267,26.35208161789413,69.70208331910281,Sad
39.14124830686693,0.016666667,0.0,Sad
39.966559559907324,0.016666667,41.53021099613186,Sad
50.09677058508201,342.72923938923066,171.97556746265127,Sad
62.163869195968374,50.710777620361796,0.0,Sad
0.0,151.41214732773156,0.0,Sad
0.0,285.1131293779908,207.67613858101387,Sad
6.535108367058928,414.290515038708,14.445580909972826,Sad
0.0,340.2890889745815,0.0,Sad
72.37264949123843,95.13827269194789,0.0,Sad
57.41733419970751,205.30826242317022,126.27991891317339,Sad
0.0,137.5959997521366,88.66582259592685,Sad
58.68761472401546,164.99097471014943,120.96710205644976,Sad
86.79246616055214,216.83990534405058,181.6726392428314,Sad
47.53302268598173,79.4733355087483,303.72738744944627,Sad
68.42672356958126,209.39312270462528,102.65661705917987,Sad
91.60328704367303,56.38403005250705,136.36647340077275,Sad
30.72996105511799,167.6001139816884,133.85961653885917,Sad
0.0,159.21414460421352,150.0541310490545,Sad
3.791918197320996,140.71686069093914,0.0,Sad
0.0,365.46422899737115,0.0,Sad
90.1926938489134,77.25641822245282,0.0,Sad
63.3037791851776,433.04287769484324,0.0,Sad
0.0,105.26433195716483,4.049091718532594,Sad
73.18123316973593,179.0993071129004,182.0664287477398,Sad
79.93849391541109,119.76864968787552,78.6231194366661,Sad
31.324028482358646,287.42347714237883,185.24980687640766,Sad
4.046293257512854,0.016666667,74.74820178053467,Sad
77.41870139250719,0.016666667,0.0,Sad
0.0,204.96098522090713,86.86004271781493,Sad
72.5500311538895,128.26918024347827,162.63223685961356,Sad
64.47511506432149,0.016666667,136.1899813577548,Sad
0.0,156.49425915362036,521.3140234622097,Sad
0.0,121.46090007538172,161.70675711007834,Sad
104.93894114304389,51.89340214561229,30.885449219726347,Sad
0.0,404.11376519670216,201.30500498052172,Sad
13.59947299191317,325.8870151405862,134.89010106795052,Sad
0.0,181.4523659168682,99.54546128252655,Sad
25.80668267005554,190.55687907328678,104.32832871424742,Sad
0.0,110.78734696926864,0.0,Sad
1.2792881656676585,144.03257068964783,141.02899442477838,Sad
0.0,70.67059259999519,0.0,Sad
0.0,38.173155947704466,0.0,Sad
0.0,99.37483478006612,242.84290089399943,Sad
37.02137471917567,109.69903900815713,0.0,Sad
21.102667214691962,0.016666667,109.49086361898294,Sad
0.0,188.44797827181753,85.69306426860379,Sad
0.0,212.29491998189997,0.0,Sad
0.0,233.0411914853212,0.0,Sad
27.889371481467098,0.016666667,0.0,Sad
10.691485680885222,106.90013647572766,214.76019350714617,Sad
0.0,80.1649469242603,57.51973254580492,Sad
0.0,168.66073036132804,107.0155242180681,Sad
34.36385804256208,263.570416318441,78.9361706404498,Sad
54.30645040351136,473.044710973998,214.62339184502545,Sad
36.74602153395662,0.016666667,105.61931736647436,Sad
123.1900392515511,101.48298636468752,32.18986064360135,Sad
69.17214412962115,176.38788356965733,309.8397353374381,Sad
0.0,289.12541068298754,0.0,Sad
88.31513346994784,0.016666667,108.2531817585014,Sad
66.65852330023745,0.016666667,45.6292880879446,Sad
31.21167860664082,13.6999700176614,247.35999244391107,Sad
25.923776120662428,14.292478815469195,145.282685999892,Sad
48.81787450997757,0.016666667,0.0,Sad
48.3045772811131,200.6284746804095,18.406354447122965,Sad
0.0,60.15611650669385,0.0,Sad
74.25472281853038,444.30334656466914,0.0,Sad
44.87522460033452,219.9258930104188,74.23829784461655,Sad
16.648811746998142,0.016666667,229.5077043964438,Sad
58.122935782705895,112.76704781913003,0.0,Sad
78.57506547621907,0.016666667,66.23017267814339,Sad
13.982096833534435,187.15051271015216,53.782089473776054,Sad
0.0,0.016666667,121.01867717151933,Sad
0.0,354.3152845537368,130.84956771076546,Sad
77.70683472073927,0.016666667,46.61642109236349,Sad
18.526455451118792,48.75922225711592,3.830269886302318,Sad
6.023725482693948,196.21353925586658,0.0,Sad
57.65426210237031,198.75853748771468,23.098246639228343,Sad
52.6818132849385,44.63729174950719,110.69253897857321,Sad
71.81803432878915,121.0237075804474,36.99628658990859,Sad
0.0,204.48196724046807,0.0,Sad
0.0,0.016666667,0.0,Sad
9.734547351905855,130.5573661279141,18.396594916971274,Sad
27.06309853335277,492.1951121389412,133.9462970097666,Sad
0.0,0.016666667,0.0,Sad
36.8257380910232,0.016666667,189.05579334597988,Sad
0.0,267.94865912601756,145.60447890133938,Sad
53.03471892197881,0.016666667,101.55843999243596,Sad
110.75327689371478,0.016666667,97.6068330378999,Sad
0.0,0.016666667,0.0,Sad
45.689726293606064,0.016666667,0.0,Sad
93.5000800840958,343.0368964099948,22.339582786524552,Sad
0.0,216.99706508039264,198.6603626074129,Sad
0.0,355.2720800804873,0.0,Sad
50.00069265316631,49.024060717518424,141.94856373157904,Sad
17.354184089215263,171.35658013905845,146.2817257980895,Sad
74.52869855222032,0.016666667,0.0,Sad
23.844365175229754,7.724746559508034,93.10981892711834,Sad
0.0,66.97728468847205,241.6598255035875,Sad
6.098563760793162,0.016666667,50.11495524574029,Sad
1.9392535023192252,57.44429123625828,0.0,Sad
77.55277689734676,14.360122738851416,160.8450212876074,Sad
1.5607910216529852,148.37789334300786,127.47847564686373,Sad
23.36398283826184,232.6500928175134,194.27949803461058,Sad
37.507535708720816,18.527795859505915,66.22365705468857,Sad
67.99313968188177,0.016666667,45.859566056958585,Sad
18.545726695511465,131.92619813460706,127.44241747250155,Sad
0.0,148.68874866293888,82.5318351167983,Sad
0.0,285.0042169608392,125.01971218330067,Sad
35.53030711343476,167.01985797959628,17.19759437847801,Sad
53.31010896665573,0.016666667,0.0,Sad
40.08626603694749,267.2411995117684,0.0,Sad
55.6538638535637,137.22276427913846,0.0,Sad
72.69886778004114,326.622407043522,190.5245794722041,Sad
34.21670179326667,73.03505767433607,0.0,Sad
64.16115715228841,0.016666667,147.15840242020312,Sad
58.971001017538356,155.89159543431103,0.0,Sad
0.0,144.90054358531822,166.52790642587172,Sad
0.0,269.64594324116695,0.0,Sad
0.0,172.0630966908093,167.089411519993,Sad
61.80085192137385,118.06176700920878,21.733607387060836,Sad
9.033450490440078,72.31830498886055,159.01766385031408,Sad
7.0722507785282325,13.202173151902741,2.266128799159816,Sad
0.0,0.016666667,201.5924577350583,Sad
3.21645836738967,141.8669878711772,34.36739425574322,Sad
0.0,104.637473423888,204.72246705337105,Sad
39.63646599230138,112.87181171235231,114.12425216107039,Sad
46.12327961470104,307.4516107358297,28.006452921143293,Sad
53.19241415372558,51.1249117127687,62.710817594793156,Sad
62.441845617192,28.953077733336755,0.0,Sad
97.68211540501699,48.07338764472254,47.90082848896037,Sad
0.0,0.016666667,116.10017780767188,Sad
6.275711419682107,300.9893323688171,0.0,Sad
32.77871557138543,207.25678440495182,0.0,Sad
20.522612100896467,18.12307611383484,126.73593154474017,Sad
0.0,195.9947651217188,208.6791435127774,Sad
0.0,255.38502747361426,138.16313089319706,Sad
40.092285464012214,0.016666667,219.7119317107711,Sad
80.27026912264816,0.016666667,254.863123427931,Sad
42.180129660722855,150.74271910087788,31.709838364516443,Sad
34.051527769483904,517.0817129295581,0.0,Sad
0.0,230.86619484522475,115.46955464482734,Sad
47.553975583667906,328.93809209224173,76.42710068815208,Sad
0.0,354.2599837739918,80.81715676262445,Sad
98.28018894959386,0.016666667,238.96810738359392,Sad
23.240940047307145,0.016666667,92.48339404960251,Sad
0.8207677598088416,210.19088260189534,17.542167180452587,Sad
31.501914542391525,111.72198733208297,23.86299632351995,Sad
0.0,88.50501809819572,12.159888374609324,Sad
29.96370550343891,31.098786221988206,135.71659895857607,Sad
15.924230854678338,9.27996207212503,3.8574632555126556,Sad
0.0,0.016666667,98.62383532703578,Sad
0.0,0.016666667,94.96655094369966,Sad
0.0,350.34272558187433,0.0,Sad
56.670342888114234,262.1080917663194,0.0,Sad
66.18829578282914,22.522099210767962,199.63266831567012,Sad
83.37034511056508,167.80716678253768,117.28535694515841,Sad
20.960551403573568,0.016666667,92.54325200797084,Sad
1.0533049627790092,139.58040047021842,234.13454979177303,Sad
0.0,0.016666667,88.4384429171411,Sad
0.0,82.3481831641148,338.1114425693782,Sad
25.35326832448551,230.1710417861961,36.73455896639575,Sad
17.202432603674595,128.95813028505907,37.877711925009784,Sad
102.60232101476787,191.8602166834334,120.57390281174625,Sad
0.0,202.09486595477475,36.18904002008541,Sad
44.02389648089222,270.72355193089214,91.54518787377803,Sad
32.15966626757976,167.98240779035626,37.37473166679416,Sad
0.0,125.34310858925167,94.90578044080667,Sad
0.0,231.2828429338727,23.721869897767753,Sad
12.250217907174827,80.07800431651401,13.2792834442739,Sad
4.625241709231066,0.016666667,29.36770081821207,Sad
15.15460206560154,0.016666667,131.08300846641134,Sad
134.1783015600356,161.4263622668533,102.85040963966483,Sad
81.82322656093673,98.32300784937951,85.4997662214368,Sad
37.183979379437616,0.016666667,295.4899890277927,Sad
73.7735975346818,0.016666667,53.98453260772803,Sad
25.51841104343178,80.76438368209972,165.17996449492426,Sad
60.45325973353084,0.016666667,217.4668880402766,Sad
10.180008588253145,103.32034154352361,0.0,Sad
151.6890095518407,232.15264508972507,0.0,Sad
0.0,28.236595526646568,265.18101073678423,Sad
30.81618369969505,84.06876483826753,150.4860148398019,Sad
0.0,300.2638225496927,353.81347172976024,Sad
0.0,10.410232224419318,203.39772618952475,Sad
4.227201785294582,52.214414911523484,231.72628318931237,Sad
71.62434838614918,231.899858296862,48.86958667074205,Sad
0.0,419.34920382071823,0.0,Sad
0.0,0.016666667,180.8015922413588,Sad
0.0,124.27307083205177,188.59511649135197,Sad
6.813194333521068,0.016666667,141.70691306013356,Sad
92.4325857274474,237.3931043428849,52.74431950374175,Sad
43.56902050111484,8.82823461729464,303.44092639630406,Sad
15.006152636892306,196.58456972710556,14.25043692746268,Sad
0.0,48.65578472947675,0.0,Sad
33.15670788947209,237.47975885307997,0.0,Sad
81.68866813659439,33.10095555856894,0.0,Sad
0.0,0.016666667,138.2474265649029,Sad
100.71657885596339,6.653686981533724,0.0,Sad
1.1453826737454058,45.71871598981905,101.34070613563662,Sad
54.04380411738747,129.7955597624804,167.05035604538205,Sad
27.289302576607895,319.09903120110704,88.14527565273956,Sad
94.50382117233634,173.7825301524964,101.07786430761477,Sad
40.447645063323364,87.55289106712294,260.10175835953794,Sad
25.50354933271028,0.016666667,29.791167982623143,Sad
18.699611202531553,166.22137857614757,194.00030485973883,Sad
0.0,24.033895033852673,0.0,Sad
0.0,68.0927970023678,86.00206304214385,Sad
35.07905838841133,180.56711909037023,146.58541419827569,Sad
7.092740678332891,0.016666667,53.69140261886689,Sad
0.0,0.016666667,144.78773124840671,Sad
12.150530510578587,288.6325420070159,92.14371087088352,Sad
0.0,379.7465786138455,154.569831289404,Sad
18.316063464269106,0.6983202905173016,173.5058625921053,Sad
54.58878807673306,157.95655747272997,0.0,Sad
0.0,4.055983526951223,0.0,Sad
72.5460845083647,122.57703058249558,232.5396609664102,Sad
5.451647305461957,409.9339456225248,0.0,Sad
13.837784704204468,362.13550796175764,0.0,Sad
137.41670395520794,0.016666667,347.90862993809844,Sad
31.046705313694805,76.64179622372004,0.0,Sad
0.0,81.25586101276022,373.83986830034297,Sad
142.94973441093242,34.26341014862504,24.71756900864714,Sad
23.785262609153207,159.72350288605122,136.61886370221106,Sad
5.112658927506725,178.04346719546544,252.91792524890738,Sad
17.001627404935718,286.23509533348874,227.43943787354738,Sad
58.0593286850378,99.0331727905181,0.0,Sad
0.0,371.2490945641981,0.0,Sad
16.172765478606067,362.1017232865198,0.0,Sad
66.71161319789627,69.39818884269982,287.7935383551308,Sad
25.132872847758364,21.562777170522864,0.0,Sad
54.74971847461448,199.32591369864343,56.35040429111329,Sad
0.0,116.86726457029046,137.10941079096858,Sad
109.73345589494042,0.016666667,62.369361341651754,Sad
44.52645323585794,384.1840964694827,189.26804911920726,Sad
0.0,0.016666667,37.409792999052804,Sad
40.38704359589255,78.01103597168758,31.79796877916654,Sad
76.88587573911413,0.016666667,1.106876115209701,Sad
0.0,318.2894140826362,89.36606192578078,Sad
58.138487039702284,116.55496311727534,12.410506890649849,Sad
0.0,45.412210113791076,272.89472511553606,Sad
0.0,35.684644705092424,154.12208079518035,Sad
0.0,246.67201114014998,0.0,Sad
45.08003268830085,0.016666667,200.68499073864058,Sad
0.0,132.62361505458045,0.0,Sad
32.45015706511933,89.72804493559937,0.0,Sad
0.0,0.016666667,205.7912755691939,Sad
0.0,0.016666667,199.00998903810046,Sad
0.0,0.016666667,35.516943067614406,Sad
0.0,105.48041468024469,0.0,Sad
0.0,177.81169757841894,0.0,Sad
134.55375162277448,322.82164390008086,117.79300743132444,Sad
19.987426761399306,265.9932427373248,102.86278167160923,Sad
78.72609321173132,154.10225566562423,280.7097320469637,Sad
72.25990427309117,76.72702982665166,6.939194244000461,Sad
86.85263580601521,167.33201862743334,114.55117638401269,Sad
93.13365611835337,56.534986579804716,0.0,Sad
0.0,152.31461669718155,4.738735868780282,Sad
79.9209498617228,0.016666667,259.60554256962746,Sad
0.0,209.48199725700624,199.030377676549,Sad
53.631886141570845,0.016666667,0.0,Sad
56.26104039617135,417.25938373985707,139.7754249087067,Sad
48.1688932715631,21.590716293689866,215.1756747244547,Sad
0.0,606.2404362862369,121.17881266357838,Sad
0.0,248.07880404805306,0.0,Sad
81.91370438889496,130.89639494400143,27.850459372694196,Sad
22.84896119244704,188.37678408759191,0.0,Sad
16.12168347919902,0.016666667,28.12890910140269,Sad
0.0,307.7834442731872,0.0,Sad
0.0,12.254574999595732,135.63773011584033,Sad
105.36991478753096,242.68920189017211,0.0,Sad
36.24670261813047,215.02419392292256,309.7553844065146,Sad
15.492021467268184,264.9351753639439,0.0,Sad
0.0,0.016666667,108.49687687616418,Sad
102.96807102814344,17.73290505906776,203.11532437205713,Sad
32.905433489398476,203.49882429731815,126.96008005750284,Sad
0.0,0.016666667,180.2699076474966,Sad
59.86213743448012,439.863607422461,18.952340109468125,Sad
44.142783763753414,0.016666667,0.0,Sad
0.0,190.9154271566624,62.88218859592807,Sad
25.253592843061522,64.83469539234673,164.2691616947468,Sad
39.88577220541802,254.0077172787241,0.0,Sad
18.441796125077552,42.07969941884807,313.0361513701637,Sad
47.7912391379023,151.8521412877436,308.35066167524656,Sad
0.0,0.016666667,0.10093531787047993,Sad
1.7418037296418092,361.7515179235313,0.0,Sad
0.0,209.7819360972855,90.09944960884589,Sad
0.0,6.812401945429258,178.80911473494177,Sad
6.4399074325044126,259.00110611375294,0.0,Sad
72.64066485285436,0.016666667,147.56322556313972,Sad
0.0,277.9104787976097,0.0,Sad
0.0,327.95194344539414,81.77225729669054,Sad
55.97903799761981,193.62732130670508,62.65166016864775,Sad
61.043053780716775,184.94155925325714,140.25818706951662,Sad
7.268665305388065,226.33854281757417,212.21897173079182,Sad
157.15031675258422,415.55763757115756,132.84684399125018,Sad
38.00363108380451,241.64875054809156,184.40042242062856,Sad
51.64905625580603,0.016666667,55.027009995037375,Sad
0.0,0.016666667,186.22031986657055,Sad
51.12342816935956,116.26412831444408,0.0,Sad
67.17698447967022,23.908225881834255,291.85856913964767,Sad
65.05848009560495,26.48526142824751,57.069704055064996,Sad
45.24033237004029,39.68610181859059,0.0,Sad
0.0,476.48417551944726,0.0,Sad
9.357604860479757,85.2736183536434,0.0,Sad
0.0,56.20929719672112,270.58973535580344,Sad
0.0,81.551416345185,0.0,Sad
47.67331100429094,336.55136444451773,0.0,Sad
0.0,0.016666667,165.03075304389722,Sad
1.6708053614588287,69.7196072948085,210.67609366633852,Sad
0.0,357.89859639377045,253.38026524018798,Sad
7.392839160510746,4.4932256565601705,0.0,Sad
5.3430993188063916,50.04430739219858,23.208976496878485,Sad
55.963132631350405,0.016666667,0.0,Sad
15.369893458800576,0.016666667,0.0,Sad
0.0,135.93013412845502,78.20358901527668,Sad
0.0,384.5559956554828,43.635244738535704,Sad
29.106170438592375,178.99895572918066,52.359736097851226,Sad
79.02739917019376,14.81600864842126,59.12277665029813,Sad
78.20743053518461,57.05239223957128,127.31987961220344,Sad
0.0,108.21794075251218,159.88089435451616,Sad
0.0,1.2579129905779922,123.6357367930369,Sad
0.0,0.016666667,25.752524460823786,Sad
14.262658150188601,168.84934807848936,0.0,Sad
85.49843429802446,305.5714956401897,447.5881380721212,Sad
118.19505317709171,0.016666667,0.0,Sad
10.480421129284213,343.0259458226086,97.04819190472847,Sad
33.86479987390761,110.70492932250107,0.0,Sad
34.53111536029647,254.32638974612436,123.30692025257956,Sad
74.79348328685445,436.6302204917356,32.688349787119066,Sad
40.22854541166949,13.40137198588053,58.101743271585505,Sad
7.21430789445289,67.2206376684882,0.0,Sad
97.32471609346427,404.1052339913815,13.727550117026986,Sad
91.55128695750386,325.1845452748943,149.13535461386846,Sad
80.29646019228802,245.29277400560463,37.92186492210892,Sad
0.0,113.01631149177953,199.63195921069206,Sad
8.193677179709493,238.66996961293742,0.0,Sad
0.0,128.0671137542025,221.01931687914416,Sad
30.55286925630065,15.837844166688868,205.67720917284663,Sad
0.0,19.324442159604445,173.53748470536397,Sad
0.0,0.016666667,175.23295820248282,Sad
31.803259435570503,0.016666667,0.0,Sad
0.0,160.66124465288712,0.0,Sad
8.613587979107862,103.04473707416875,0.0,Sad
0.2606582417438723,353.1981937255074,100.6722788646087,Sad
18.033939992817697,0.016666667,88.02460840502665,Sad
0.0,0.016666667,221.1981369845196,Sad
50.790023182178444,156.44398290008985,197.06514118170207,Sad
0.0,1.2296789731041713,219.8018791820504,Sad
0.0,49.458285602535824,194.75467729031465,Sad
65.1683019652361,0.016666667,21.624250155480716,Sad
81.97142160039397,266.78753619114445,77.07135344530484,Sad
11.62935047073623,133.36781022767101,0.0,Sad
0.0,0.016666667,59.874910921940696,Sad
6.160140909664786,0.016666667,183.8638503702424,Sad
0.0,0.016666667,0.0,Sad
32.39695859604403,143.1245838011758,0.0,Sad
52.18313062979614,380.05592754777376,8.420331564938493,Sad
11.41503998057352,146.04221387501323,0.0,Sad
0.0,0.016666667,0.0,Sad
20.152748182005553,42.16143346342477,0.0,Sad
20.310390767907474,378.7758972494887,0.0,Sad
0.0,418.73037106753645,153.89910181687856,Sad
0.0,159.56608311045952,275.2106169368957,Sad
56.62142728024176,157.0853916756082,176.47837424514546,Sad
48.3829034237074,138.1388215364119,0.0,Sad
0.0,0.016666667,122.45002522074616,Sad
0.0,128.5503801063992,0.0,Sad
126.48810264038667,27.3646206951737,212.55568676904724,Sad
41.98250103460503,39.07092492226652,0.0,Sad
1.0429370817621653,0.016666667,227.13543946039397,Sad
27.290752113486818,0.016666667,18.703061094356144,Sad
16.375680061534396,246.9171625555387,207.29358656690079,Sad
34.82556847323634,0.016666667,13.714648985233211,Sad
37.88087436778555,0.016666667,0.0,Sad
15.29330515742554,74.13156876913088,349.4344210738797,Sad
24.968997895827723,231.9297760968079,160.8918964658969,Sad
0.0,302.3218382684172,26.00837698389074,Sad
27.28628219440212,0.016666667,45.32281032589445,Sad
0.0,218.16436773554386,38.28096043155394,Sad
71.11191804166786,332.6769143821326,0.0,Sad
64.11461289594456,63.36069320981732,259.92182564819075,Sad
84.74962078793214,0.016666667,113.47414926800872,Sad
0.0,245.89698075563973,38.471356559365184,Sad
50.886175516229855,0.016666667,0.0,Sad
9.782024537293923,109.00210816746461,293.1035578391883,Sad
50.21102904475802,67.49792971393997,0.0,Sad
0.0,6.544540378394544,64.47031932853352,Sad
42.33219852776226,133.9061601312552,0.0,Sad
0.0,216.7996234218549,49.46598186264994,Sad
17.987361496200577,101.46466019456352,110.02242738378823,Sad
101.3525860746576,124.73310530617378,70.78103193590073,Sad
36.937754814396904,117.73745436291442,155.4365852715082,Sad
0.0,8.833439162322819,28.481859603209287,Sad
6.4944559987715635,126.72441567762411,0.0,Sad
51.824201004266364,0.016666667,44.023928195403826,Sad
5.79258535843006,226.20683592616658,39.42200478522997,Sad
97.14668158689528,108.72614430576928,49.437623350286444,Sad
0.0,280.4050070484189,148.11427958961082,Sad
109.96745542650129,185.07950008202,435.31577266756284,Sad
0.0,204.2765790660048,139.27735662193396,Sad
2.7945493541272697,6.331088753628592,220.46066444955486,Sad
92.49578121915555,0.016666667,81.24344060562389,Sad
60.855882507266585,0.016666667,31.91845612461639,Sad
27.9584460921753,253.8741425541307,127.93194754995946,Sad
32.68023846412826,187.8773608781956,295.9854306082552,Sad
0.0,312.7424986231908,15.333209223426714,Sad
0.0,0.016666667,102.0615301155297,Sad
9.202106409674702,81.21972101415406,99.71942981267085,Sad
19.911644879522033,297.1368907879946,49.008673047823315,Sad
65.0355830484615,0.016666667,11.229880818040115,Sad
0.0,110.4883071656219,0.0,Sad
0.0,118.14203548050352,117.30190177839017,Sad
16.171162801029638,79.47740624311278,47.716268092048566,Sad
133.55612660962663,215.90001366424664,0.0,Sad
6.706515732156692,116.33931825631534,198.40156281529983,Sad
88.59022731964288,9.196865168826207,35.13679916840378,Sad
22.792400725945967,32.9483558424856,0.0,Sad
34.396601075196905,147.65234269851481,146.83486319292973,Sad
0.0,0.016666667,0.0,Sad
0.0,42.107819033258195,0.0,Sad
37.26661528268402,32.66615666850616,0.0,Sad
0.0,0.016666667,0.0,Sad
19.382730048852807,256.11684861249967,0.0,Sad
0.0,119.36460252557251,0.0,Sad
71.38885643956908,122.58221839912741,198.83793059321653,Sad
0.28989917228331663,3.5243121655523453,0.0,Sad
54.445794448472995,135.04511149290892,0.0,Sad
0.0,344.623292367202,297.6367394146404,Sad
6.0444822659437385,0.016666667,140.95269589851898,Sad
110.00786984196031,231.15361164595387,199.88322044386985,Sad
50.67209119773768,143.73295821603452,204.86948090626194,Sad
38.50140191278897,218.15514854771072,242.60519812082933,Sad
0.0,263.1356229513836,0.0,Sad
32.70075966292233,140.58574187940954,43.29805220100989,Sad
30.183957867838394,27.396442394109187,0.0,Sad
36.584201183448485,91.03170965838981,0.0,Sad
12.72674769278046,0.016666667,120.1785014045554,Sad
34.50583162316521,95.63847490821578,77.87867341351425,Sad
0.0,225.8098479397154,43.764779374673246,Sad
91.8471760729909,190.41454941119736,5.060820017341442,Sad
0.0,0.016666667,116.23109097513043,Sad
6.104305080898481,0.016666667,145.6572555298917,Sad
44.87871856193964,0.016666667,35.92130038969812,Sad
93.14572054138316,12.383867613471295,45.107524580066965,Sad
0.0,74.32588340863286,0.0,Sad
67.2111993653611,207.767955203717,0.0,Sad
39.6026463033626,0.016666667,0.0,Sad
27.240474974342323,279.7446464192072,0.0,Sad
28.548555029095834,0.016666667,0.0,Sad
16.04929394814983,275.642159307254,0.0,Sad
73.05605054525306,0.016666667,0.0,Sad
48.1203805640405,308.71612853089005,3.856518702429625,Sad
41.198976093126866,0.016666667,0.0,Sad
126.24786206396466,189.4625416353556,132.0448956449975,Sad
0.0,0.016666667,271.7114156249638,Sad
51.934698750143454,25.26537830436891,0.0,Sad
0.0,72.3171157147957,4.665811435970241,Sad
85.44608967385301,0.016666667,249.66145118065197,Sad
56.33259086859921,0.016666667,77.0491418995666,Sad
0.0,217.8536409893124,54.39644167042845,Sad
0.0,240.52851192564742,277.70181230664843,Sad
0.0,34.062565155011285,202.75602055512374,Sad
17.86759495580309,5.865371384803467,0.0,Sad
42.00132276443595,331.54958054353267,0.0,Sad
0.0,49.797075377610824,263.23276332838924,Sad
91.08414213386477,0.016666667,138.44000781212708,Sad
28.771208334724363,284.8744185843267,79.93740677621764,Sad
9.440459860900532,252.2699875625278,358.2831488826288,Sad
59.7673941443942,172.92337464163316,233.41152316168572,Sad
0.0,324.03067159879663,0.0,Sad
0.0,472.0361641261119,0.0,Sad
11.494673409542214,132.95611415345934,164.7556053865998,Sad
11.012997317990322,0.9909664652482064,93.77605675133657,Sad
0.0,285.89547356429307,178.53343675432436,Sad
59.852365339252955,0.016666667,44.55145666160011,Sad
111.6505748861675,0.016666667,116.24648197181457,Sad
12.741098448343262,96.1586231923153,3.5236332301784756,Sad
58.64257038968334,136.5452978009753,19.22542354894992,Sad
32.04868844505124,134.6523618454824,161.2777486874532,Sad
0.0,331.09364628293997,41.280283178719436,Sad
44.00880882725806,107.63103865745218,76.31184875383363,Sad
61.089368614258035,21.87050043008267,157.60951606334424,Sad
20.590840684881574,0.016666667,52.86168570387441,Sad
9.86273542262233,72.7004666294454,215.63513390453073,Sad
30.1417155774379,84.21623966777733,186.20086762514455,Sad
50.78728137004438,42.63435108563523,145.8669659297065,Sad
23.89396531208543,212.1772947121614,156.45778726448776,Sad
8.033215595527405,0.016666667,56.47840075748214,Sad
0.0,286.40550403337943,210.65976678675025,Sad
18.107093759910324,112.24479817074695,0.0,Sad
30.133128220137067,253.61776239646022,0.0,Sad
66.73880862930737,256.4709953689455,0.0,Sad
79.42864519891684,0.016666667,100.32343896670064,Sad
58.73583043705827,206.68741147324596,133.81965769763593,Sad
0.0,141.80304183010188,94.41687706354094,Sad
76.79919153899591,107.36462856992031,86.04569773857261,Sad
0.0,26.9446398614633,207.86051174173693,Sad
63.62630963499103,0.016666667,157.1003666407008,Sad
51.98667280388946,157.09707594530522,0.0,Sad
65.40189673047978,627.2362912316712,34.48250896762985,Sad
0.0,260.38153360865476,0.0,Sad
0.0,0.016666667,0.0,Sad
0.0,0.016666667,170.62342395964166,Sad
0.0,123.83597765880148,106.3817917190815,Sad
0.0,57.80742929073427,172.97775008065946,Sad
0.0,0.016666667,281.036741322246,Sad
42.577363794046846,216.13742189625913,96.49205968170246,Sad
68.46767356332863,331.4240679048935,198.91511225858284,Sad
87.63007863700668,245.8471676811496,75.30225618076787,Sad
70.71698409680427,0.016666667,0.0,Sad
54.42528157884408,228.051298468334,158.50257105172886,Sad
0.0,325.64570612755216,34.93830200636103,Sad
22.345085215825062,220.82491163908946,265.4930008345966,Sad
0.0,608.1567958139927,96.74983035921926,Sad
30.828264777662,24.985285358462733,34.68500789901357,Sad
20.031449102734296,113.44867780039087,52.4388924446318,Sad
14.58484631174482,225.26919136716123,215.2531534143112,Sad
80.62449515431445,273.13069031022667,0.0,Sad
0.0,0.016666667,46.3308144814127,Sad
15.052124871814527,0.016666667,20.76998406236497,Sad
58.08155562379842,0.016666667,0.0,Sad
46.93437270847027,197.195277989864,0.0,Sad
43.36932103508961,304.97930490902274,59.83195930681289,Sad
58.78675800237896,0.016666667,4.8134363281216395,Sad
37.53431755640173,0.016666667,150.64089109131152,Sad
0.0,0.016666667,57.00123468773057,Sad
0.0,48.516659314978384,80.01044278841186,Sad
0.0,38.17034676612364,285.47374389329843,Sad
33.29335265648619,0.016666667,37.81238472978851,Sad
73.72102914512077,329.0500952925471,43.86584656170027,Sad
97.62851931749437,366.74617699267753,2.3799612923903624,Sad
8.919641167372344,316.3615866951892,340.58062013714,Sad
47.59917446716654,477.41337116076807,38.06303869516045,Sad
29.693811849849844,0.016666667,192.64916999663174,Sad
78.61688877821243,105.25333452196408,0.0,Sad
0.0,51.9438158433533,60.21981212692923,Sad
20.63697854709214,0.016666667,15.29615469892034,Sad
112.81662023987894,165.46266599253738,134.78030401865232,Sad
0.0,43.44632985793977,116.51051366407324,Sad
52.12393150777804,36.846737503373376,0.0,Sad
0.0,79.73003226602717,234.73063398382325,Sad
126.61319531345127,290.8527904522225,0.0,Sad
0.0,105.61303278050279,92.69990962409929,Sad
26.054920525840927,91.80726983815946,202.69354713400992,Sad
63.024737049261674,0.016666667,145.48017530683182,Sad
3.4158701841074084,182.61584766534568,133.68883594399057,Sad
22.493060130947377,108.21339702088265,80.16989617248059,Sad
0.0,470.0857351653019,0.0,Sad
54.76845262224646,0.016666667,302.9960386069879,Sad
55.38233723147877,30.559295909438916,60.47531706729039,Sad
33.67262949060572,273.00059134499986,30.96126638023795,Sad
52.605418543151096,30.11395395107249,97.25479691417269,Sad
129.8531093977461,206.61213900082993,137.7244897111585,Sad
0.0,0.016666667,3.4857313756726143,Sad
0.0,339.52782061099924,63.80608684256918,Sad
0.0,81.7256881971561,23.514687297889814,Sad
76.2474565027318,0.016666667,104.52607732916042,Sad
0.0,361.1432308529535,0.0,Sad
49.06254181584323,313.05961926036093,0.0,Sad
0.0,112.1934231418341,10.247999011379093,Sad
69.77809626248718,335.83361103197853,125.64208085428878,Sad
61.510959001203716,0.016666667,88.82889255107919,Sad
0.0,160.10201366866124,283.330436471707,Sad
0.0,0.016666667,26.082964636430106,Sad
21.682307467578603,358.48057512602963,266.5878417665409,Sad
77.33569710932116,99.73774401370515,236.83551734496083,Sad
3.9431125654617176,227.31226483861855,0.0,Sad
6.251019464314556,0.016666667,0.0,Sad
0.0,102.08485701394517,90.48754212915902,Sad
1.0959739945352531,79.14472260689647,25.905543491194194,Sad
55.81599097560542,292.03217614474124,0.0,Sad
0.0,90.79882431830904,0.0,Sad
17.689574382506624,0.016666667,13.401468157145416,Sad
0.0,4.7073569215458235,314.4646417233141,Sad
52.32226236308438,160.2640905244445,0.0,Sad
0.0,0.016666667,350.65953155536056,Sad
14.06220414168813,282.53195421450255,249.07257906559565,Sad
0.0,64.26767474002114,67.49783640681466,Sad
32.866905631311596,0.016666667,10.88138262170905,Sad
30.125317366457864,0.016666667,0.0,Sad
33.64570901738645,229.07040689324748,91.67990429882491,Sad
23.177693942816656,174.8554460755957,0.0,Sad
55.82191461721456,168.89722562015953,116.143114238349,Sad
0.0,0.016666667,0.0,Sad
35.94304918256413,0.016666667,92.25393486068981,Sad
55.37329415866408,16.529599758663267,72.22444475154185,Sad
0.0,139.46697603413855,0.0,Sad
0.0,91.70083684951186,99.29873862308777,Sad
47.65178117936441,315.8903463361677,2.4239369005025964,Sad
22.300291562506526,50.6108952079034,0.0,Sad
34.99671075054747,167.1689540678579,95.97098312668341,Sad
19.05983737449537,0.016666667,185.21598304557307,Sad
43.1625782011849,250.25763489778683,0.0,Sad
50.547874900167486,0.016666667,183.88718745914912,Sad
46.90068350866251,73.89981817786348,0.011139633899659884,Sad
42.568116092746905,122.70280757463652,130.8330469677967,Sad
102.25661275772434,302.79125304567776,240.73438554747545,Sad
0.0,75.17183601284793,101.27084876250296,Sad
46.03382646728935,21.353315551542636,0.0,Sad
46.3346730917843,0.016666667,0.0,Sad
51.35368522388541,90.699715652267,163.37330157739535,Sad
32.27746017996742,59.13453875215137,0.0,Sad
0.0,191.99200365949247,57.58778443102557,Sad
0.0,85.10044001725284,50.29593136309638,Sad
5.933641043678378,95.26528549192689,2.0533136415036495,Sad
125.25328661613156,6.499275249537533,0.0,Sad
0.0,295.45649075308233,0.0,Sad
101.31221163853732,0.016666667,94.29443940721052,Sad
79.12864373270293,153.40361755049273,0.0,Sad
11.623827154457842,51.75198341249938,231.9459556102501,Sad
91.36513621171046,0.016666667,0.0,Sad
85.60964119049692,0.016666667,0.0,Sad
23.652422062002948,202.4477358522659,10.141454125310943,Sad
45.156965163291375,182.40709375729193,285.47940502544736,Sad
0.0,175.16831326576377,165.53790484561995,Sad
11.552294663577957,201.21317957045474,168.40379526580847,Sad
16.162065308550318,0.016666667,15.915311797223808,Sad
110.07718979945672,5.900321193848754,0.0,Sad
0.0,27.807755967946704,27.933197899899184,Sad
36.97581020297963,41.14238315021756,0.0,Sad
2.5420463282774115,209.47635124394066,250.46067226453934,Sad
128.98291077895303,18.808448781497148,164.42658490832642,Sad
27.713154028579723,0.016666667,0.0,Sad
0.0,154.7732160250793,90.20165083691427,Sad
100.88522756069982,0.016666667,0.0,Sad
11.212158342882157,193.6826985109489,274.768266016761,Sad
0.0,81.34448457174896,0.0,Sad
31.544341168209684,77.68900294811377,143.9499518443448,Sad
53.04829413042724,67.3365279870604,208.437723426438,Sad
57.14100374712446,92.55013568950885,0.0,Sad
0.0,141.71091720085963,0.0,Sad
0.0,314.5546982847062,0.0,Sad
0.0,0.016666667,83.92358580199473,Sad
33.46698955989353,171.43693391227345,69.54400851122199,Sad
61.671861820931056,315.38309029515403,155.7202993649629,Sad
0.0,164.33996595980665,87.20799383814476,Sad
0.684265489408201,0.016666667,0.0,Sad
164.3175228982174,223.62302811757937,0.0,Sad
53.052230640322875,322.3500710293514,146.74444410175565,Sad
0.0,81.15523247725292,141.89380948951035,Sad
20.89547474137731,41.88412897499881,65.90353390730361,Sad
95.43541089062812,221.70698422840513,249.1587521439808,Sad
56.11388643779934,317.46367161601654,253.87863573469534,Sad
111.54254929209173,292.07062911861453,227.67055976533473,Sad
65.2632345310307,393.82944107985566,430.62174981344833,Sad
5.447769074473388,0.016666667,0.0,Sad
127.68670597535953,25.429450944160806,30.013131438539943,Sad
61.01051711906264,348.3426580796878,60.28150905393282,Sad
70.57021118696638,0.016666667,152.42812937978596,Sad
2.2004084821999577,82.060473561072,0.0,Sad
0.0,199.8184198157759,66.2534980659243,Sad
72.60207992757779,0.016666667,97.07486699313716,Sad
64.14615834240142,78.30883511452807,66.82681524673653,Sad
0.0,203.5527653675401,0.0,Sad
0.0,0.016666667,225.9774823839126,Sad
50.13798279622464,306.5262268487576,0.0,Sad
0.0,146.9442404178429,0.0,Sad
53.21789672995111,308.6224325717451,130.53330763545767,Sad
0.0,0.016666667,37.398177166853664,Sad
73.2976005159332,341.7074366385053,0.0,Sad
11.70670256812643,155.28212794644458,156.7739524008024,Sad
83.35450051944792,90.58973444999745,0.0,Sad
73.26948220435554,283.6728928907954,123.68350857782377,Sad
68.89514572818531,253.84834561711483,123.67945878242594,Sad
93.77950046439337,298.0044162642072,204.4229890425748,Sad
53.46016318454488,141.50677466003836,82.1458116796574,Sad
66.0531124495718,140.9341630597395,232.03169053021503,Sad
1.0415947851063976,199.75664264257694,0.0,Sad
22.814451506219527,23.56817407209779,55.4810436161718,Sad
0.0,115.71104569243501,172.98116587611736,Sad
7.9266274147728275,0.016666667,160.63590161257181,Sad
0.0,14.682266653658914,101.37808504849,Sad
69.2876391816325,42.132965267666656,41.551161447272364,Sad
42.45688328524125,148.08522395368308,55.4549992754593,Sad
114.41258948264155,62.95998321425317,119.2677510557972,Sad
107.10447957513693,94.98285133282289,268.68863521232134,Sad
46.24159942348621,198.3414688263275,0.0,Sad
0.0,438.99772706806425,297.112694125755,Sad
0.0,233.29129565948392,0.0,Sad
71.65652666773025,293.3062279536269,0.0,Sad
0.0,0.016666667,113.28030692784677,Sad
0.0,260.7597529944172,0.0,Sad
0.0,81.9191879165356,279.25799298304355,Sad
43.13603504493794,0.016666667,50.9160174861108,Sad
2.413951564934923,106.54990659595622,169.82973950195407,Sad
0.0,144.2533244951408,129.67651555041823,Sad
43.36764489285431,285.13980083292654,0.0,Sad
88.03666554745507,404.7456157118294,177.75412454698008,Sad
118.7657619626023,0.016666667,304.221193361672,Sad
14.581839147096112,98.3412016448551,0.0,Sad
74.78566544263758,34.643870426294285,0.0,Sad
27.557686712318507,231.87771007904587,40.31974331507437,Sad
54.474108300240275,119.48748025441955,193.5311679412325,Sad
54.00471990064617,93.03341113792791,0.0,Sad
70.91679174710858,21.69148483915295,71.7108686543,Sad
0.0,64.74984239548455,0.0,Sad
0.0,304.6257587633344,11.204482630647945,Sad
39.158376757867266,32.64311095829403,0.0,Sad
56.64511933522817,250.18994816598217,31.859873674206696,Sad
86.22577237607429,63.74937292074393,34.44250956864641,Sad
32.474493852970106,179.84792771592902,246.24751633390903,Sad
0.0,184.76873115961314,76.3238428218211,Sad
54.56979483622313,5.42789466027574,94.90449134547414,Sad
26.410816899317865,181.8039381506057,147.5365827585751,Sad
22.030014090457904,349.87327239480805,63.009152916601934,Sad
9.124397678656226,48.19351891212898,154.5734657900619,Sad
0.0,91.052004509759,109.75597738899438,Sad
0.0,0.016666667,0.0,Sad
95.42676594725657,305.2634744652342,129.23663791621436,Sad
0.0,205.89998173007731,35.91933778607973,Sad
57.9557975913489,0.016666667,79.7077460559342,Sad
80.2476740172176,31.843464114525844,0.0,Sad
21.62871387470571,179.50212724284043,111.97030184785419,Sad
35.8158099890213,236.65778146545998,123.75311412041032,Sad
7.970504301726422,117.96839997327884,186.08599118049318,Sad
56.97258074533413,57.836036592088135,0.0,Sad
0.0,115.22662548357744,188.19186323136933,Sad
45.608366140399454,21.657052899055586,100.7717819733988,Sad
33.37491926357558,198.6860173419255,72.0019616952547,Sad
6.162005651952189,0.016666667,102.85470085152576,Sad
0.0,69.00733789792426,131.52247785429617,Sad
42.26258766167621,170.17642757207076,0.0,Sad
55.63427007559836,15.644303364803974,276.25593691526217,Sad
49.92804009371603,0.016666667,0.0,Sad
19.266411411210367,0.016666667,130.7527109803098,Sad
53.05003331947616,224.63244700090763,0.0,Sad
0.0,196.87996710932174,0.0,Sad
52.93502161353619,189.54745380221692,170.93701931238067,Sad
0.0,0.016666667,39.01556097542676,Sad
6.561754812539711,179.2999864630935,14.91462470013542,Sad
0.0,383.3200597175162,0.0,Sad
41.389356205670516,26.550119180711135,26.48125688759103,Sad
57.26371591080157,153.14967485307602,65.64190474118992,Sad
28.762047547591735,23.442061046368877,77.11604943700787,Sad
74.78556349762901,112.86416282403725,0.0,Sad
30.51613870177215,0.016666667,134.2432586790073,Sad
39.109456584393115,197.68577629390487,189.23024963911536,Sad
0.0,44.56489635617674,0.0,Sad
112.3920227431045,31.322565598632835,130.79538928435144,Sad
4.3358573909238345,313.6261971926151,102.08800005624374,Sad
27.52062346202713,0.016666667,20.118200430333168,Sad
0.0,31.524436902847626,177.51747560275555,Sad
35.27577823802312,0.016666667,0.0,Sad
0.0,105.10291489019711,142.73752012863173,Sad
14.526122210958663,79.79935283027342,213.03977724968738,Sad
0.0,91.38966958971517,59.270900494962525,Sad
108.12643470935177,168.63905711154132,143.73221254546905,Sad
0.0,227.47642052849565,148.9808246019782,Sad
0.0,124.1227425013199,60.23242450124047,Sad
33.28279742237493,183.36872661300805,433.7363605555067,Sad
53.56424747475163,411.251870195529,92.95761522520905,Sad
0.0,202.67133423903317,103.96039096454945,Sad
68.97224427829404,188.24689725867336,43.27306188740346,Sad
0.0,0.016666667,203.2643032941839,Sad
74.91196306181484,73.92352074841168,148.13806644989194,Sad
51.81123374832745,0.016666667,172.89752047964862,Sad
26.727713359258374,59.18825280697116,155.2246351098307,Sad
31.72511644477318,0.016666667,27.243629884099562,Sad
47.246324771467265,56.435189242772715,249.41244152766512,Sad
87.69983339783921,173.9735749145016,114.69868843605296,Sad
73.09021298990507,109.95141057002914,328.50663167095746,Sad
0.0,0.016666667,3.7688142466120382,Sad
42.335322808987506,164.47057983291074,0.0,Sad
61.354587255498885,111.05418564057321,0.0,Sad
82.13246733931376,114.46048872649192,102.69705006720588,Sad
0.0,0.8484002076881723,111.32023697307248,Sad
77.15502868285968,0.016666667,141.89839791636518,Sad
113.0375555941821,0.016666667,25.52472038795949,Sad
0.0,0.016666667,166.96467318257237,Sad
5.597656918672357,360.7333825404867,228.71013307776465,Sad
13.075211965550272,0.016666667,195.8442829404666,Sad
5.58679461335532,27.998262146608482,194.62938644275258,Sad
0.0,79.08835538955505,189.59399122353784,Sad
0.0,0.016666667,170.28344063571345,Sad
33.54360966073435,0.016666667,314.77733500842464,Sad
28.364729101045377,1.042805138088923,20.707623311659653,Sad
52.51215735879517,0.016666667,167.78189958985473,Sad
75.48526108146795,240.0253775724398,153.49017242579657,Sad
54.95958975152317,79.3024852230906,187.9188776376837,Sad
0.0,0.016666667,0.0,Sad
118.59959817547087,0.016666667,155.21635771825265,Sad
16.350513712391667,356.24183877324026,162.91907842070233,Sad
75.14171787444907,113.66207627443195,78.92669528720712,Sad
55.60262672207759,0.016666667,38.221839344447574,Sad
1.3096350139140434,246.00197911415324,141.43299863139174,Sad
136.1173082473764,65.05359790845618,187.94951027131043,Sad
0.0,87.03468018286804,20.94596797056711,Sad
14.360284064710303,45.724032207253984,0.0,Sad
55.302091103338455,29.913300097961027,0.0,Sad
0.0,61.6121780224769,0.0,Sad
32.31307661442189,0.016666667,98.23336877818714,Sad
34.930687620129675,314.28165887082025,47.678703000528444,Sad
24.44593693143864,292.93885641369775,0.0,Sad
3.376258642832024,0.016666667,39.190573727118874,Sad
85.78254831145077,0.016666667,108.642384559243,Sad
0.0,0.016666667,0.0,Sad
66.65218854701035,295.27620737540155,0.0,Sad
74.26578271054412,57.093959150100694,182.8156193956812,Sad
0.0,263.7228054444953,250.963219289183,Sad
87.66538523968748,87.2484618084949,0.0,Sad
55.857795592561686,0.016666667,29.8357458946572,Sad
0.7644532981917145,317.67646553112587,164.90021383998283,Sad
31.482831012164205,91.61556648581507,0.0,Sad
98.45198885882584,126.5618209557381,131.4023203713469,Sad
0.09666049021337386,0.016666667,0.0,Sad
47.69988648167321,117.75884010691416,200.00645336380796,Sad
35.5021860924742,106.25227934738494,126.45076431913697,Sad
28.93373458558578,34.24631345186155,0.0,Sad
47.655728793182945,74.03550886596108,142.5802919008064,Sad
71.17549558212868,278.07417787267,31.314628323945655,Sad
45.145130774216724,0.016666667,0.0,Sad
2.6976412625234794,68.59507956326391,0.0,Sad
29.060073936594538,0.016666667,89.00011473119692,Sad
87.9343823622026,326.0543159947889,169.37481621577587,Sad
35.43900858236129,192.0057663154708,40.424539255029345,Sad
0.0,0.016666667,165.70804345521861,Sad
0.0,137.05751793397087,210.78512431725323,Sad
22.040864766533257,18.134790699594816,36.43539423283058,Sad
59.025222617079436,218.9750495626165,0.0,Sad
93.34764130500288,0.016666667,165.553502235093,Sad
40.99148176857284,259.906059572784,113.0336806684733,Sad
0.0,24.904590587625336,99.12321348662661,Sad
0.0,380.9970042545324,19.186813503048576,Sad
89.99486360228165,84.38018949740403,88.35037114909142,Sad
0.0,0.016666667,48.07288719877247,Sad
123.76694849055633,164.57879316123802,49.634596698826876,Sad
57.03932220793838,0.016666667,0.0,Sad
58.13796561599989,17.559917178211123,0.0,Sad
24.930089070969395,193.82143045316087,66.30827029755409,Sad
33.537250698989595,0.016666667,134.6782517653924,Sad
99.44724959993914,0.016666667,32.257976965454425,Sad
131.3654456316341,234.56793662451,102.36197956674978,Sad
30.38837862353582,235.54708330586115,0.0,Sad
0.0,0.016666667,97.18605900390457,Sad
64.42563715289896,143.68816576615643,251.65568472145492,Sad
53.64603517193548,0.016666667,137.2568073913386,Sad
0.0,0.016666667,145.2816148147856,Sad
63.05676584776191,0.016666667,192.81187525788224,Sad
64.83058171080297,310.20847679758765,188.7258285566857,Sad
7.763834341884902,65.36541332373918,0.0,Sad
0.0,0.016666667,177.9640710264542,Sad
0.0,181.4359108252183,42.47587315426813,Sad
71.56850548332837,32.046104497495605,351.56028250849766,Sad
0.0,0.016666667,230.08288385558313,Sad
123.4138535884235,150.1806587209612,0.0,Sad
45.02974449112402,3.444542309051073,47.79041439469749,Sad
33.87647768265895,242.16625091408912,0.0,Sad
0.0,314.12240093929984,221.58821949284723,Sad
0.0,338.5578547814701,0.0,Sad
12.510937607172213,101.3462762436864,86.20308291507534,Sad
0.0,315.25297395999,42.02305029963179,Sad
23.335200843163488,330.15021367755224,107.17252973685058,Sad
31.98229798289541,185.75764914863646,70.36082451441382,Sad
0.0,392.3993317679483,147.20400233170471,Sad
0.0,0.016666667,36.01919441683778,Sad
0.4056787406609992,102.01265862268039,356.47748050802,Sad
43.455766084023296,272.22998706746273,0.0,Sad
11.562729079879913,59.657863679511124,66.24060973965709,Sad
31.649296634725914,0.016666667,66.59928652308945,Sad
1.3217250192361156,0.016666667,0.0,Sad
10.019359576212514,152.66157364024542,267.1245152941018,Sad
41.875527463786284,210.14424445459355,276.73840953577917,Sad
8.789188881186842,329.17819298441304,0.0,Sad
137.78355070582,287.0341630974031,41.457761625223895,Sad
0.0,78.12958664507913,0.0,Sad
0.0,0.016666667,0.0,Sad
34.929824452098494,223.93133095202822,75.0186513941386,Sad
0.0,0.016666667,0.0,Sad
144.02642953774077,191.38928687529855,229.83559774678605,Sad
192.92686040369742,183.44273903342673,112.80901538634862,Sad
0.0,211.837896195569,295.872883094853,Sad
8.322167255915364,26.70370114409822,0.0,Sad
0.0,272.6458862663833,299.8227691891958,Sad
13.205077087157838,0.016666667,183.54857079851354,Sad
52.731554741607084,17.843098654213705,106.66073161930441,Sad
48.73947120111797,362.4486778874666,53.71663367689618,Sad
42.752181881395614,0.016666667,0.0,Sad
20.144139911585658,169.44374794731317,15.700193186384844,Sad
82.65707401468131,575.3477855996837,12.35352776290081,Sad
20.273843880991848,0.016666667,70.9029305694443,Sad
0.0,243.77177807544925,0.0,Sad
0.0,0.016666667,0.0,Sad
114.42840769396551,102.75147474273838,86.1487266316812,Sad
28.099446527236665,303.4195826390604,66.3287494561788,Sad
0.0,426.04973823280454,109.67835610584851,Sad
18.827648855441456,0.016666667,0.0,Sad
47.835993433673394,4.061883751447368,85.66180355384769,Sad
56.39008354400491,77.96578469195359,128.47081547452171,Sad
0.0,184.49462436728436,89.53725187691542,Sad
0.0,78.09914353837084,163.99944669056396,Sad
12.16840859474978,94.19824075289951,61.26227469658724,Sad
26.23551634384427,0.016666667,44.53256831377943,Sad
18.01950527334544,99.6135239861382,0.0,Sad
0.0,115.8829739761223,159.29150824583863,Sad
79.94434913578085,74.7496279732314,259.0122567895245,Sad
5.066349089339823,198.66262183526055,90.57579948867634,Sad
60.531219499017865,361.6228975748189,75.32102308225934,Sad
88.07567261852897,0.016666667,120.27987715618087,Sad
0.0,4.024888793807946,237.25341347286002,Sad
46.93380083315377,398.84287341359527,163.22492814899138,Sad
100.53091409863036,0.016666667,254.71095317125665,Sad
0.0,78.63014544607572,0.0,Sad
64.9852950426108,224.53785351782668,0.0,Sad
0.0,0.016666667,17.40637958978325,Sad
23.611098132548626,159.5971276755155,111.37984149027662,Sad
2.662005401287889,0.016666667,171.66729002178556,Sad
74.16171154742817,362.06099103681527,0.0,Sad
74.51211281361866,307.55565470126214,0.0,Sad
103.79228141348986,0.016666667,12.175936313351244,Sad
71.1134889143907,0.016666667,200.5763195473014,Sad
80.5290582701658,41.37889364655201,0.0,Sad
0.0,180.54847415357062,285.3008198380666,Sad
0.0,19.140243980125376,202.6285554456938,Sad
77.37904667290024,268.5330634401972,0.0,Sad
22.911011918723062,120.43467753782424,66.75548903839096,Sad
0.0,0.016666667,28.343840293992322,Sad
35.322631342974596,0.016666667,66.19074672831053,Sad
31.35002468993719,521.9339602357604,0.0,Sad
90.79905177273346,246.13931598551278,179.3812119460702,Sad
9.688469956182223,0.016666667,45.34173779843767,Sad
5.238126631410022,0.016666667,0.0,Sad
39.43036114259952,327.9659809943863,183.3339105390685,Sad
54.986706749746695,190.5628545990951,0.0,Sad
74.21908941897189,0.016666667,243.97642918041143,Sad
59.749916680276314,201.0623574378654,2.6200489450075395,Sad
32.64382137535401,55.23933003636025,241.18913743394495,Sad
0.0,285.3052007316883,0.0,Sad
0.0,0.016666667,117.05898987887542,Sad
82.02505118706686,67.43153872329856,48.864003126578,Sad
88.88804611375002,173.04021946595176,309.83752830765104,Sad
0.0,321.33295355189705,173.6941426899255,Sad
35.377408402627275,0.016666667,86.5915759115876,Sad
0.0,0.016666667,155.5512544223959,Sad
9.048839208339878,22.192471325888945,203.33725168375224,Sad
0.0,46.905815527032175,138.96670231624378,Sad
107.25823362536624,86.42453165978253,138.50627598261468,Sad
78.2545896315424,151.74059878489297,1.8409354958352964,Sad
86.34226748908915,108.7444268944356,0.0,Sad
0.028611533526312627,262.8278085127203,132.8373859352365,Sad
28.642520559160538,239.76146353990526,0.0,Sad
67.50326744284625,0.016666667,71.782001197236,Sad
131.77026341270516,25.121158861220252,51.23766315509509,Sad
68.984236175869,167.01176080643688,0.0,Sad
0.0,159.01912307165213,0.0,Sad
42.890349543150556,93.06548741910387,0.0,Sad
64.64294815669295,127.1233567915182,0.0,Sad
0.0,209.68060437443177,290.338604651167,Sad
34.4200175767734,0.016666667,0.0,Sad
8.697510753334925,194.23043439956447,0.0,Sad
32.941124458839134,34.10286874886354,146.4404335893845,Sad
27.359668031500316,10.276734248604072,53.471371061884746,Sad
94.46851555761613,0.016666667,0.0,Sad
12.96241945597384,218.24750348041283,0.0,Sad
39.005779816172776,257.761980701537,0.0,Sad
24.38170411602,291.99282439671106,15.813946877625384,Sad
0.0,0.016666667,75.17951064898351,Sad
41.253528795272466,0.016666667,0.0,Sad
97.0735338962721,0.016666667,92.72548956692245,Sad
0.0,92.14298958182171,0.0,Sad
97.00677079131901,0.016666667,0.0,Sad
58.917438352915056,233.10503644429892,47.682727271418656,Sad
0.0,0.016666667,29.207104508811945,Sad
0.0,124.90824346688964,53.97985950723072,Sad
29.006931218083093,341.7750097358157,28.29263766883183,Sad
21.52238198353502,150.8207948433389,185.79823225515932,Sad
2.8830786212743966,67.95522731236059,144.608146109396,Sad
30.216586963436477,370.41832636801973,114.36920006734644,Sad
0.0,83.00086042526203,110.14554260230005,Sad
118.01071425544896,245.34518828401855,306.6115294282764,Sad
69.59294468291033,212.69103131201234,61.00087106359657,Sad
150.5515645631484,0.016666667,57.040623497916485,Sad
73.33265681237037,250.60410583550288,166.5432771050773,Sad
0.0,0.016666667,14.778948925112786,Sad
92.44346885836138,219.96524851153163,0.0,Sad
23.534417548343026,113.8685266368851,230.46101630524495,Sad
7.302246710507728,0.016666667,203.79379957435793,Sad
31.340563014076437,191.74954464012086,73.79574103298822,Sad
72.158479348013,0.016666667,0.0,Sad
29.774928846600652,9.985897010989078,0.0,Sad
22.335836241896025,58.727044610681,0.0,Sad
33.16794396571519,255.71308275527792,73.5479106767027,Sad
60.397277680400535,0.016666667,102.798714396563,Sad
79.34477685333442,220.48698122871642,180.7145287359455,Sad
34.28285546937353,345.5262389823796,220.8738126012248,Sad
95.4927530873542,0.016666667,272.5782228972979,Sad
34.295474193789275,0.016666667,91.05513143988611,Sad
48.329763635402344,196.2525215058611,168.16232513341646,Sad
0.0,34.35130524227411,314.51873274386963,Sad
40.029540721959116,369.6002355309005,134.18176006521423,Sad
86.58018500312797,164.9972251272649,85.84387203136673,Sad
7.443655564023732,54.201326080497616,98.02093741684081,Sad
0.0,288.79368916055773,0.0,Sad
53.872093330342516,277.13262393427283,110.94763136929107,Sad
0.0,103.13088507491206,256.7626451163346,Sad
0.0,67.73161596624338,0.0,Sad
51.09792784168096,0.016666667,75.66980445126717,Sad
83.57838429962237,0.016666667,93.78780608489184,Sad
0.0,236.9884822097044,0.0,Sad
0.0,460.7984027622035,0.0,Sad
98.8533358821996,383.443227727503,149.55318584441568,Sad
0.0,25.028041352924603,0.0,Sad
12.335820450077916,0.016666667,115.4550830948868,Sad
62.64860688164593,155.91904631076454,123.38853748417364,Sad
0.0,252.71596111244563,114.33334913067858,Sad
29.628617741772757,314.8680456011617,82.26556478336828,Sad
0.0,0.016666667,103.82462291849052,Sad
52.0233619223488,8.716803695493155,25.781452275963133,Sad
81.65442526794519,19.246227959478347,214.15905949972955,Sad
30.675750205841656,77.89699610700376,91.54082831267232,Sad
0.0,249.11800241287,68.46125115336741,Sad
0.0,158.07003344831534,158.69752973587106,Sad
0.0,35.74504621006362,144.9535524564747,Sad
79.1851850337499,26.530717896283008,0.0,Sad
0.0,39.227587739801244,66.16912360363328,Sad
0.0,17.884804844024075,207.89980285947212,Sad
19.533832012912566,372.60850169685864,52.30843261208174,Sad
39.866341575273964,254.35131756835386,87.5419736469383,Sad
85.7999256354604,124.81698346635771,90.98434809107181,Sad
7.973619662118882,141.1240082084766,194.58945701850251,Sad
121.48942514744071,37.32306811118586,55.105366925946086,Sad
30.67019398271096,178.1295104548488,98.91322149076936,Sad
48.62109028426158,121.34426911596617,63.484982704151896,Sad
22.393364265678922,226.14414638658332,108.9001829160155,Sad
0.0,128.1427955355013,35.524302354747284,Sad
51.28811642909111,228.6173700331728,0.0,Sad
58.27214972933551,65.59485622386222,81.37919374443237,Sad
0.0,14.647508654271007,219.5668847950008,Sad
135.44748712850077,87.63037701110778,95.42722314011816,Sad
63.333293755936424,44.2108409523614,47.02752801427961,Sad
0.0,125.4689560013909,137.93800241377625,Sad
0.0,0.016666667,127.27590382389954,Sad
0.0,83.62621537637307,139.12443125695734,Sad
13.757490480282547,268.3832873183136,0.0,Sad
45.3918205823624,80.80418867251616,193.03538075562182,Sad
0.0,64.61846605060586,169.9645697263532,Sad
92.28679967522925,262.1746784672272,0.0,Sad
16.599863924364172,0.016666667,117.3892523917734,Sad
42.83411563552613,222.5399177284462,0.0,Sad
25.961619992951317,0.016666667,128.80064510062275,Sad
0.0,0.016666667,47.390758146992034,Sad
74.66552238322603,353.62795603478514,137.43136074740391,Sad
0.0,252.93542719389347,36.475246126138835,Sad
6.099787263709896,0.016666667,87.05368041439755,Sad
22.846345827647525,204.21200840256637,0.9460040955470674,Sad
98.4875041436494,0.016666667,29.366717100743706,Sad
87.32013836848562,101.82341929064104,63.32820234666757,Sad
0.0,152.74800560293568,93.99065934092465,Sad
26.245689440085204,136.16309739020494,201.07588704770666,Sad
0.0,576.8856652276222,0.0,Sad
24.81387467298054,184.11376822706063,62.89034480914972,Sad
95.12369861015509,184.01594573578578,0.0,Sad
47.34508167913018,87.91440631839882,79.89303956045593,Sad
0.0,318.0121631611262,204.97850285838751,Sad
30.224207515461327,119.73010402583671,0.0,Sad
74.42406386480003,241.80508085814816,174.83850040368657,Sad
36.93495770292611,92.80870453373913,144.6626988581469,Sad
24.424131256056743,165.16083381336688,106.45203953547124,Sad
63.7961785241383,149.81314370031572,0.0,Sad
0.0,15.147776509428823,12.184784210208008,Sad
41.080375870438495,15.23015363928154,265.19420918379933,Sad
10.493820861969063,0.016666667,135.48442430804926,Sad
49.95259377995727,421.6277044394609,0.0,Sad
64.70014917681513,0.016666667,0.0,Sad
36.48082832235515,0.016666667,347.70873971528107,Sad
0.0,0.016666667,92.38498977802773,Sad
15.175285233441016,113.09529419962288,0.0,Sad
33.55532787376777,121.37240937830934,0.0,Sad
12.245665927904378,228.280211706452,171.75268569225761,Sad
66.71178978521903,0.016666667,71.80334943073672,Sad
28.351749452391527,5.04295042349726,283.09632327573377,Sad
10.13374538948217,88.0748972775421,99.7119820502581,Sad
6.112416330539578,0.016666667,0.0,Sad
85.54898367943933,0.016666667,162.44084413419364,Sad
12.694791723495333,57.94391021367141,0.0,Sad
34.833449916780864,0.016666667,139.67821346071855,Sad
43.139236168848385,353.54805933508567,175.1617672781736,Sad
0.0,297.83550658604304,0.0,Sad
59.4657725303514,100.76376331415283,169.82965194893598,Sad
40.83190798893708,111.29423433571353,19.075595385497543,Sad
94.86455408210765,89.54498134609591,0.0,Sad
70.00052496789945,319.79950297488676,197.40577285328283,Sad
16.97118526614626,75.39693594393371,211.84864555423806,Sad
51.280890511345945,78.64498470194667,27.33806834638259,Sad
59.74956916300597,0.016666667,362.73846966840995,Sad
6.796088227788861,84.92593786864605,0.0,Sad
68.41545409432415,221.91414215816235,0.0,Sad
99.84417217248429,339.42593042579256,0.0,Sad
0.0,132.2152383768311,158.74867607542905,Sad
81.058463814234,142.30125080174582,0.0,Sad
14.711399531898897,31.08840456851827,117.85264284919316,Sad
17.561764726007453,0.016666667,139.11760921221702,Sad
0.0,146.68573061487615,6.578918860253921,Sad
48.115961934841586,19.061099725589543,0.0,Sad
0.0,0.016666667,120.59342972146736,Sad
4.445636198775976,0.016666667,217.05845771805377,Sad
32.23888860929331,165.61294934076858,275.71204693258034,Sad
0.0,204.48160812972128,5.601066562850107,Sad
0.0,0.016666667,193.56918734536546,Sad
28.429036729011038,204.60404907686723,0.0,Sad
0.0,11.355754869876222,0.0,Sad
0.0,154.02274497800664,108.95643178404119,Sad
11.95588726613507,162.40998881308835,31.842771924990615,Sad
63.69883256848581,168.0398618792048,0.0,Sad
121.15171483465768,110.269258796872,0.0,Sad
36.72023101860822,214.33432786034749,161.5613832825295,Sad
74.02705699316591,39.50748366607599,68.71526891116073,Sad
17.684658812869408,193.3576557326943,207.97098965397495,Sad
0.0,15.966378389715587,0.0,Sad
27.000810663254722,104.24572550114782,6.685088530293967,Sad
93.28553490049444,0.016666667,232.07257302516916,Sad
13.352816936005105,0.016666667,26.537399918870065,Sad
63.34299217180886,261.0624159817393,0.0,Sad
150.27549056913477,261.13212570665655,37.5488790281533,Sad
0.0,0.016666667,162.89465250911832,Sad
0.0,188.40606838026238,63.37972433855495,Sad
0.0,50.36856594728641,0.0,Sad
57.8694484905879,462.2581455021045,0.0,Sad
50.36734771464625,94.84253394370297,0.0,Sad
14.261950594550928,0.016666667,21.283122759295296,Sad
0.0,376.7985542441302,32.46757775308598,Sad
0.0,232.5157735279536,56.72231574421876,Sad
40.21546358213958,47.857906624606,162.73519946466945,Sad
46.54063952476308,45.93035732488322,0.0,Sad
1.7652595599028693,296.1587847157668,332.8183522410305,Sad
68.9777812420322,225.64784245597505,302.53823868163647,Sad
0.0,0.016666667,81.04794470249183,Sad
20.16035429821279,221.7655877612067,0.0,Sad
0.0,0.016666667,2.936298406549895,Sad
116.51669813862712,224.79936737061973,22.740832332884388,Sad
46.082809588540755,0.016666667,138.1916684618037,Sad
91.23870135480348,117.46585042354366,76.25788386419462,Sad
48.23464452455475,0.016666667,83.11908632275421,Sad
51.2702558138585,98.74122780960941,0.0,Sad
0.0,158.73807027102026,47.17415090274085,Sad
35.96146046940703,120.46970410876668,129.86407681984207,Sad
120.03955929759098,196.9706006002428,182.97469504959003,Sad
122.95949755364693,0.016666667,264.473823624014,Sad
49.22610417237105,341.3914484246985,143.04290133708236,Sad
0.0,368.2729094319418,250.61214291028972,Sad
104.76024684374292,494.24048975347284,0.0,Sad
0.0,0.016666667,196.54246394230012,Sad
6.169452422830698,233.2718349969686,175.1177931720648,Sad
76.38730730616263,310.22983699454164,1.9383822224191647,Sad
0.0,28.82347016530605,233.77904692815332,Sad
27.009516937992487,121.28934073533368,94.75182201790446,Sad
39.51478026044782,334.02860895063,192.80436932299358,Sad
27.707106553974697,0.016666667,28.25720562455843,Sad
31.137360765723066,0.016666667,0.0,Sad
35.40738080894112,242.66792245013372,152.81294423525674,Sad
0.0,153.09887433618394,64.79505955165064,Sad
39.35461265888998,92.25092957313427,78.03904835939197,Sad
54.71023536534995,59.423049385828065,0.0,Sad
0.0,158.03685190808076,0.0,Sad
107.95153447994171,272.382969909595,0.0,Sad
7.852686393262157,55.678290036058414,89.9599108278297,Sad
84.18072257958987,36.59166287579127,31.547249735695864,Sad
16.0414361483504,137.6944310501958,0.0,Sad
0.0,223.3704231437685,119.4187449608531,Sad
0.0,69.66129649023674,347.9937345371033,Sad
5.383138722862913,0.016666667,48.093217884878236,Sad
34.01278371650376,217.8434476776518,165.5975832527418,Sad
38.19504828581978,54.71408326932507,224.9891650269269,Sad
0.0,166.50778759612643,0.0,Sad
37.59375193162213,16.34514006184412,187.1224043074671,Sad
4.7793625092430965,0.016666667,59.710207423865,Sad
0.0,0.016666667,0.0,Sad
0.0,104.17296661983127,0.8069728400108005,Sad
22.354756836643976,0.016666667,0.0,Sad
9.238721718411053,0.016666667,0.0,Sad
80.60960541114939,300.52935551103116,0.0,Sad
60.95605211475615,153.4697051969493,4.999440271477852,Sad
3.8093878458453894,166.64722073826766,203.13725382423416,Sad
76.68191697679812,385.91263457707055,275.6565829744151,Sad
17.104609432882565,3.2159506532494504,83.5551261365305,Sad
66.14822273450984,123.97338281825968,223.0949619108223,Sad
0.0,0.016666667,0.0,Sad
0.0,0.016666667,139.32437614588062,Sad
26.522804219507343,0.016666667,33.329115662260506,Sad
0.0,308.6940576142815,132.956916312671,Sad
40.85841079693277,246.2601064029972,18.98739727567977,Sad
64.18439334728434,194.88553052994718,89.48390632783462,Sad
82.7797728571031,152.9646039129748,121.47735546852229,Sad
2.6616300315963315,213.9705161388972,17.31250567272177,Sad
0.0,0.016666667,84.95419067178453,Sad
145.00307147021704,11.489963630353785,23.778015335299713,Sad
0.0,234.98075067484498,20.2703851202655,Sad
81.56248387648276,118.45321503613741,106.69285258950977,Sad
0.0,0.016666667,0.0,Sad
11.299406533466028,0.016666667,310.22432794488725,Sad
93.62309514668196,152.77108127858295,0.0,Sad
60.125264848233826,171.4078970430391,12.31853750897477,Sad
0.0,225.7951237915545,107.85730692344839,Sad
29.85824123259415,0.016666667,208.75355208872753,Sad
56.25785838695225,0.016666667,50.92022195360365,Sad
0.39319591640009577,347.9429113372478,0.0,Sad
73.2655715783803,405.96458386370455,0.0,Sad
64.27795155460883,0.016666667,122.14593390783196,Sad
0.0,0.016666667,51.43659286480748,Sad
22.714215742668003,103.40492523877086,0.0,Sad
28.692306701516564,26.369328352136222,74.60589183485529,Sad
45.286469178510714,65.05692279088086,0.0,Sad
40.683550280445644,237.29984374819654,68.62786902428383,Sad
0.0,49.26319496369406,73.81631084331781,Sad
55.78320287828291,193.28878939526845,116.44961456092625,Sad
47.68199220113938,0.016666667,59.347325567501294,Sad
111.75560589786213,0.016666667,290.871992112778,Sad
34.745717185303675,0.016666667,57.220143845583436,Sad
55.930209828318326,305.8944298274781,117.14965509072914,Sad
19.335652600911224,0.016666667,25.886257594751868,Sad
40.61438265897013,392.1385312331139,222.16448504983288,Sad
59.7727045149681,0.016666667,8.965036113031516,Sad
28.39696065260909,195.7784765430681,98.31411708086014,Sad
45.777460355682,0.7467483759512987,94.83474664891033,Sad
0.0,0.016666667,95.43287635811006,Sad
0.0,138.82182322805642,146.34381789286675,Sad
0.0,56.004719882234674,0.0,Sad
57.394741081974075,178.1761517407291,0.0,Sad
80.71616413373265,156.9819499466068,219.97301316843115,Sad
0.0,234.97794415110386,25.404934201556458,Sad
6.15645675980808,139.14212273459486,162.83192764160134,Sad
33.98375969931169,324.5079943044146,0.0,Sad
33.55229909899748,0.016666667,267.1721601781878,Sad
97.77481626727172,0.016666667,31.385837865817884,Sad
0.0,117.62247493732059,147.86882325352738,Sad
17.084331775561708,352.9693367303828,71.5563140466996,Sad
0.0,26.457718305564924,46.021116116714424,Sad
40.25436416976413,0.016666667,186.61371813424995,Sad
48.082904364042555,260.83800861289285,241.3951624706031,Sad
66.5011348558256,176.1535597189625,0.0,Sad
61.57298940344573,0.016666667,0.0,Sad
3.6016960469762473,25.761498469202223,176.77760137822764,Sad
146.58535408223355,0.016666667,89.33029430291832,Sad
103.90170875712145,159.79412175228597,77.32531540451217,Sad
46.076279600743064,0.016666667,290.7226774473807,Sad
47.56349926924675,30.606860206736684,122.30140861701267,Sad
79.87125805106132,0.016666667,230.98313249913872,Sad
18.371599156689168,1.3348603765553406,110.14670057592727,Sad
1.4966059580977777,322.4875606670038,0.0,Sad
38.42894520999249,190.2363889188286,11.997807731533968,Sad
32.42538408709975,372.88671930402813,0.0,Sad
57.91385414659368,204.66421111714453,0.0,Sad
38.36372441876676,0.016666667,126.62297766556176,Sad
0.0,119.72974429437468,0.0,Sad
0.0,123.80364745576465,23.623219728124504,Sad
53.699611505919364,151.70944470480458,64.20325501836965,Sad
39.95212901330737,0.016666667,71.11443794575078,Sad
0.0,244.96086150797862,71.15088043430781,Sad
79.12426770897129,46.792862668924315,0.0,Sad
23.76686787557296,124.83106718748687,108.17003736520313,Sad
0.0,71.38558705790192,0.0,Sad
77.08222890189327,113.33792635494898,0.0,Sad
6.013027749478198,0.016666667,329.4626193595939,Sad
0.0,148.10516002248477,95.71553301940948,Sad
0.0,0.016666667,120.53651416801875,Sad
0.0,0.016666667,0.0,Sad
0.0,281.0529944214206,261.7313912906076,Sad
0.0,157.7991994213071,0.0,Sad
0.0,0.016666667,16.64398437618018,Sad
0.0,230.00691193048715,23.377791579807635,Sad
9.659632164973644,230.9834420870043,92.8496115250238,Sad
9.893462322678568,261.43089708918944,144.92163663125103,Sad
131.3454745660568,180.0329440210889,16.256672577731358,Sad
0.0,323.7547810975018,177.55297757095968,Sad
46.17388507348551,112.91972497495814,144.00667041542403,Sad
54.57405187362501,92.16802278487931,44.2260789482889,Sad
28.27258740444791,196.37688906896375,0.0,Sad
9.334488857696293,124.50367627732884,54.732906698380646,Sad
1.7518303860951612,0.016666667,313.10321442154805,Sad
78.70908165736253,187.4271680647067,51.061090824339914,Sad
8.79831759544905,164.5033847137099,62.998999673709676,Sad
75.40487907107963,17.66619212360429,270.11207350245496,Sad
93.65719760755312,0.016666667,20.302812599952667,Sad
64.28803435969665,0.016666667,62.690062035560025,Sad
7.762485938565096,0.016666667,315.16953322556674,Sad
42.39169450471849,0.016666667,162.51768386617456,Sad
24.55325355257418,34.590581451023894,273.66571217897155,Sad
11.404426931356861,0.016666667,194.00449937847395,Sad
49.866608441743885,0.016666667,170.15748449209048,Sad
53.09788040010912,76.0158442006202,0.0,Sad
0.0,0.016666667,0.0,Sad
5.038891653778649,0.016666667,169.43155179243453,Sad
0.0,0.016666667,215.96336679138773,Sad
86.71824784353635,179.465917320995,0.0,Sad
0.0,219.72924879594854,125.39640251077057,Sad
52.9579602958614,277.21160294645165,0.0,Sad
123.0665156827288,187.38121422956442,0.0,Sad
33.94023088835356,242.8626161757692,0.0,Sad
0.0,323.2769553651261,173.67802797009858,Sad
65.2760345085225,257.13317141470407,189.30264137469914,Sad
0.0,79.4605594233901,210.15477549604284,Sad
58.68656001484814,0.016666667,131.62730931380256,Sad
0.0,84.18057134320665,212.6380402354906,Sad
75.16333381550297,203.09934450994055,0.0,Sad
44.13546205625279,32.40018252906347,7.339202820185463,Sad
0.0,131.8330233571257,217.49734067293156,Sad
5.745655393850477,0.016666667,196.64398061066908,Sad
2.320380793879284,0.016666667,126.50084254982681,Sad
68.51525071417952,235.44025574939766,126.03863867338994,Sad
61.26082787386993,0.016666667,72.5511421771834,Sad
0.0,0.016666667,260.70112504294207,Sad
12.656914763218749,0.016666667,81.37062782076411,Sad
4.128664525778721,174.641957822667,191.37102538674966,Sad
69.5198936070042,45.03414069675353,353.47274493137485,Sad
0.0,197.06187941091054,6.5459475646562595,Sad
42.19623645629632,112.40188058822946,214.6430668322668,Sad
36.204892368130395,104.44786137903253,85.05364096910549,Sad
12.91904487097037,320.0483043167935,0.0,Sad
0.0,387.9845747878577,298.57260117623,Sad
62.2279657658751,124.69063010858423,15.297768941648904,Sad
78.30212714563977,310.10122038882764,123.04216973771281,Sad
75.90382330571727,0.016666667,156.15945987949738,Sad
72.26618864771196,87.45483930498627,13.680761881059247,Sad
31.296517176157728,0.016666667,33.42085169445246,Sad
68.64097042326375,0.016666667,0.0,Sad
51.58862852327778,170.69403572222404,0.0,Sad
1.624403565531388,0.016666667,0.0,Sad
0.0,20.791494015852777,0.0,Sad
7.604888437284963,60.9589428853444,79.67440477963045,Sad
49.56493010346071,0.016666667,0.0,Sad
28.444191718432773,58.796001571463535,0.0,Sad
26.46817396747142,0.016666667,30.99863907079984,Sad
42.47744550462082,261.34669443486086,0.0,Sad
62.41423898477454,4.146762994483993,272.0593123127604,Sad
0.0,90.79205111476823,0.0,Sad
0.0,0.016666667,0.0,Sad
48.41611470225381,216.63742406748213,0.0,Sad
117.1048977684513,185.7617392943069,180.23831813806243,Sad
102.42752022582913,0.016666667,74.85926155420123,Sad
12.88195812141126,0.016666667,50.10787445698713,Sad
17.337003931522688,0.016666667,15.534686194368575,Sad
87.56055237851392,289.5048447713708,36.59414646063502,Sad
0.0,0.016666667,108.66896634976322,Sad
0.0,189.41547745464896,259.1969972774526,Sad
63.047263185058696,21.983184404959445,0.0,Sad
0.0,430.7622257816761,183.23860956571235,Sad
0.0,99.16348774486096,193.5983764562803,Sad
88.48363193222166,203.18406878208177,185.36251651511066,Sad
56.42814884453071,289.67566310468567,0.0,Sad
0.0,228.55401564603943,0.0,Sad
6.857356274984781,6.041157603819414,97.92497895419052,Sad
0.0,202.0295016121416,0.0,Sad
53.51976125950728,220.57833825725038,0.0,Sad
0.0,41.451800820202216,0.0,Sad
0.0,0.016666667,112.08665813343973,Sad
0.0,179.294626600928,52.203572089876324,Sad
90.65726215717804,147.9066484485126,322.9022310103108,Sad
0.0,0.016666667,0.0,Sad
184.33533398284595,149.41350217534128,180.04680171099596,Sad
0.0,0.016666667,0.0,Sad
45.45333778344512,0.016666667,243.77673078528912,Sad
0.0,68.23059593638709,0.0,Sad
0.0,0.016666667,70.53359819334572,Sad
1.3442788258244995,284.11942903389684,102.32117675086796,Sad
36.80083791024019,135.3414342091316,0.0,Sad
14.040814974904528,85.0971788682728,11.491289321819096,Sad
13.497679804676602,35.86122045475915,169.3285989585094,Sad
53.38031156877368,221.7018345497412,201.98517956878658,Sad
79.57115310435526,0.016666667,57.442990263012504,Sad
110.34950349863719,95.30359160326293,78.50490762206141,Sad
22.680983475859257,0.016666667,66.21694576322027,Sad
37.547877335577674,184.72550991870582,145.4743422506849,Sad
0.0,106.78884096134135,47.26894430801709,Sad
66.96402122197502,105.29560061604329,63.6320195223353,Sad
0.0,0.016666667,84.68183309432665,Sad
